location,type,quantile,target_end_date,target,scenario_id,value,forecast_date
GB,quantile,0.01,2021-06-26,1 wk ahead inc case,forecast,52231.9161134128,2021-06-21
GB,quantile,0.025,2021-06-26,1 wk ahead inc case,forecast,55931.425,2021-06-21
GB,quantile,0.05,2021-06-26,1 wk ahead inc case,forecast,59758.8,2021-06-21
GB,quantile,0.1,2021-06-26,1 wk ahead inc case,forecast,65449.6,2021-06-21
GB,quantile,0.15,2021-06-26,1 wk ahead inc case,forecast,68877.9997421938,2021-06-21
GB,quantile,0.2,2021-06-26,1 wk ahead inc case,forecast,70507.1609670641,2021-06-21
GB,quantile,0.25,2021-06-26,1 wk ahead inc case,forecast,72486.2048517823,2021-06-21
GB,quantile,0.3,2021-06-26,1 wk ahead inc case,forecast,73775.9,2021-06-21
GB,quantile,0.35,2021-06-26,1 wk ahead inc case,forecast,75860.2178249509,2021-06-21
GB,quantile,0.4,2021-06-26,1 wk ahead inc case,forecast,76876.526790083,2021-06-21
GB,quantile,0.45,2021-06-26,1 wk ahead inc case,forecast,78061.3711045533,2021-06-21
GB,quantile,0.5,2021-06-26,1 wk ahead inc case,forecast,78553.38,2021-06-21
GB,quantile,0.55,2021-06-26,1 wk ahead inc case,forecast,79472.7060041656,2021-06-21
GB,quantile,0.6,2021-06-26,1 wk ahead inc case,forecast,81219,2021-06-21
GB,quantile,0.65,2021-06-26,1 wk ahead inc case,forecast,84272.95,2021-06-21
GB,quantile,0.7,2021-06-26,1 wk ahead inc case,forecast,87353.1,2021-06-21
GB,quantile,0.75,2021-06-26,1 wk ahead inc case,forecast,91254.25,2021-06-21
GB,quantile,0.8,2021-06-26,1 wk ahead inc case,forecast,93408.4,2021-06-21
GB,quantile,0.85,2021-06-26,1 wk ahead inc case,forecast,97407.8123686482,2021-06-21
GB,quantile,0.9,2021-06-26,1 wk ahead inc case,forecast,100192.667447007,2021-06-21
GB,quantile,0.95,2021-06-26,1 wk ahead inc case,forecast,104467.366868278,2021-06-21
GB,quantile,0.975,2021-06-26,1 wk ahead inc case,forecast,108322.450856761,2021-06-21
GB,quantile,0.99,2021-06-26,1 wk ahead inc case,forecast,112984.041409972,2021-06-21
GB,quantile,0.01,2021-07-03,2 wk ahead inc case,forecast,61297.8134368053,2021-06-21
GB,quantile,0.025,2021-07-03,2 wk ahead inc case,forecast,65165.506138342,2021-06-21
GB,quantile,0.05,2021-07-03,2 wk ahead inc case,forecast,68686.5713192281,2021-06-21
GB,quantile,0.1,2021-07-03,2 wk ahead inc case,forecast,72982.899183989,2021-06-21
GB,quantile,0.15,2021-07-03,2 wk ahead inc case,forecast,76476.5,2021-06-21
GB,quantile,0.2,2021-07-03,2 wk ahead inc case,forecast,80005.8,2021-06-21
GB,quantile,0.25,2021-07-03,2 wk ahead inc case,forecast,83773,2021-06-21
GB,quantile,0.3,2021-07-03,2 wk ahead inc case,forecast,87564.093471951,2021-06-21
GB,quantile,0.35,2021-07-03,2 wk ahead inc case,forecast,90120.5,2021-06-21
GB,quantile,0.4,2021-07-03,2 wk ahead inc case,forecast,93466.2,2021-06-21
GB,quantile,0.45,2021-07-03,2 wk ahead inc case,forecast,96232.3,2021-06-21
GB,quantile,0.5,2021-07-03,2 wk ahead inc case,forecast,99366.24,2021-06-21
GB,quantile,0.55,2021-07-03,2 wk ahead inc case,forecast,101405.30839101,2021-06-21
GB,quantile,0.6,2021-07-03,2 wk ahead inc case,forecast,103623,2021-06-21
GB,quantile,0.65,2021-07-03,2 wk ahead inc case,forecast,107079.544049832,2021-06-21
GB,quantile,0.7,2021-07-03,2 wk ahead inc case,forecast,109443.400791953,2021-06-21
GB,quantile,0.75,2021-07-03,2 wk ahead inc case,forecast,113178.5,2021-06-21
GB,quantile,0.8,2021-07-03,2 wk ahead inc case,forecast,120690.4,2021-06-21
GB,quantile,0.85,2021-07-03,2 wk ahead inc case,forecast,125699.55,2021-06-21
GB,quantile,0.9,2021-07-03,2 wk ahead inc case,forecast,134972.3,2021-06-21
GB,quantile,0.95,2021-07-03,2 wk ahead inc case,forecast,144066.799186584,2021-06-21
GB,quantile,0.975,2021-07-03,2 wk ahead inc case,forecast,150422.378587249,2021-06-21
GB,quantile,0.99,2021-07-03,2 wk ahead inc case,forecast,159780.52,2021-06-21
GB,quantile,0.01,2021-07-10,3 wk ahead inc case,forecast,66309.7627532965,2021-06-21
GB,quantile,0.025,2021-07-10,3 wk ahead inc case,forecast,70908.1508327844,2021-06-21
GB,quantile,0.05,2021-07-10,3 wk ahead inc case,forecast,75117.2769380666,2021-06-21
GB,quantile,0.1,2021-07-10,3 wk ahead inc case,forecast,80281.151067632,2021-06-21
GB,quantile,0.15,2021-07-10,3 wk ahead inc case,forecast,84883,2021-06-21
GB,quantile,0.2,2021-07-10,3 wk ahead inc case,forecast,90298,2021-06-21
GB,quantile,0.25,2021-07-10,3 wk ahead inc case,forecast,94567.75,2021-06-21
GB,quantile,0.3,2021-07-10,3 wk ahead inc case,forecast,98700.2991963521,2021-06-21
GB,quantile,0.35,2021-07-10,3 wk ahead inc case,forecast,103104.4,2021-06-21
GB,quantile,0.4,2021-07-10,3 wk ahead inc case,forecast,106961,2021-06-21
GB,quantile,0.45,2021-07-10,3 wk ahead inc case,forecast,110919.75,2021-06-21
GB,quantile,0.5,2021-07-10,3 wk ahead inc case,forecast,115028,2021-06-21
GB,quantile,0.55,2021-07-10,3 wk ahead inc case,forecast,116814.71987114,2021-06-21
GB,quantile,0.6,2021-07-10,3 wk ahead inc case,forecast,122162.738580578,2021-06-21
GB,quantile,0.65,2021-07-10,3 wk ahead inc case,forecast,129123.55,2021-06-21
GB,quantile,0.7,2021-07-10,3 wk ahead inc case,forecast,134354.9,2021-06-21
GB,quantile,0.75,2021-07-10,3 wk ahead inc case,forecast,138951.551028418,2021-06-21
GB,quantile,0.8,2021-07-10,3 wk ahead inc case,forecast,143626.668380529,2021-06-21
GB,quantile,0.85,2021-07-10,3 wk ahead inc case,forecast,149274.987575427,2021-06-21
GB,quantile,0.9,2021-07-10,3 wk ahead inc case,forecast,156698.497049927,2021-06-21
GB,quantile,0.95,2021-07-10,3 wk ahead inc case,forecast,168385.731130968,2021-06-21
GB,quantile,0.975,2021-07-10,3 wk ahead inc case,forecast,179226.293521765,2021-06-21
GB,quantile,0.99,2021-07-10,3 wk ahead inc case,forecast,195273.84916881,2021-06-21
GB,quantile,0.01,2021-07-17,4 wk ahead inc case,forecast,70680.6904626132,2021-06-21
GB,quantile,0.025,2021-07-17,4 wk ahead inc case,forecast,76054.4243718801,2021-06-21
GB,quantile,0.05,2021-07-17,4 wk ahead inc case,forecast,81001.7910110752,2021-06-21
GB,quantile,0.1,2021-07-17,4 wk ahead inc case,forecast,87106.5148096326,2021-06-21
GB,quantile,0.15,2021-07-17,4 wk ahead inc case,forecast,91483.1967341429,2021-06-21
GB,quantile,0.2,2021-07-17,4 wk ahead inc case,forecast,95467.4,2021-06-21
GB,quantile,0.25,2021-07-17,4 wk ahead inc case,forecast,99027.4294604819,2021-06-21
GB,quantile,0.3,2021-07-17,4 wk ahead inc case,forecast,106744.859433604,2021-06-21
GB,quantile,0.35,2021-07-17,4 wk ahead inc case,forecast,112105,2021-06-21
GB,quantile,0.4,2021-07-17,4 wk ahead inc case,forecast,116704.2,2021-06-21
GB,quantile,0.45,2021-07-17,4 wk ahead inc case,forecast,121451.9,2021-06-21
GB,quantile,0.5,2021-07-17,4 wk ahead inc case,forecast,125508.5,2021-06-21
GB,quantile,0.55,2021-07-17,4 wk ahead inc case,forecast,130515.25,2021-06-21
GB,quantile,0.6,2021-07-17,4 wk ahead inc case,forecast,135997.2,2021-06-21
GB,quantile,0.65,2021-07-17,4 wk ahead inc case,forecast,141230.05,2021-06-21
GB,quantile,0.7,2021-07-17,4 wk ahead inc case,forecast,144512.362020869,2021-06-21
GB,quantile,0.75,2021-07-17,4 wk ahead inc case,forecast,147028.334002548,2021-06-21
GB,quantile,0.8,2021-07-17,4 wk ahead inc case,forecast,155365.969904683,2021-06-21
GB,quantile,0.85,2021-07-17,4 wk ahead inc case,forecast,171261.13690183,2021-06-21
GB,quantile,0.9,2021-07-17,4 wk ahead inc case,forecast,179155.818847971,2021-06-21
GB,quantile,0.95,2021-07-17,4 wk ahead inc case,forecast,200420.833227904,2021-06-21
GB,quantile,0.975,2021-07-17,4 wk ahead inc case,forecast,221859.556275741,2021-06-21
GB,quantile,0.99,2021-07-17,4 wk ahead inc case,forecast,242251.558883434,2021-06-21
GB,quantile,0.01,2021-06-26,1 wk ahead inc death,forecast,74.99,2021-06-21
GB,quantile,0.025,2021-06-26,1 wk ahead inc death,forecast,80.7779410262862,2021-06-21
GB,quantile,0.05,2021-06-26,1 wk ahead inc death,forecast,82.9561399670755,2021-06-21
GB,quantile,0.1,2021-06-26,1 wk ahead inc death,forecast,85.5533730757517,2021-06-21
GB,quantile,0.15,2021-06-26,1 wk ahead inc death,forecast,87.3594784477637,2021-06-21
GB,quantile,0.2,2021-06-26,1 wk ahead inc death,forecast,88.8267305699491,2021-06-21
GB,quantile,0.25,2021-06-26,1 wk ahead inc death,forecast,90.1084640378678,2021-06-21
GB,quantile,0.3,2021-06-26,1 wk ahead inc death,forecast,91.2779151371812,2021-06-21
GB,quantile,0.35,2021-06-26,1 wk ahead inc death,forecast,93.8029636967441,2021-06-21
GB,quantile,0.4,2021-06-26,1 wk ahead inc death,forecast,96.6944635955961,2021-06-21
GB,quantile,0.45,2021-06-26,1 wk ahead inc death,forecast,99.5778512548386,2021-06-21
GB,quantile,0.5,2021-06-26,1 wk ahead inc death,forecast,102.5,2021-06-21
GB,quantile,0.55,2021-06-26,1 wk ahead inc death,forecast,105.50799670187,2021-06-21
GB,quantile,0.6,2021-06-26,1 wk ahead inc death,forecast,107.868275185561,2021-06-21
GB,quantile,0.65,2021-06-26,1 wk ahead inc death,forecast,109.665732716248,2021-06-21
GB,quantile,0.7,2021-06-26,1 wk ahead inc death,forecast,111.592458947264,2021-06-21
GB,quantile,0.75,2021-06-26,1 wk ahead inc death,forecast,113.709754751499,2021-06-21
GB,quantile,0.8,2021-06-26,1 wk ahead inc death,forecast,116.371296523009,2021-06-21
GB,quantile,0.85,2021-06-26,1 wk ahead inc death,forecast,122.15293941724,2021-06-21
GB,quantile,0.9,2021-06-26,1 wk ahead inc death,forecast,130.331570490771,2021-06-21
GB,quantile,0.95,2021-06-26,1 wk ahead inc death,forecast,143.760661242128,2021-06-21
GB,quantile,0.975,2021-06-26,1 wk ahead inc death,forecast,156.828035542285,2021-06-21
GB,quantile,0.99,2021-06-26,1 wk ahead inc death,forecast,173.913041720108,2021-06-21
GB,quantile,0.01,2021-07-03,2 wk ahead inc death,forecast,94.631001901267,2021-06-21
GB,quantile,0.025,2021-07-03,2 wk ahead inc death,forecast,99.1604452562455,2021-06-21
GB,quantile,0.05,2021-07-03,2 wk ahead inc death,forecast,103.258444080966,2021-06-21
GB,quantile,0.1,2021-07-03,2 wk ahead inc death,forecast,108.229166949535,2021-06-21
GB,quantile,0.15,2021-07-03,2 wk ahead inc death,forecast,111.739461871852,2021-06-21
GB,quantile,0.2,2021-07-03,2 wk ahead inc death,forecast,114.623362393514,2021-06-21
GB,quantile,0.25,2021-07-03,2 wk ahead inc death,forecast,117.166114705488,2021-06-21
GB,quantile,0.3,2021-07-03,2 wk ahead inc death,forecast,119.505141363177,2021-06-21
GB,quantile,0.35,2021-07-03,2 wk ahead inc death,forecast,122.484767036275,2021-06-21
GB,quantile,0.4,2021-07-03,2 wk ahead inc death,forecast,126.64476171444,2021-06-21
GB,quantile,0.45,2021-07-03,2 wk ahead inc death,forecast,130.794028843569,2021-06-21
GB,quantile,0.5,2021-07-03,2 wk ahead inc death,forecast,135,2021-06-21
GB,quantile,0.55,2021-07-03,2 wk ahead inc death,forecast,139.330477810623,2021-06-21
GB,quantile,0.6,2021-07-03,2 wk ahead inc death,forecast,143.861377153484,2021-06-21
GB,quantile,0.65,2021-07-03,2 wk ahead inc death,forecast,148.686259408575,2021-06-21
GB,quantile,0.7,2021-07-03,2 wk ahead inc death,forecast,153.930971230685,2021-06-21
GB,quantile,0.75,2021-07-03,2 wk ahead inc death,forecast,159.779991458883,2021-06-21
GB,quantile,0.8,2021-07-03,2 wk ahead inc death,forecast,166.530879294486,2021-06-21
GB,quantile,0.85,2021-07-03,2 wk ahead inc death,forecast,173.210459519531,2021-06-21
GB,quantile,0.9,2021-07-03,2 wk ahead inc death,forecast,180.796482818207,2021-06-21
GB,quantile,0.95,2021-07-03,2 wk ahead inc death,forecast,192.656067415345,2021-06-21
GB,quantile,0.975,2021-07-03,2 wk ahead inc death,forecast,203.571236635556,2021-06-21
GB,quantile,0.99,2021-07-03,2 wk ahead inc death,forecast,224.081109169884,2021-06-21
GB,quantile,0.01,2021-07-10,3 wk ahead inc death,forecast,109.442596383434,2021-06-21
GB,quantile,0.025,2021-07-10,3 wk ahead inc death,forecast,118.209011845409,2021-06-21
GB,quantile,0.05,2021-07-10,3 wk ahead inc death,forecast,124.377160264283,2021-06-21
GB,quantile,0.1,2021-07-10,3 wk ahead inc death,forecast,131.944770663066,2021-06-21
GB,quantile,0.15,2021-07-10,3 wk ahead inc death,forecast,137.34406603583,2021-06-21
GB,quantile,0.2,2021-07-10,3 wk ahead inc death,forecast,141.81315640887,2021-06-21
GB,quantile,0.25,2021-07-10,3 wk ahead inc death,forecast,145.778000303307,2021-06-21
GB,quantile,0.3,2021-07-10,3 wk ahead inc death,forecast,149.729705532773,2021-06-21
GB,quantile,0.35,2021-07-10,3 wk ahead inc death,forecast,155.093376912076,2021-06-21
GB,quantile,0.4,2021-07-10,3 wk ahead inc death,forecast,160.364131256485,2021-06-21
GB,quantile,0.45,2021-07-10,3 wk ahead inc death,forecast,165.637520888445,2021-06-21
GB,quantile,0.5,2021-07-10,3 wk ahead inc death,forecast,171,2021-06-21
GB,quantile,0.55,2021-07-10,3 wk ahead inc death,forecast,176.539591636145,2021-06-21
GB,quantile,0.6,2021-07-10,3 wk ahead inc death,forecast,182.355982930598,2021-06-21
GB,quantile,0.65,2021-07-10,3 wk ahead inc death,forecast,188.573213755041,2021-06-21
GB,quantile,0.7,2021-07-10,3 wk ahead inc death,forecast,195.359410194532,2021-06-21
GB,quantile,0.75,2021-07-10,3 wk ahead inc death,forecast,202.962562852381,2021-06-21
GB,quantile,0.8,2021-07-10,3 wk ahead inc death,forecast,211.784823845411,2021-06-21
GB,quantile,0.85,2021-07-10,3 wk ahead inc death,forecast,222.563291008508,2021-06-21
GB,quantile,0.9,2021-07-10,3 wk ahead inc death,forecast,236.923861783203,2021-06-21
GB,quantile,0.95,2021-07-10,3 wk ahead inc death,forecast,260.132359385399,2021-06-21
GB,quantile,0.975,2021-07-10,3 wk ahead inc death,forecast,285.225805047006,2021-06-21
GB,quantile,0.99,2021-07-10,3 wk ahead inc death,forecast,312.571472978156,2021-06-21
GB,quantile,0.01,2021-07-17,4 wk ahead inc death,forecast,113.186750488155,2021-06-21
GB,quantile,0.025,2021-07-17,4 wk ahead inc death,forecast,128.950771757034,2021-06-21
GB,quantile,0.05,2021-07-17,4 wk ahead inc death,forecast,141.349459302405,2021-06-21
GB,quantile,0.1,2021-07-17,4 wk ahead inc death,forecast,151.065728542075,2021-06-21
GB,quantile,0.15,2021-07-17,4 wk ahead inc death,forecast,158.031437668051,2021-06-21
GB,quantile,0.2,2021-07-17,4 wk ahead inc death,forecast,163.81715686184,2021-06-21
GB,quantile,0.25,2021-07-17,4 wk ahead inc death,forecast,168.964771233204,2021-06-21
GB,quantile,0.3,2021-07-17,4 wk ahead inc death,forecast,175.567605458367,2021-06-21
GB,quantile,0.35,2021-07-17,4 wk ahead inc death,forecast,182.919842708532,2021-06-21
GB,quantile,0.4,2021-07-17,4 wk ahead inc death,forecast,190.191178399373,2021-06-21
GB,quantile,0.45,2021-07-17,4 wk ahead inc death,forecast,197.511178659558,2021-06-21
GB,quantile,0.5,2021-07-17,4 wk ahead inc death,forecast,205,2021-06-21
GB,quantile,0.55,2021-07-17,4 wk ahead inc death,forecast,212.782924667939,2021-06-21
GB,quantile,0.6,2021-07-17,4 wk ahead inc death,forecast,221.004757184891,2021-06-21
GB,quantile,0.65,2021-07-17,4 wk ahead inc death,forecast,229.848580403736,2021-06-21
GB,quantile,0.7,2021-07-17,4 wk ahead inc death,forecast,239.565538346368,2021-06-21
GB,quantile,0.75,2021-07-17,4 wk ahead inc death,forecast,250.529422521081,2021-06-21
GB,quantile,0.8,2021-07-17,4 wk ahead inc death,forecast,263.35074284514,2021-06-21
GB,quantile,0.85,2021-07-17,4 wk ahead inc death,forecast,279.15565752823,2021-06-21
GB,quantile,0.9,2021-07-17,4 wk ahead inc death,forecast,300.444958279045,2021-06-21
GB,quantile,0.95,2021-07-17,4 wk ahead inc death,forecast,337.219363537356,2021-06-21
GB,quantile,0.975,2021-07-17,4 wk ahead inc death,forecast,369.149816093005,2021-06-21
GB,quantile,0.99,2021-07-17,4 wk ahead inc death,forecast,409.565684067709,2021-06-21
PL,quantile,0.01,2021-06-26,1 wk ahead inc case,forecast,749.8248452462,2021-06-21
PL,quantile,0.025,2021-06-26,1 wk ahead inc case,forecast,782.858361608692,2021-06-21
PL,quantile,0.05,2021-06-26,1 wk ahead inc case,forecast,813.051592854818,2021-06-21
PL,quantile,0.1,2021-06-26,1 wk ahead inc case,forecast,847.066579681893,2021-06-21
PL,quantile,0.15,2021-06-26,1 wk ahead inc case,forecast,870.315898551405,2021-06-21
PL,quantile,0.2,2021-06-26,1 wk ahead inc case,forecast,886.7270720905,2021-06-21
PL,quantile,0.25,2021-06-26,1 wk ahead inc case,forecast,903.88521976604,2021-06-21
PL,quantile,0.3,2021-06-26,1 wk ahead inc case,forecast,917.784793453835,2021-06-21
PL,quantile,0.35,2021-06-26,1 wk ahead inc case,forecast,934.211522594165,2021-06-21
PL,quantile,0.4,2021-06-26,1 wk ahead inc case,forecast,947.35491560497,2021-06-21
PL,quantile,0.45,2021-06-26,1 wk ahead inc case,forecast,960.85654207326,2021-06-21
PL,quantile,0.5,2021-06-26,1 wk ahead inc case,forecast,973.335,2021-06-21
PL,quantile,0.55,2021-06-26,1 wk ahead inc case,forecast,985.401703460355,2021-06-21
PL,quantile,0.6,2021-06-26,1 wk ahead inc case,forecast,998.873790454375,2021-06-21
PL,quantile,0.65,2021-06-26,1 wk ahead inc case,forecast,1013.28829279748,2021-06-21
PL,quantile,0.7,2021-06-26,1 wk ahead inc case,forecast,1027.92233207548,2021-06-21
PL,quantile,0.75,2021-06-26,1 wk ahead inc case,forecast,1043.82808817766,2021-06-21
PL,quantile,0.8,2021-06-26,1 wk ahead inc case,forecast,1063.90364026209,2021-06-21
PL,quantile,0.85,2021-06-26,1 wk ahead inc case,forecast,1088.86244999995,2021-06-21
PL,quantile,0.9,2021-06-26,1 wk ahead inc case,forecast,1119.34415191017,2021-06-21
PL,quantile,0.95,2021-06-26,1 wk ahead inc case,forecast,1167.77205043841,2021-06-21
PL,quantile,0.975,2021-06-26,1 wk ahead inc case,forecast,1211.36036467976,2021-06-21
PL,quantile,0.99,2021-06-26,1 wk ahead inc case,forecast,1252.72035708478,2021-06-21
PL,quantile,0.01,2021-07-03,2 wk ahead inc case,forecast,462.030210369549,2021-06-21
PL,quantile,0.025,2021-07-03,2 wk ahead inc case,forecast,493.129929258097,2021-06-21
PL,quantile,0.05,2021-07-03,2 wk ahead inc case,forecast,524.511261980538,2021-06-21
PL,quantile,0.1,2021-07-03,2 wk ahead inc case,forecast,561.04351395802,2021-06-21
PL,quantile,0.15,2021-07-03,2 wk ahead inc case,forecast,588.556510948605,2021-06-21
PL,quantile,0.2,2021-07-03,2 wk ahead inc case,forecast,609.738033444037,2021-06-21
PL,quantile,0.25,2021-07-03,2 wk ahead inc case,forecast,629.230775242794,2021-06-21
PL,quantile,0.3,2021-07-03,2 wk ahead inc case,forecast,648.274613074718,2021-06-21
PL,quantile,0.35,2021-07-03,2 wk ahead inc case,forecast,665.262398968284,2021-06-21
PL,quantile,0.4,2021-07-03,2 wk ahead inc case,forecast,681.462658763445,2021-06-21
PL,quantile,0.45,2021-07-03,2 wk ahead inc case,forecast,696.859080537044,2021-06-21
PL,quantile,0.5,2021-07-03,2 wk ahead inc case,forecast,711.81,2021-06-21
PL,quantile,0.55,2021-07-03,2 wk ahead inc case,forecast,728.771627502193,2021-06-21
PL,quantile,0.6,2021-07-03,2 wk ahead inc case,forecast,746.818845962988,2021-06-21
PL,quantile,0.65,2021-07-03,2 wk ahead inc case,forecast,767.045143031084,2021-06-21
PL,quantile,0.7,2021-07-03,2 wk ahead inc case,forecast,786.97528503432,2021-06-21
PL,quantile,0.75,2021-07-03,2 wk ahead inc case,forecast,808.25760584736,2021-06-21
PL,quantile,0.8,2021-07-03,2 wk ahead inc case,forecast,837.327576012405,2021-06-21
PL,quantile,0.85,2021-07-03,2 wk ahead inc case,forecast,867.992928400255,2021-06-21
PL,quantile,0.9,2021-07-03,2 wk ahead inc case,forecast,906.954011979025,2021-06-21
PL,quantile,0.95,2021-07-03,2 wk ahead inc case,forecast,971.026560453635,2021-06-21
PL,quantile,0.975,2021-07-03,2 wk ahead inc case,forecast,1024.88580457948,2021-06-21
PL,quantile,0.99,2021-07-03,2 wk ahead inc case,forecast,1095.80808043173,2021-06-21
PL,quantile,0.01,2021-07-10,3 wk ahead inc case,forecast,294.524095264954,2021-06-21
PL,quantile,0.025,2021-07-10,3 wk ahead inc case,forecast,323.791416031518,2021-06-21
PL,quantile,0.05,2021-07-10,3 wk ahead inc case,forecast,352.501623358907,2021-06-21
PL,quantile,0.1,2021-07-10,3 wk ahead inc case,forecast,391.012504067635,2021-06-21
PL,quantile,0.15,2021-07-10,3 wk ahead inc case,forecast,418.059627400044,2021-06-21
PL,quantile,0.2,2021-07-10,3 wk ahead inc case,forecast,442.035453531135,2021-06-21
PL,quantile,0.25,2021-07-10,3 wk ahead inc case,forecast,462.91116910185,2021-06-21
PL,quantile,0.3,2021-07-10,3 wk ahead inc case,forecast,481.891647068475,2021-06-21
PL,quantile,0.35,2021-07-10,3 wk ahead inc case,forecast,500.904632858844,2021-06-21
PL,quantile,0.4,2021-07-10,3 wk ahead inc case,forecast,520.053254580273,2021-06-21
PL,quantile,0.45,2021-07-10,3 wk ahead inc case,forecast,538.684058723931,2021-06-21
PL,quantile,0.5,2021-07-10,3 wk ahead inc case,forecast,558.425,2021-06-21
PL,quantile,0.55,2021-07-10,3 wk ahead inc case,forecast,578.713049800581,2021-06-21
PL,quantile,0.6,2021-07-10,3 wk ahead inc case,forecast,600.321384521977,2021-06-21
PL,quantile,0.65,2021-07-10,3 wk ahead inc case,forecast,623.09464506125,2021-06-21
PL,quantile,0.7,2021-07-10,3 wk ahead inc case,forecast,648.004769414687,2021-06-21
PL,quantile,0.75,2021-07-10,3 wk ahead inc case,forecast,676.253155694998,2021-06-21
PL,quantile,0.8,2021-07-10,3 wk ahead inc case,forecast,706.983909601285,2021-06-21
PL,quantile,0.85,2021-07-10,3 wk ahead inc case,forecast,744.80472719818,2021-06-21
PL,quantile,0.9,2021-07-10,3 wk ahead inc case,forecast,796.38899432465,2021-06-21
PL,quantile,0.95,2021-07-10,3 wk ahead inc case,forecast,879.994604706245,2021-06-21
PL,quantile,0.975,2021-07-10,3 wk ahead inc case,forecast,970.542840478225,2021-06-21
PL,quantile,0.99,2021-07-10,3 wk ahead inc case,forecast,1065.02604127692,2021-06-21
PL,quantile,0.01,2021-07-17,4 wk ahead inc case,forecast,211.324393803734,2021-06-21
PL,quantile,0.025,2021-07-17,4 wk ahead inc case,forecast,243.008814201728,2021-06-21
PL,quantile,0.05,2021-07-17,4 wk ahead inc case,forecast,275.788312834539,2021-06-21
PL,quantile,0.1,2021-07-17,4 wk ahead inc case,forecast,316.405384229474,2021-06-21
PL,quantile,0.15,2021-07-17,4 wk ahead inc case,forecast,348.416832554895,2021-06-21
PL,quantile,0.2,2021-07-17,4 wk ahead inc case,forecast,376.142946872464,2021-06-21
PL,quantile,0.25,2021-07-17,4 wk ahead inc case,forecast,400.218846707886,2021-06-21
PL,quantile,0.3,2021-07-17,4 wk ahead inc case,forecast,424.449408692819,2021-06-21
PL,quantile,0.35,2021-07-17,4 wk ahead inc case,forecast,447.339072575515,2021-06-21
PL,quantile,0.4,2021-07-17,4 wk ahead inc case,forecast,470.260915401411,2021-06-21
PL,quantile,0.45,2021-07-17,4 wk ahead inc case,forecast,493.309176591291,2021-06-21
PL,quantile,0.5,2021-07-17,4 wk ahead inc case,forecast,518.47,2021-06-21
PL,quantile,0.55,2021-07-17,4 wk ahead inc case,forecast,543.407725238909,2021-06-21
PL,quantile,0.6,2021-07-17,4 wk ahead inc case,forecast,570.754142979508,2021-06-21
PL,quantile,0.65,2021-07-17,4 wk ahead inc case,forecast,601.037929228464,2021-06-21
PL,quantile,0.7,2021-07-17,4 wk ahead inc case,forecast,632.499066880262,2021-06-21
PL,quantile,0.75,2021-07-17,4 wk ahead inc case,forecast,669.755614935935,2021-06-21
PL,quantile,0.8,2021-07-17,4 wk ahead inc case,forecast,715.15584137366,2021-06-21
PL,quantile,0.85,2021-07-17,4 wk ahead inc case,forecast,769.22146392402,2021-06-21
PL,quantile,0.9,2021-07-17,4 wk ahead inc case,forecast,844.97050620716,2021-06-21
PL,quantile,0.95,2021-07-17,4 wk ahead inc case,forecast,970.58465443386,2021-06-21
PL,quantile,0.975,2021-07-17,4 wk ahead inc case,forecast,1096.85478109089,2021-06-21
PL,quantile,0.99,2021-07-17,4 wk ahead inc case,forecast,1261.91876791057,2021-06-21
PL,quantile,0.01,2021-06-26,1 wk ahead inc death,forecast,104.00303466999,2021-06-21
PL,quantile,0.025,2021-06-26,1 wk ahead inc death,forecast,110.932912171529,2021-06-21
PL,quantile,0.05,2021-06-26,1 wk ahead inc death,forecast,117.037580662479,2021-06-21
PL,quantile,0.1,2021-06-26,1 wk ahead inc death,forecast,124.880268486552,2021-06-21
PL,quantile,0.15,2021-06-26,1 wk ahead inc death,forecast,129.946849951188,2021-06-21
PL,quantile,0.2,2021-06-26,1 wk ahead inc death,forecast,133.965776366056,2021-06-21
PL,quantile,0.25,2021-06-26,1 wk ahead inc death,forecast,138.186235967711,2021-06-21
PL,quantile,0.3,2021-06-26,1 wk ahead inc death,forecast,141.728277163174,2021-06-21
PL,quantile,0.35,2021-06-26,1 wk ahead inc death,forecast,145.162013798537,2021-06-21
PL,quantile,0.4,2021-06-26,1 wk ahead inc death,forecast,149.034621365205,2021-06-21
PL,quantile,0.45,2021-06-26,1 wk ahead inc death,forecast,152.882017915771,2021-06-21
PL,quantile,0.5,2021-06-26,1 wk ahead inc death,forecast,156.235,2021-06-21
PL,quantile,0.55,2021-06-26,1 wk ahead inc death,forecast,159.123240571144,2021-06-21
PL,quantile,0.6,2021-06-26,1 wk ahead inc death,forecast,162.078706800493,2021-06-21
PL,quantile,0.65,2021-06-26,1 wk ahead inc death,forecast,166.139584615187,2021-06-21
PL,quantile,0.7,2021-06-26,1 wk ahead inc death,forecast,170.356046897973,2021-06-21
PL,quantile,0.75,2021-06-26,1 wk ahead inc death,forecast,175.300407149937,2021-06-21
PL,quantile,0.8,2021-06-26,1 wk ahead inc death,forecast,180.087867325232,2021-06-21
PL,quantile,0.85,2021-06-26,1 wk ahead inc death,forecast,185.926432006115,2021-06-21
PL,quantile,0.9,2021-06-26,1 wk ahead inc death,forecast,193.768111072662,2021-06-21
PL,quantile,0.95,2021-06-26,1 wk ahead inc death,forecast,206.529030056942,2021-06-21
PL,quantile,0.975,2021-06-26,1 wk ahead inc death,forecast,217.151206353158,2021-06-21
PL,quantile,0.99,2021-06-26,1 wk ahead inc death,forecast,235.183690382478,2021-06-21
PL,quantile,0.01,2021-07-03,2 wk ahead inc death,forecast,62.990105345508,2021-06-21
PL,quantile,0.025,2021-07-03,2 wk ahead inc death,forecast,68.9158252970227,2021-06-21
PL,quantile,0.05,2021-07-03,2 wk ahead inc death,forecast,74.5662065003565,2021-06-21
PL,quantile,0.1,2021-07-03,2 wk ahead inc death,forecast,81.121328388929,2021-06-21
PL,quantile,0.15,2021-07-03,2 wk ahead inc death,forecast,85.9198568245835,2021-06-21
PL,quantile,0.2,2021-07-03,2 wk ahead inc death,forecast,90.1791474049565,2021-06-21
PL,quantile,0.25,2021-07-03,2 wk ahead inc death,forecast,93.648268904402,2021-06-21
PL,quantile,0.3,2021-07-03,2 wk ahead inc death,forecast,96.94906596271,2021-06-21
PL,quantile,0.35,2021-07-03,2 wk ahead inc death,forecast,100.154129308398,2021-06-21
PL,quantile,0.4,2021-07-03,2 wk ahead inc death,forecast,103.313636557833,2021-06-21
PL,quantile,0.45,2021-07-03,2 wk ahead inc death,forecast,105.967148448429,2021-06-21
PL,quantile,0.5,2021-07-03,2 wk ahead inc death,forecast,109.15,2021-06-21
PL,quantile,0.55,2021-07-03,2 wk ahead inc death,forecast,112.397708307234,2021-06-21
PL,quantile,0.6,2021-07-03,2 wk ahead inc death,forecast,115.750044398717,2021-06-21
PL,quantile,0.65,2021-07-03,2 wk ahead inc death,forecast,119.256048803366,2021-06-21
PL,quantile,0.7,2021-07-03,2 wk ahead inc death,forecast,122.981737761474,2021-06-21
PL,quantile,0.75,2021-07-03,2 wk ahead inc death,forecast,127.523986751489,2021-06-21
PL,quantile,0.8,2021-07-03,2 wk ahead inc death,forecast,132.039256548954,2021-06-21
PL,quantile,0.85,2021-07-03,2 wk ahead inc death,forecast,138.313300062215,2021-06-21
PL,quantile,0.9,2021-07-03,2 wk ahead inc death,forecast,145.97410974201,2021-06-21
PL,quantile,0.95,2021-07-03,2 wk ahead inc death,forecast,158.982034328246,2021-06-21
PL,quantile,0.975,2021-07-03,2 wk ahead inc death,forecast,170.437001544365,2021-06-21
PL,quantile,0.99,2021-07-03,2 wk ahead inc death,forecast,184.085890932207,2021-06-21
PL,quantile,0.01,2021-07-10,3 wk ahead inc death,forecast,39.2883524281694,2021-06-21
PL,quantile,0.025,2021-07-10,3 wk ahead inc death,forecast,44.3338467550867,2021-06-21
PL,quantile,0.05,2021-07-10,3 wk ahead inc death,forecast,49.2304959377271,2021-06-21
PL,quantile,0.1,2021-07-10,3 wk ahead inc death,forecast,54.5917791895657,2021-06-21
PL,quantile,0.15,2021-07-10,3 wk ahead inc death,forecast,59.3312362923131,2021-06-21
PL,quantile,0.2,2021-07-10,3 wk ahead inc death,forecast,62.5915308612948,2021-06-21
PL,quantile,0.25,2021-07-10,3 wk ahead inc death,forecast,66.0993375920106,2021-06-21
PL,quantile,0.3,2021-07-10,3 wk ahead inc death,forecast,69.467500744844,2021-06-21
PL,quantile,0.35,2021-07-10,3 wk ahead inc death,forecast,72.2648460067045,2021-06-21
PL,quantile,0.4,2021-07-10,3 wk ahead inc death,forecast,75.040479770977,2021-06-21
PL,quantile,0.45,2021-07-10,3 wk ahead inc death,forecast,77.834674744467,2021-06-21
PL,quantile,0.5,2021-07-10,3 wk ahead inc death,forecast,80.685,2021-06-21
PL,quantile,0.55,2021-07-10,3 wk ahead inc death,forecast,83.6308393883815,2021-06-21
PL,quantile,0.6,2021-07-10,3 wk ahead inc death,forecast,87.2179138519585,2021-06-21
PL,quantile,0.65,2021-07-10,3 wk ahead inc death,forecast,90.504218477306,2021-06-21
PL,quantile,0.7,2021-07-10,3 wk ahead inc death,forecast,94.56948883238,2021-06-21
PL,quantile,0.75,2021-07-10,3 wk ahead inc death,forecast,99.0325842794095,2021-06-21
PL,quantile,0.8,2021-07-10,3 wk ahead inc death,forecast,104.087848077786,2021-06-21
PL,quantile,0.85,2021-07-10,3 wk ahead inc death,forecast,110.094065965817,2021-06-21
PL,quantile,0.9,2021-07-10,3 wk ahead inc death,forecast,118.848552701366,2021-06-21
PL,quantile,0.95,2021-07-10,3 wk ahead inc death,forecast,131.376544879562,2021-06-21
PL,quantile,0.975,2021-07-10,3 wk ahead inc death,forecast,144.526083764072,2021-06-21
PL,quantile,0.99,2021-07-10,3 wk ahead inc death,forecast,160.832908206989,2021-06-21
PL,quantile,0.01,2021-07-17,4 wk ahead inc death,forecast,24.1720484440357,2021-06-21
PL,quantile,0.025,2021-07-17,4 wk ahead inc death,forecast,27.6191873974117,2021-06-21
PL,quantile,0.05,2021-07-17,4 wk ahead inc death,forecast,31.5233412684829,2021-06-21
PL,quantile,0.1,2021-07-17,4 wk ahead inc death,forecast,36.3590497219603,2021-06-21
PL,quantile,0.15,2021-07-17,4 wk ahead inc death,forecast,40.2804550696756,2021-06-21
PL,quantile,0.2,2021-07-17,4 wk ahead inc death,forecast,43.8154678397134,2021-06-21
PL,quantile,0.25,2021-07-17,4 wk ahead inc death,forecast,46.6533972094191,2021-06-21
PL,quantile,0.3,2021-07-17,4 wk ahead inc death,forecast,49.3903687583044,2021-06-21
PL,quantile,0.35,2021-07-17,4 wk ahead inc death,forecast,52.0866272011769,2021-06-21
PL,quantile,0.4,2021-07-17,4 wk ahead inc death,forecast,54.7867287417883,2021-06-21
PL,quantile,0.45,2021-07-17,4 wk ahead inc death,forecast,57.5287998123379,2021-06-21
PL,quantile,0.5,2021-07-17,4 wk ahead inc death,forecast,60.35,2021-06-21
PL,quantile,0.55,2021-07-17,4 wk ahead inc death,forecast,63.0158562818432,2021-06-21
PL,quantile,0.6,2021-07-17,4 wk ahead inc death,forecast,65.899951244936,2021-06-21
PL,quantile,0.65,2021-07-17,4 wk ahead inc death,forecast,69.2404241152365,2021-06-21
PL,quantile,0.7,2021-07-17,4 wk ahead inc death,forecast,73.400650280678,2021-06-21
PL,quantile,0.75,2021-07-17,4 wk ahead inc death,forecast,77.514158365618,2021-06-21
PL,quantile,0.8,2021-07-17,4 wk ahead inc death,forecast,82.3016850935575,2021-06-21
PL,quantile,0.85,2021-07-17,4 wk ahead inc death,forecast,88.6748683804635,2021-06-21
PL,quantile,0.9,2021-07-17,4 wk ahead inc death,forecast,97.058449489013,2021-06-21
PL,quantile,0.95,2021-07-17,4 wk ahead inc death,forecast,111.424022340766,2021-06-21
PL,quantile,0.975,2021-07-17,4 wk ahead inc death,forecast,125.205216055828,2021-06-21
PL,quantile,0.99,2021-07-17,4 wk ahead inc death,forecast,143.57372981705,2021-06-21
DE,quantile,0.01,2021-06-26,1 wk ahead inc case,forecast,3245.66617719403,2021-06-21
DE,quantile,0.025,2021-06-26,1 wk ahead inc case,forecast,3475.83385970054,2021-06-21
DE,quantile,0.05,2021-06-26,1 wk ahead inc case,forecast,3686.80432678971,2021-06-21
DE,quantile,0.1,2021-06-26,1 wk ahead inc case,forecast,3945.98076175334,2021-06-21
DE,quantile,0.15,2021-06-26,1 wk ahead inc case,forecast,4131.06247241269,2021-06-21
DE,quantile,0.2,2021-06-26,1 wk ahead inc case,forecast,4284.33138750985,2021-06-21
DE,quantile,0.25,2021-06-26,1 wk ahead inc case,forecast,4420.34652208972,2021-06-21
DE,quantile,0.3,2021-06-26,1 wk ahead inc case,forecast,4546.16844905616,2021-06-21
DE,quantile,0.35,2021-06-26,1 wk ahead inc case,forecast,4665.95601918483,2021-06-21
DE,quantile,0.4,2021-06-26,1 wk ahead inc case,forecast,4782.53990700807,2021-06-21
DE,quantile,0.45,2021-06-26,1 wk ahead inc case,forecast,4898.10797551465,2021-06-21
DE,quantile,0.5,2021-06-26,1 wk ahead inc case,forecast,5062.235,2021-06-21
DE,quantile,0.55,2021-06-26,1 wk ahead inc case,forecast,5198.11185344418,2021-06-21
DE,quantile,0.6,2021-06-26,1 wk ahead inc case,forecast,5331.31529624672,2021-06-21
DE,quantile,0.65,2021-06-26,1 wk ahead inc case,forecast,5502.67190845548,2021-06-21
DE,quantile,0.7,2021-06-26,1 wk ahead inc case,forecast,5687.5988951526,2021-06-21
DE,quantile,0.75,2021-06-26,1 wk ahead inc case,forecast,5884.2541403219,2021-06-21
DE,quantile,0.8,2021-06-26,1 wk ahead inc case,forecast,6028.7252168686,2021-06-21
DE,quantile,0.85,2021-06-26,1 wk ahead inc case,forecast,6202.01989533809,2021-06-21
DE,quantile,0.9,2021-06-26,1 wk ahead inc case,forecast,6427.81257627078,2021-06-21
DE,quantile,0.95,2021-06-26,1 wk ahead inc case,forecast,6820.51718942075,2021-06-21
DE,quantile,0.975,2021-06-26,1 wk ahead inc case,forecast,7234.4977636723,2021-06-21
DE,quantile,0.99,2021-06-26,1 wk ahead inc case,forecast,7747.53499345991,2021-06-21
DE,quantile,0.01,2021-07-03,2 wk ahead inc case,forecast,1491.22600039804,2021-06-21
DE,quantile,0.025,2021-07-03,2 wk ahead inc case,forecast,1681.44909203794,2021-06-21
DE,quantile,0.05,2021-07-03,2 wk ahead inc case,forecast,1864.70195259432,2021-06-21
DE,quantile,0.1,2021-07-03,2 wk ahead inc case,forecast,2101.35912581907,2021-06-21
DE,quantile,0.15,2021-07-03,2 wk ahead inc case,forecast,2278.07447221923,2021-06-21
DE,quantile,0.2,2021-07-03,2 wk ahead inc case,forecast,2429.245377796,2021-06-21
DE,quantile,0.25,2021-07-03,2 wk ahead inc case,forecast,2567.04353926622,2021-06-21
DE,quantile,0.3,2021-07-03,2 wk ahead inc case,forecast,2697.55269545653,2021-06-21
DE,quantile,0.35,2021-07-03,2 wk ahead inc case,forecast,2824.50459995859,2021-06-21
DE,quantile,0.4,2021-07-03,2 wk ahead inc case,forecast,2950.58255486384,2021-06-21
DE,quantile,0.45,2021-07-03,2 wk ahead inc case,forecast,3078.00815595607,2021-06-21
DE,quantile,0.5,2021-07-03,2 wk ahead inc case,forecast,3208.875,2021-06-21
DE,quantile,0.55,2021-07-03,2 wk ahead inc case,forecast,3345.39873906575,2021-06-21
DE,quantile,0.6,2021-07-03,2 wk ahead inc case,forecast,3490.17200956807,2021-06-21
DE,quantile,0.65,2021-07-03,2 wk ahead inc case,forecast,3646.5037275818,2021-06-21
DE,quantile,0.7,2021-07-03,2 wk ahead inc case,forecast,3818.96428016277,2021-06-21
DE,quantile,0.75,2021-07-03,2 wk ahead inc case,forecast,3989.18946925661,2021-06-21
DE,quantile,0.8,2021-07-03,2 wk ahead inc case,forecast,4152.54856840765,2021-06-21
DE,quantile,0.85,2021-07-03,2 wk ahead inc case,forecast,4455.53927212929,2021-06-21
DE,quantile,0.9,2021-07-03,2 wk ahead inc case,forecast,4915.75453235251,2021-06-21
DE,quantile,0.95,2021-07-03,2 wk ahead inc case,forecast,5534.37414578286,2021-06-21
DE,quantile,0.975,2021-07-03,2 wk ahead inc case,forecast,6096.04276540357,2021-06-21
DE,quantile,0.99,2021-07-03,2 wk ahead inc case,forecast,6987.87246689785,2021-06-21
DE,quantile,0.01,2021-07-10,3 wk ahead inc case,forecast,769.644619890024,2021-06-21
DE,quantile,0.025,2021-07-10,3 wk ahead inc case,forecast,913.196798661508,2021-06-21
DE,quantile,0.05,2021-07-10,3 wk ahead inc case,forecast,1058.69050406073,2021-06-21
DE,quantile,0.1,2021-07-10,3 wk ahead inc case,forecast,1256.51002067599,2021-06-21
DE,quantile,0.15,2021-07-10,3 wk ahead inc case,forecast,1411.19442718486,2021-06-21
DE,quantile,0.2,2021-07-10,3 wk ahead inc case,forecast,1548.06521238579,2021-06-21
DE,quantile,0.25,2021-07-10,3 wk ahead inc case,forecast,1676.37256555268,2021-06-21
DE,quantile,0.3,2021-07-10,3 wk ahead inc case,forecast,1800.93178962918,2021-06-21
DE,quantile,0.35,2021-07-10,3 wk ahead inc case,forecast,1924.86910804753,2021-06-21
DE,quantile,0.4,2021-07-10,3 wk ahead inc case,forecast,2050.60405134704,2021-06-21
DE,quantile,0.45,2021-07-10,3 wk ahead inc case,forecast,2180.31466558067,2021-06-21
DE,quantile,0.5,2021-07-10,3 wk ahead inc case,forecast,2316.23,2021-06-21
DE,quantile,0.55,2021-07-10,3 wk ahead inc case,forecast,2460.88403427632,2021-06-21
DE,quantile,0.6,2021-07-10,3 wk ahead inc case,forecast,2617.41400472451,2021-06-21
DE,quantile,0.65,2021-07-10,3 wk ahead inc case,forecast,2772.5289899534,2021-06-21
DE,quantile,0.7,2021-07-10,3 wk ahead inc case,forecast,2905.43996058488,2021-06-21
DE,quantile,0.75,2021-07-10,3 wk ahead inc case,forecast,3056.15131403582,2021-06-21
DE,quantile,0.8,2021-07-10,3 wk ahead inc case,forecast,3233.35171442936,2021-06-21
DE,quantile,0.85,2021-07-10,3 wk ahead inc case,forecast,3453.13504261255,2021-06-21
DE,quantile,0.9,2021-07-10,3 wk ahead inc case,forecast,3853.50374507034,2021-06-21
DE,quantile,0.95,2021-07-10,3 wk ahead inc case,forecast,4645.26071915505,2021-06-21
DE,quantile,0.975,2021-07-10,3 wk ahead inc case,forecast,5414.93720475928,2021-06-21
DE,quantile,0.99,2021-07-10,3 wk ahead inc case,forecast,6074.04988808454,2021-06-21
DE,quantile,0.01,2021-07-17,4 wk ahead inc case,forecast,456.352862439526,2021-06-21
DE,quantile,0.025,2021-07-17,4 wk ahead inc case,forecast,571.968375069753,2021-06-21
DE,quantile,0.05,2021-07-17,4 wk ahead inc case,forecast,695.746427899333,2021-06-21
DE,quantile,0.1,2021-07-17,4 wk ahead inc case,forecast,873.728908473542,2021-06-21
DE,quantile,0.15,2021-07-17,4 wk ahead inc case,forecast,1020.05205987796,2021-06-21
DE,quantile,0.2,2021-07-17,4 wk ahead inc case,forecast,1154.38866613642,2021-06-21
DE,quantile,0.25,2021-07-17,4 wk ahead inc case,forecast,1284.24161362496,2021-06-21
DE,quantile,0.3,2021-07-17,4 wk ahead inc case,forecast,1413.7622254141,2021-06-21
DE,quantile,0.35,2021-07-17,4 wk ahead inc case,forecast,1545.87871986327,2021-06-21
DE,quantile,0.4,2021-07-17,4 wk ahead inc case,forecast,1683.08816792862,2021-06-21
DE,quantile,0.45,2021-07-17,4 wk ahead inc case,forecast,1827.86497802227,2021-06-21
DE,quantile,0.5,2021-07-17,4 wk ahead inc case,forecast,1982.959,2021-06-21
DE,quantile,0.55,2021-07-17,4 wk ahead inc case,forecast,2151.70250253153,2021-06-21
DE,quantile,0.6,2021-07-17,4 wk ahead inc case,forecast,2291.19760079058,2021-06-21
DE,quantile,0.65,2021-07-17,4 wk ahead inc case,forecast,2425.08016625234,2021-06-21
DE,quantile,0.7,2021-07-17,4 wk ahead inc case,forecast,2574.73100214534,2021-06-21
DE,quantile,0.75,2021-07-17,4 wk ahead inc case,forecast,2746.70774360227,2021-06-21
DE,quantile,0.8,2021-07-17,4 wk ahead inc case,forecast,2951.89895594201,2021-06-21
DE,quantile,0.85,2021-07-17,4 wk ahead inc case,forecast,3210.6971926411,2021-06-21
DE,quantile,0.9,2021-07-17,4 wk ahead inc case,forecast,3645.77245791027,2021-06-21
DE,quantile,0.95,2021-07-17,4 wk ahead inc case,forecast,4509.54604282791,2021-06-21
DE,quantile,0.975,2021-07-17,4 wk ahead inc case,forecast,5383.73586624249,2021-06-21
DE,quantile,0.99,2021-07-17,4 wk ahead inc case,forecast,6720.30094456298,2021-06-21
DE,quantile,0.01,2021-06-26,1 wk ahead inc death,forecast,396.155669326966,2021-06-21
DE,quantile,0.025,2021-06-26,1 wk ahead inc death,forecast,408.812497302247,2021-06-21
DE,quantile,0.05,2021-06-26,1 wk ahead inc death,forecast,420.02924031341,2021-06-21
DE,quantile,0.1,2021-06-26,1 wk ahead inc death,forecast,433.353631315554,2021-06-21
DE,quantile,0.15,2021-06-26,1 wk ahead inc death,forecast,442.58752461669,2021-06-21
DE,quantile,0.2,2021-06-26,1 wk ahead inc death,forecast,450.069966394835,2021-06-21
DE,quantile,0.25,2021-06-26,1 wk ahead inc death,forecast,456.592484095935,2021-06-21
DE,quantile,0.3,2021-06-26,1 wk ahead inc death,forecast,462.532431240244,2021-06-21
DE,quantile,0.35,2021-06-26,1 wk ahead inc death,forecast,468.107350059665,2021-06-21
DE,quantile,0.4,2021-06-26,1 wk ahead inc death,forecast,473.46106462984,2021-06-21
DE,quantile,0.45,2021-06-26,1 wk ahead inc death,forecast,478.70056219971,2021-06-21
DE,quantile,0.5,2021-06-26,1 wk ahead inc death,forecast,483.915,2021-06-21
DE,quantile,0.55,2021-06-26,1 wk ahead inc death,forecast,489.187645395287,2021-06-21
DE,quantile,0.6,2021-06-26,1 wk ahead inc death,forecast,494.605539715044,2021-06-21
DE,quantile,0.65,2021-06-26,1 wk ahead inc death,forecast,500.269993993723,2021-06-21
DE,quantile,0.7,2021-06-26,1 wk ahead inc death,forecast,506.311434905541,2021-06-21
DE,quantile,0.75,2021-06-26,1 wk ahead inc death,forecast,512.915003743566,2021-06-21
DE,quantile,0.8,2021-06-26,1 wk ahead inc death,forecast,520.372305957098,2021-06-21
DE,quantile,0.85,2021-06-26,1 wk ahead inc death,forecast,529.205056886527,2021-06-21
DE,quantile,0.9,2021-06-26,1 wk ahead inc death,forecast,540.537293815624,2021-06-21
DE,quantile,0.95,2021-06-26,1 wk ahead inc death,forecast,557.792515894357,2021-06-21
DE,quantile,0.975,2021-06-26,1 wk ahead inc death,forecast,573.215463139685,2021-06-21
DE,quantile,0.99,2021-06-26,1 wk ahead inc death,forecast,591.698407349723,2021-06-21
DE,quantile,0.01,2021-07-03,2 wk ahead inc death,forecast,294.98133413377,2021-06-21
DE,quantile,0.025,2021-07-03,2 wk ahead inc death,forecast,311.256617812671,2021-06-21
DE,quantile,0.05,2021-07-03,2 wk ahead inc death,forecast,326.046742225555,2021-06-21
DE,quantile,0.1,2021-07-03,2 wk ahead inc death,forecast,344.065587587735,2021-06-21
DE,quantile,0.15,2021-07-03,2 wk ahead inc death,forecast,356.840292367315,2021-06-21
DE,quantile,0.2,2021-07-03,2 wk ahead inc death,forecast,367.365170986251,2021-06-21
DE,quantile,0.25,2021-07-03,2 wk ahead inc death,forecast,376.666653688874,2021-06-21
DE,quantile,0.3,2021-07-03,2 wk ahead inc death,forecast,385.240374706498,2021-06-21
DE,quantile,0.35,2021-07-03,2 wk ahead inc death,forecast,393.376724679134,2021-06-21
DE,quantile,0.4,2021-07-03,2 wk ahead inc death,forecast,401.271969001401,2021-06-21
DE,quantile,0.45,2021-07-03,2 wk ahead inc death,forecast,409.076443480084,2021-06-21
DE,quantile,0.5,2021-07-03,2 wk ahead inc death,forecast,416.92,2021-06-21
DE,quantile,0.55,2021-07-03,2 wk ahead inc death,forecast,424.928749465912,2021-06-21
DE,quantile,0.6,2021-07-03,2 wk ahead inc death,forecast,433.239580957457,2021-06-21
DE,quantile,0.65,2021-07-03,2 wk ahead inc death,forecast,442.017065044893,2021-06-21
DE,quantile,0.7,2021-07-03,2 wk ahead inc death,forecast,451.478527334045,2021-06-21
DE,quantile,0.75,2021-07-03,2 wk ahead inc death,forecast,461.938406294955,2021-06-21
DE,quantile,0.8,2021-07-03,2 wk ahead inc death,forecast,473.899147226354,2021-06-21
DE,quantile,0.85,2021-07-03,2 wk ahead inc death,forecast,488.270310376882,2021-06-21
DE,quantile,0.9,2021-07-03,2 wk ahead inc death,forecast,507.033646362949,2021-06-21
DE,quantile,0.95,2021-07-03,2 wk ahead inc death,forecast,536.309042910392,2021-06-21
DE,quantile,0.975,2021-07-03,2 wk ahead inc death,forecast,561.333484899911,2021-06-21
DE,quantile,0.99,2021-07-03,2 wk ahead inc death,forecast,584.576764977408,2021-06-21
DE,quantile,0.01,2021-07-10,3 wk ahead inc death,forecast,225.358398140733,2021-06-21
DE,quantile,0.025,2021-07-10,3 wk ahead inc death,forecast,242.770426542073,2021-06-21
DE,quantile,0.05,2021-07-10,3 wk ahead inc death,forecast,258.988934063749,2021-06-21
DE,quantile,0.1,2021-07-10,3 wk ahead inc death,forecast,279.250754341546,2021-06-21
DE,quantile,0.15,2021-07-10,3 wk ahead inc death,forecast,293.946644938406,2021-06-21
DE,quantile,0.2,2021-07-10,3 wk ahead inc death,forecast,306.258746950761,2021-06-21
DE,quantile,0.25,2021-07-10,3 wk ahead inc death,forecast,317.292285626303,2021-06-21
DE,quantile,0.3,2021-07-10,3 wk ahead inc death,forecast,327.588542360939,2021-06-21
DE,quantile,0.35,2021-07-10,3 wk ahead inc death,forecast,337.470694912574,2021-06-21
DE,quantile,0.4,2021-07-10,3 wk ahead inc death,forecast,347.162921411245,2021-06-21
DE,quantile,0.45,2021-07-10,3 wk ahead inc death,forecast,356.842831944432,2021-06-21
DE,quantile,0.5,2021-07-10,3 wk ahead inc death,forecast,366.67,2021-06-21
DE,quantile,0.55,2021-07-10,3 wk ahead inc death,forecast,376.805809150778,2021-06-21
DE,quantile,0.6,2021-07-10,3 wk ahead inc death,forecast,387.431999066672,2021-06-21
DE,quantile,0.65,2021-07-10,3 wk ahead inc death,forecast,398.773741239922,2021-06-21
DE,quantile,0.7,2021-07-10,3 wk ahead inc death,forecast,411.135322728865,2021-06-21
DE,quantile,0.75,2021-07-10,3 wk ahead inc death,forecast,424.964673384133,2021-06-21
DE,quantile,0.8,2021-07-10,3 wk ahead inc death,forecast,440.987206347712,2021-06-21
DE,quantile,0.85,2021-07-10,3 wk ahead inc death,forecast,460.531294795996,2021-06-21
DE,quantile,0.9,2021-07-10,3 wk ahead inc death,forecast,486.524993281401,2021-06-21
DE,quantile,0.95,2021-07-10,3 wk ahead inc death,forecast,528.146580278565,2021-06-21
DE,quantile,0.975,2021-07-10,3 wk ahead inc death,forecast,560.19144046014,2021-06-21
DE,quantile,0.99,2021-07-10,3 wk ahead inc death,forecast,591.585920270393,2021-06-21
DE,quantile,0.01,2021-07-17,4 wk ahead inc death,forecast,178.611649653935,2021-06-21
DE,quantile,0.025,2021-07-17,4 wk ahead inc death,forecast,196.152818722837,2021-06-21
DE,quantile,0.05,2021-07-17,4 wk ahead inc death,forecast,212.88622714455,2021-06-21
DE,quantile,0.1,2021-07-17,4 wk ahead inc death,forecast,234.312186856736,2021-06-21
DE,quantile,0.15,2021-07-17,4 wk ahead inc death,forecast,250.205727551407,2021-06-21
DE,quantile,0.2,2021-07-17,4 wk ahead inc death,forecast,263.744914646211,2021-06-21
DE,quantile,0.25,2021-07-17,4 wk ahead inc death,forecast,276.048424043958,2021-06-21
DE,quantile,0.3,2021-07-17,4 wk ahead inc death,forecast,287.672833158441,2021-06-21
DE,quantile,0.35,2021-07-17,4 wk ahead inc death,forecast,298.957832083472,2021-06-21
DE,quantile,0.4,2021-07-17,4 wk ahead inc death,forecast,310.146266545375,2021-06-21
DE,quantile,0.45,2021-07-17,4 wk ahead inc death,forecast,321.437939519619,2021-06-21
DE,quantile,0.5,2021-07-17,4 wk ahead inc death,forecast,333.02,2021-06-21
DE,quantile,0.55,2021-07-17,4 wk ahead inc death,forecast,345.089487357918,2021-06-21
DE,quantile,0.6,2021-07-17,4 wk ahead inc death,forecast,357.876082268705,2021-06-21
DE,quantile,0.65,2021-07-17,4 wk ahead inc death,forecast,371.672182213355,2021-06-21
DE,quantile,0.7,2021-07-17,4 wk ahead inc death,forecast,386.881076330125,2021-06-21
DE,quantile,0.75,2021-07-17,4 wk ahead inc death,forecast,404.105686160626,2021-06-21
DE,quantile,0.8,2021-07-17,4 wk ahead inc death,forecast,424.334658766028,2021-06-21
DE,quantile,0.85,2021-07-17,4 wk ahead inc death,forecast,449.398865529273,2021-06-21
DE,quantile,0.9,2021-07-17,4 wk ahead inc death,forecast,483.382441223365,2021-06-21
DE,quantile,0.95,2021-07-17,4 wk ahead inc death,forecast,536.657116393828,2021-06-21
DE,quantile,0.975,2021-07-17,4 wk ahead inc death,forecast,569.293167994648,2021-06-21
DE,quantile,0.99,2021-07-17,4 wk ahead inc death,forecast,609.754793305482,2021-06-21
NL,quantile,0.01,2021-06-26,1 wk ahead inc case,forecast,3701.15112674041,2021-06-21
NL,quantile,0.025,2021-06-26,1 wk ahead inc case,forecast,3861.84256404753,2021-06-21
NL,quantile,0.05,2021-06-26,1 wk ahead inc case,forecast,4005.61537042938,2021-06-21
NL,quantile,0.1,2021-06-26,1 wk ahead inc case,forecast,4178.03173307615,2021-06-21
NL,quantile,0.15,2021-06-26,1 wk ahead inc case,forecast,4298.53370971789,2021-06-21
NL,quantile,0.2,2021-06-26,1 wk ahead inc case,forecast,4396.77877796181,2021-06-21
NL,quantile,0.25,2021-06-26,1 wk ahead inc case,forecast,4482.85190112485,2021-06-21
NL,quantile,0.3,2021-06-26,1 wk ahead inc case,forecast,4561.5833106753,2021-06-21
NL,quantile,0.35,2021-06-26,1 wk ahead inc case,forecast,4635.7734924606,2021-06-21
NL,quantile,0.4,2021-06-26,1 wk ahead inc case,forecast,4707.28814125803,2021-06-21
NL,quantile,0.45,2021-06-26,1 wk ahead inc case,forecast,4777.52927001835,2021-06-21
NL,quantile,0.5,2021-06-26,1 wk ahead inc case,forecast,4847.68,2021-06-21
NL,quantile,0.55,2021-06-26,1 wk ahead inc case,forecast,4918.86078644783,2021-06-21
NL,quantile,0.6,2021-06-26,1 wk ahead inc case,forecast,4992.25895615551,2021-06-21
NL,quantile,0.65,2021-06-26,1 wk ahead inc case,forecast,5069.27299632289,2021-06-21
NL,quantile,0.7,2021-06-26,1 wk ahead inc case,forecast,5151.720308912,2021-06-21
NL,quantile,0.75,2021-06-26,1 wk ahead inc case,forecast,5242.19891727927,2021-06-21
NL,quantile,0.8,2021-06-26,1 wk ahead inc case,forecast,5344.82232769823,2021-06-21
NL,quantile,0.85,2021-06-26,1 wk ahead inc case,forecast,5466.98082866547,2021-06-21
NL,quantile,0.9,2021-06-26,1 wk ahead inc case,forecast,5624.65842381185,2021-06-21
NL,quantile,0.95,2021-06-26,1 wk ahead inc case,forecast,5866.76433186368,2021-06-21
NL,quantile,0.975,2021-06-26,1 wk ahead inc case,forecast,6085.1785106874,2021-06-21
NL,quantile,0.99,2021-06-26,1 wk ahead inc case,forecast,6349.3763366254,2021-06-21
NL,quantile,0.01,2021-07-03,2 wk ahead inc case,forecast,2578.74734570437,2021-06-21
NL,quantile,0.025,2021-07-03,2 wk ahead inc case,forecast,2723.4377355138,2021-06-21
NL,quantile,0.05,2021-07-03,2 wk ahead inc case,forecast,2854.35642940115,2021-06-21
NL,quantile,0.1,2021-07-03,2 wk ahead inc case,forecast,3013.1269883484,2021-06-21
NL,quantile,0.15,2021-07-03,2 wk ahead inc case,forecast,3125.20854169708,2021-06-21
NL,quantile,0.2,2021-07-03,2 wk ahead inc case,forecast,3217.25343649273,2021-06-21
NL,quantile,0.25,2021-07-03,2 wk ahead inc case,forecast,3298.37728778945,2021-06-21
NL,quantile,0.3,2021-07-03,2 wk ahead inc case,forecast,3372.97084683644,2021-06-21
NL,quantile,0.35,2021-07-03,2 wk ahead inc case,forecast,3443.59794776324,2021-06-21
NL,quantile,0.4,2021-07-03,2 wk ahead inc case,forecast,3511.98312558058,2021-06-21
NL,quantile,0.45,2021-07-03,2 wk ahead inc case,forecast,3579.43887269859,2021-06-21
NL,quantile,0.5,2021-07-03,2 wk ahead inc case,forecast,3647.09,2021-06-21
NL,quantile,0.55,2021-07-03,2 wk ahead inc case,forecast,3716.0197285537,2021-06-21
NL,quantile,0.6,2021-07-03,2 wk ahead inc case,forecast,3787.39446986981,2021-06-21
NL,quantile,0.65,2021-07-03,2 wk ahead inc case,forecast,3862.60697963875,2021-06-21
NL,quantile,0.7,2021-07-03,2 wk ahead inc case,forecast,3943.48663895967,2021-06-21
NL,quantile,0.75,2021-07-03,2 wk ahead inc case,forecast,4032.66949397847,2021-06-21
NL,quantile,0.8,2021-07-03,2 wk ahead inc case,forecast,4134.35426541973,2021-06-21
NL,quantile,0.85,2021-07-03,2 wk ahead inc case,forecast,4256.1209246142,2021-06-21
NL,quantile,0.9,2021-07-03,2 wk ahead inc case,forecast,4414.43905933446,2021-06-21
NL,quantile,0.95,2021-07-03,2 wk ahead inc case,forecast,4659.98756535484,2021-06-21
NL,quantile,0.975,2021-07-03,2 wk ahead inc case,forecast,4883.99837259015,2021-06-21
NL,quantile,0.99,2021-07-03,2 wk ahead inc case,forecast,5158.03360505906,2021-06-21
NL,quantile,0.01,2021-07-10,3 wk ahead inc case,forecast,1899.15080314372,2021-06-21
NL,quantile,0.025,2021-07-10,3 wk ahead inc case,forecast,2030.85135599922,2021-06-21
NL,quantile,0.05,2021-07-10,3 wk ahead inc case,forecast,2151.40321580787,2021-06-21
NL,quantile,0.1,2021-07-10,3 wk ahead inc case,forecast,2299.29962341505,2021-06-21
NL,quantile,0.15,2021-07-10,3 wk ahead inc case,forecast,2404.78665629263,2021-06-21
NL,quantile,0.2,2021-07-10,3 wk ahead inc case,forecast,2492.0653282101,2021-06-21
NL,quantile,0.25,2021-07-10,3 wk ahead inc case,forecast,2569.46287038173,2021-06-21
NL,quantile,0.3,2021-07-10,3 wk ahead inc case,forecast,2641.0147219191,2021-06-21
NL,quantile,0.35,2021-07-10,3 wk ahead inc case,forecast,2709.09561053929,2021-06-21
NL,quantile,0.4,2021-07-10,3 wk ahead inc case,forecast,2775.31979395683,2021-06-21
NL,quantile,0.45,2021-07-10,3 wk ahead inc case,forecast,2840.93287407544,2021-06-21
NL,quantile,0.5,2021-07-10,3 wk ahead inc case,forecast,2907.02,2021-06-21
NL,quantile,0.55,2021-07-10,3 wk ahead inc case,forecast,2974.64447594533,2021-06-21
NL,quantile,0.6,2021-07-10,3 wk ahead inc case,forecast,3044.96991618813,2021-06-21
NL,quantile,0.65,2021-07-10,3 wk ahead inc case,forecast,3119.40458931154,2021-06-21
NL,quantile,0.7,2021-07-10,3 wk ahead inc case,forecast,3199.8175588583,2021-06-21
NL,quantile,0.75,2021-07-10,3 wk ahead inc case,forecast,3288.92290206339,2021-06-21
NL,quantile,0.8,2021-07-10,3 wk ahead inc case,forecast,3391.06891971795,2021-06-21
NL,quantile,0.85,2021-07-10,3 wk ahead inc case,forecast,3514.14345147283,2021-06-21
NL,quantile,0.9,2021-07-10,3 wk ahead inc case,forecast,3675.36496520121,2021-06-21
NL,quantile,0.95,2021-07-10,3 wk ahead inc case,forecast,3928.02484364916,2021-06-21
NL,quantile,0.975,2021-07-10,3 wk ahead inc case,forecast,4161.19341055468,2021-06-21
NL,quantile,0.99,2021-07-10,3 wk ahead inc case,forecast,4449.76000137071,2021-06-21
NL,quantile,0.01,2021-07-17,4 wk ahead inc case,forecast,1636.2869319355,2021-06-21
NL,quantile,0.025,2021-07-17,4 wk ahead inc case,forecast,1771.04280629979,2021-06-21
NL,quantile,0.05,2021-07-17,4 wk ahead inc case,forecast,1895.78379743505,2021-06-21
NL,quantile,0.1,2021-07-17,4 wk ahead inc case,forecast,2050.54500047158,2021-06-21
NL,quantile,0.15,2021-07-17,4 wk ahead inc case,forecast,2162.03765915951,2021-06-21
NL,quantile,0.2,2021-07-17,4 wk ahead inc case,forecast,2254.95623190587,2021-06-21
NL,quantile,0.25,2021-07-17,4 wk ahead inc case,forecast,2337.84827052718,2021-06-21
NL,quantile,0.3,2021-07-17,4 wk ahead inc case,forecast,2414.88155201906,2021-06-21
NL,quantile,0.35,2021-07-17,4 wk ahead inc case,forecast,2488.52839345709,2021-06-21
NL,quantile,0.4,2021-07-17,4 wk ahead inc case,forecast,2560.4877702256,2021-06-21
NL,quantile,0.45,2021-07-17,4 wk ahead inc case,forecast,2632.08918809412,2021-06-21
NL,quantile,0.5,2021-07-17,4 wk ahead inc case,forecast,2704.51,2021-06-21
NL,quantile,0.55,2021-07-17,4 wk ahead inc case,forecast,2778.92343967125,2021-06-21
NL,quantile,0.6,2021-07-17,4 wk ahead inc case,forecast,2856.63318729913,2021-06-21
NL,quantile,0.65,2021-07-17,4 wk ahead inc case,forecast,2939.23684348194,2021-06-21
NL,quantile,0.7,2021-07-17,4 wk ahead inc case,forecast,3028.87499139844,2021-06-21
NL,quantile,0.75,2021-07-17,4 wk ahead inc case,forecast,3128.67795241931,2021-06-21
NL,quantile,0.8,2021-07-17,4 wk ahead inc case,forecast,3243.68794241207,2021-06-21
NL,quantile,0.85,2021-07-17,4 wk ahead inc case,forecast,3383.09293971478,2021-06-21
NL,quantile,0.9,2021-07-17,4 wk ahead inc case,forecast,3567.0391717411,2021-06-21
NL,quantile,0.95,2021-07-17,4 wk ahead inc case,forecast,3858.23233113195,2021-06-21
NL,quantile,0.975,2021-07-17,4 wk ahead inc case,forecast,4129.98167750774,2021-06-21
NL,quantile,0.99,2021-07-17,4 wk ahead inc case,forecast,4470.10496591092,2021-06-21
NL,quantile,0.01,2021-06-26,1 wk ahead inc death,forecast,7.07912348098171,2021-06-21
NL,quantile,0.025,2021-06-26,1 wk ahead inc death,forecast,7.67335972185565,2021-06-21
NL,quantile,0.05,2021-06-26,1 wk ahead inc death,forecast,8.22418194622878,2021-06-21
NL,quantile,0.1,2021-06-26,1 wk ahead inc death,forecast,8.90849473193845,2021-06-21
NL,quantile,0.15,2021-06-26,1 wk ahead inc death,forecast,9.40208322610796,2021-06-21
NL,quantile,0.2,2021-06-26,1 wk ahead inc death,forecast,9.81380392957889,2021-06-21
NL,quantile,0.25,2021-06-26,1 wk ahead inc death,forecast,10.1813629289938,2021-06-21
NL,quantile,0.3,2021-06-26,1 wk ahead inc death,forecast,10.5231597367201,2021-06-21
NL,quantile,0.35,2021-06-26,1 wk ahead inc death,forecast,10.8501198672647,2021-06-21
NL,quantile,0.4,2021-06-26,1 wk ahead inc death,forecast,11.1697615726203,2021-06-21
NL,quantile,0.45,2021-06-26,1 wk ahead inc death,forecast,11.4879784209069,2021-06-21
NL,quantile,0.5,2021-06-26,1 wk ahead inc death,forecast,11.81,2021-06-21
NL,quantile,0.55,2021-06-26,1 wk ahead inc death,forecast,12.1410482236081,2021-06-21
NL,quantile,0.6,2021-06-26,1 wk ahead inc death,forecast,12.4869361886728,2021-06-21
NL,quantile,0.65,2021-06-26,1 wk ahead inc death,forecast,12.8547980765453,2021-06-21
NL,quantile,0.7,2021-06-26,1 wk ahead inc death,forecast,13.2542034417005,2021-06-21
NL,quantile,0.75,2021-06-26,1 wk ahead inc death,forecast,13.6991580570033,2021-06-21
NL,quantile,0.8,2021-06-26,1 wk ahead inc death,forecast,14.2122362542437,2021-06-21
NL,quantile,0.85,2021-06-26,1 wk ahead inc death,forecast,14.8345953386904,2021-06-21
NL,quantile,0.9,2021-06-26,1 wk ahead inc death,forecast,15.6565283133586,2021-06-21
NL,quantile,0.95,2021-06-26,1 wk ahead inc death,forecast,16.9592673060884,2021-06-21
NL,quantile,0.975,2021-06-26,1 wk ahead inc death,forecast,18.1766664219764,2021-06-21
NL,quantile,0.99,2021-06-26,1 wk ahead inc death,forecast,19.7024533298094,2021-06-21
NL,quantile,0.01,2021-07-03,2 wk ahead inc death,forecast,3.4057811806505,2021-06-21
NL,quantile,0.025,2021-07-03,2 wk ahead inc death,forecast,3.82943464321342,2021-06-21
NL,quantile,0.05,2021-07-03,2 wk ahead inc death,forecast,4.23571647811479,2021-06-21
NL,quantile,0.1,2021-07-03,2 wk ahead inc death,forecast,4.75791312807045,2021-06-21
NL,quantile,0.15,2021-07-03,2 wk ahead inc death,forecast,5.14614026187395,2021-06-21
NL,quantile,0.2,2021-07-03,2 wk ahead inc death,forecast,5.47716077458252,2021-06-21
NL,quantile,0.25,2021-07-03,2 wk ahead inc death,forecast,5.77806547958341,2021-06-21
NL,quantile,0.3,2021-07-03,2 wk ahead inc death,forecast,6.06234985968989,2021-06-21
NL,quantile,0.35,2021-07-03,2 wk ahead inc death,forecast,6.33825253688851,2021-06-21
NL,quantile,0.4,2021-07-03,2 wk ahead inc death,forecast,6.61165884050685,2021-06-21
NL,quantile,0.45,2021-07-03,2 wk ahead inc death,forecast,6.88740253663358,2021-06-21
NL,quantile,0.5,2021-07-03,2 wk ahead inc death,forecast,7.17,2021-06-21
NL,quantile,0.55,2021-07-03,2 wk ahead inc death,forecast,7.4641927383451,2021-06-21
NL,quantile,0.6,2021-07-03,2 wk ahead inc death,forecast,7.77549193631095,2021-06-21
NL,quantile,0.65,2021-07-03,2 wk ahead inc death,forecast,8.11089487217512,2021-06-21
NL,quantile,0.7,2021-07-03,2 wk ahead inc death,forecast,8.4800285681021,2021-06-21
NL,quantile,0.75,2021-07-03,2 wk ahead inc death,forecast,8.89725119620945,2021-06-21
NL,quantile,0.8,2021-07-03,2 wk ahead inc death,forecast,9.38604910751748,2021-06-21
NL,quantile,0.85,2021-07-03,2 wk ahead inc death,forecast,9.98979767047384,2021-06-21
NL,quantile,0.9,2021-07-03,2 wk ahead inc death,forecast,10.8049261548516,2021-06-21
NL,quantile,0.95,2021-07-03,2 wk ahead inc death,forecast,12.1370021496058,2021-06-21
NL,quantile,0.975,2021-07-03,2 wk ahead inc death,forecast,13.4246709474746,2021-06-21
NL,quantile,0.99,2021-07-03,2 wk ahead inc death,forecast,15.0945986465816,2021-06-21
NL,quantile,0.01,2021-07-10,3 wk ahead inc death,forecast,1.9987574813166,2021-06-21
NL,quantile,0.025,2021-07-10,3 wk ahead inc death,forecast,2.33125549554844,2021-06-21
NL,quantile,0.05,2021-07-10,3 wk ahead inc death,forecast,2.66113656586107,2021-06-21
NL,quantile,0.1,2021-07-10,3 wk ahead inc death,forecast,3.0998080112708,2021-06-21
NL,quantile,0.15,2021-07-10,3 wk ahead inc death,forecast,3.43593749129132,2021-06-21
NL,quantile,0.2,2021-07-10,3 wk ahead inc death,forecast,3.72889117428993,2021-06-21
NL,quantile,0.25,2021-07-10,3 wk ahead inc death,forecast,4.0000471164839,2021-06-21
NL,quantile,0.3,2021-07-10,3 wk ahead inc death,forecast,4.26031720985543,2021-06-21
NL,quantile,0.35,2021-07-10,3 wk ahead inc death,forecast,4.5165897968387,2021-06-21
NL,quantile,0.4,2021-07-10,3 wk ahead inc death,forecast,4.77400727567785,2021-06-21
NL,quantile,0.45,2021-07-10,3 wk ahead inc death,forecast,5.03701713998919,2021-06-21
NL,quantile,0.5,2021-07-10,3 wk ahead inc death,forecast,5.31,2021-06-21
NL,quantile,0.55,2021-07-10,3 wk ahead inc death,forecast,5.59777725911421,2021-06-21
NL,quantile,0.6,2021-07-10,3 wk ahead inc death,forecast,5.90617030343685,2021-06-21
NL,quantile,0.65,2021-07-10,3 wk ahead inc death,forecast,6.24278521368829,2021-06-21
NL,quantile,0.7,2021-07-10,3 wk ahead inc death,forecast,6.61831000160591,2021-06-21
NL,quantile,0.75,2021-07-10,3 wk ahead inc death,forecast,7.04894196965979,2021-06-21
NL,quantile,0.8,2021-07-10,3 wk ahead inc death,forecast,7.56152397109557,2021-06-21
NL,quantile,0.85,2021-07-10,3 wk ahead inc death,forecast,8.20623194440106,2021-06-21
NL,quantile,0.9,2021-07-10,3 wk ahead inc death,forecast,9.09607946604432,2021-06-21
NL,quantile,0.95,2021-07-10,3 wk ahead inc death,forecast,10.5955103401003,2021-06-21
NL,quantile,0.975,2021-07-10,3 wk ahead inc death,forecast,12.0948133114713,2021-06-21
NL,quantile,0.99,2021-07-10,3 wk ahead inc death,forecast,14.1068139899729,2021-06-21
NL,quantile,0.01,2021-07-17,4 wk ahead inc death,forecast,1.32737485921203,2021-06-21
NL,quantile,0.025,2021-07-17,4 wk ahead inc death,forecast,1.60596179161507,2021-06-21
NL,quantile,0.05,2021-07-17,4 wk ahead inc death,forecast,1.89189734198291,2021-06-21
NL,quantile,0.1,2021-07-17,4 wk ahead inc death,forecast,2.28529994364051,2021-06-21
NL,quantile,0.15,2021-07-17,4 wk ahead inc death,forecast,2.59596608296116,2021-06-21
NL,quantile,0.2,2021-07-17,4 wk ahead inc death,forecast,2.87272499444211,2021-06-21
NL,quantile,0.25,2021-07-17,4 wk ahead inc death,forecast,3.13355902126167,2021-06-21
NL,quantile,0.3,2021-07-17,4 wk ahead inc death,forecast,3.38791886779063,2021-06-21
NL,quantile,0.35,2021-07-17,4 wk ahead inc death,forecast,3.64201628830161,2021-06-21
NL,quantile,0.4,2021-07-17,4 wk ahead inc death,forecast,3.90072956093638,2021-06-21
NL,quantile,0.45,2021-07-17,4 wk ahead inc death,forecast,4.16851641118745,2021-06-21
NL,quantile,0.5,2021-07-17,4 wk ahead inc death,forecast,4.45,2021-06-21
NL,quantile,0.55,2021-07-17,4 wk ahead inc death,forecast,4.7504910732399,2021-06-21
NL,quantile,0.6,2021-07-17,4 wk ahead inc death,forecast,5.07661443600473,2021-06-21
NL,quantile,0.65,2021-07-17,4 wk ahead inc death,forecast,5.43723543016733,2021-06-21
NL,quantile,0.7,2021-07-17,4 wk ahead inc death,forecast,5.84503371325236,2021-06-21
NL,quantile,0.75,2021-07-17,4 wk ahead inc death,forecast,6.31949162777439,2021-06-21
NL,quantile,0.8,2021-07-17,4 wk ahead inc death,forecast,6.8932807833371,2021-06-21
NL,quantile,0.85,2021-07-17,4 wk ahead inc death,forecast,7.62818132716578,2021-06-21
NL,quantile,0.9,2021-07-17,4 wk ahead inc death,forecast,8.66516452472945,2021-06-21
NL,quantile,0.95,2021-07-17,4 wk ahead inc death,forecast,10.4670055613297,2021-06-21
NL,quantile,0.975,2021-07-17,4 wk ahead inc death,forecast,12.3306171438146,2021-06-21
NL,quantile,0.99,2021-07-17,4 wk ahead inc death,forecast,14.9185438179501,2021-06-21
GB,point,,2021-06-26,1 wk ahead inc case,forecast,78553.38,2021-06-21
GB,point,,2021-07-03,2 wk ahead inc case,forecast,99366.24,2021-06-21
GB,point,,2021-07-10,3 wk ahead inc case,forecast,115028,2021-06-21
GB,point,,2021-07-17,4 wk ahead inc case,forecast,125508.5,2021-06-21
GB,point,,2021-06-26,1 wk ahead inc death,forecast,102.5,2021-06-21
GB,point,,2021-07-03,2 wk ahead inc death,forecast,135,2021-06-21
GB,point,,2021-07-10,3 wk ahead inc death,forecast,171,2021-06-21
GB,point,,2021-07-17,4 wk ahead inc death,forecast,205,2021-06-21
PL,point,,2021-06-26,1 wk ahead inc case,forecast,973.335,2021-06-21
PL,point,,2021-07-03,2 wk ahead inc case,forecast,711.81,2021-06-21
PL,point,,2021-07-10,3 wk ahead inc case,forecast,558.425,2021-06-21
PL,point,,2021-07-17,4 wk ahead inc case,forecast,518.47,2021-06-21
PL,point,,2021-06-26,1 wk ahead inc death,forecast,156.235,2021-06-21
PL,point,,2021-07-03,2 wk ahead inc death,forecast,109.15,2021-06-21
PL,point,,2021-07-10,3 wk ahead inc death,forecast,80.685,2021-06-21
PL,point,,2021-07-17,4 wk ahead inc death,forecast,60.35,2021-06-21
DE,point,,2021-06-26,1 wk ahead inc case,forecast,5062.235,2021-06-21
DE,point,,2021-07-03,2 wk ahead inc case,forecast,3208.875,2021-06-21
DE,point,,2021-07-10,3 wk ahead inc case,forecast,2316.23,2021-06-21
DE,point,,2021-07-17,4 wk ahead inc case,forecast,1982.959,2021-06-21
DE,point,,2021-06-26,1 wk ahead inc death,forecast,483.915,2021-06-21
DE,point,,2021-07-03,2 wk ahead inc death,forecast,416.92,2021-06-21
DE,point,,2021-07-10,3 wk ahead inc death,forecast,366.67,2021-06-21
DE,point,,2021-07-17,4 wk ahead inc death,forecast,333.02,2021-06-21
NL,point,,2021-06-26,1 wk ahead inc case,forecast,4847.68,2021-06-21
NL,point,,2021-07-03,2 wk ahead inc case,forecast,3647.09,2021-06-21
NL,point,,2021-07-10,3 wk ahead inc case,forecast,2907.02,2021-06-21
NL,point,,2021-07-17,4 wk ahead inc case,forecast,2704.51,2021-06-21
NL,point,,2021-06-26,1 wk ahead inc death,forecast,11.81,2021-06-21
NL,point,,2021-07-03,2 wk ahead inc death,forecast,7.17,2021-06-21
NL,point,,2021-07-10,3 wk ahead inc death,forecast,5.31,2021-06-21
NL,point,,2021-07-17,4 wk ahead inc death,forecast,4.45,2021-06-21
