region,date,primary,secondary,mean,sd,median,lower_90,lower_50,lower_20,upper_20,upper_50,upper_90
Austria,2022-12-31,4261,21,,,,,,,,,
Austria,2023-01-01,2869,0,,,,,,,,,
Austria,2023-01-02,1443,1,,,,,,,,,
Austria,2023-01-03,3086,4,,,,,,,,,
Austria,2023-01-04,3776,18,,,,,,,,,
Austria,2023-01-05,3318,7,,,,,,,,,
Austria,2023-01-06,2989,9,,,,,,,,,
Austria,2023-01-07,1641,2,,,,,,,,,
Austria,2023-01-08,2072,3,,,,,,,,,
Austria,2023-01-09,1854,3,,,,,,,,,
Austria,2023-01-10,3019,27,,,,,,,,,
Austria,2023-01-11,3164,19,,,,,,,,,
Austria,2023-01-12,2306,10,,,,,,,,,
Austria,2023-01-13,2167,12,,,,,,,,,
Austria,2023-01-14,1784,6,,,,,,,,,
Austria,2023-01-15,1474,0,,,,,,,,,
Austria,2023-01-16,1015,1,,,,,,,,,
Austria,2023-01-17,1827,11,,,,,,,,,
Austria,2023-01-18,2643,13,,,,,,,,,
Austria,2023-01-19,2195,6,,,,,,,,,
Austria,2023-01-20,2101,14,,,,,,,,,
Austria,2023-01-21,2226,4,,,,,,,,,
Austria,2023-01-22,1555,13,,,,,,,,,
Austria,2023-01-23,1265,0,,,,,,,,,
Austria,2023-01-24,2633,14,,,,,,,,,
Austria,2023-01-25,3383,6,,,,,,,,,
Austria,2023-01-26,3202,3,,,,,,,,,
Austria,2023-01-27,3155,9,,,,,,,,,
Austria,2023-01-28,3025,3,,,,,,,,,
Austria,2023-01-29,2398,0,,,,,,,,,
Austria,2023-01-30,2069,1,,,,,,,,,
Austria,2023-01-31,3482,27,,,,,,,,,
Austria,2023-02-01,5361,7,,,,,,,,,
Austria,2023-02-02,4401,13,,,,,,,,,
Austria,2023-02-03,4171,27,,,,,,,,,
Austria,2023-02-04,4075,19,,,,,,,,,
Austria,2023-02-05,2841,0,,,,,,,,,
Austria,2023-02-06,2292,0,,,,,,,,,
Austria,2023-02-07,3806,10,,,,,,,,,
Austria,2023-02-08,5536,3,,,,,,,,,
Austria,2023-02-09,0,5,,,,,,,,,
Austria,2023-02-10,0,0,,,,,,,,,
Austria,2023-02-11,8831,8,,,,,,,,,
Austria,2023-02-12,7777,7,,,,,,,,,
Austria,2023-02-13,2816,1,,,,,,,,,
Austria,2023-02-14,5218,6,,,,,,,,,
Austria,2023-02-15,6277,1,,,,,,,,,
Austria,2023-02-16,5718,3,,,,,,,,,
Austria,2023-02-17,5329,8,,,,,,,,,
Austria,2023-02-18,4579,13,,,,,,,,,
Austria,2023-02-19,4241,0,,,,,,,,,
Austria,2023-02-20,2939,0,,,,,,,,,
Austria,2023-02-21,4814,5,,,,,,,,,
Austria,2023-02-22,7479,23,,,,,,,,,
Austria,2023-02-23,5978,5,,,,,,,,,
Austria,2023-02-24,6345,5,,,,,,,,,
Austria,2023-02-25,6011,14,,,,,,,,,
Austria,2023-02-26,4703,,6.4,11.5,3,0,1,2,4,7,23
Austria,2023-02-27,3259.5,,1.5,3.3,0,0,0,0,1,2,6
Austria,2023-02-28,5930.5,,12.6,15.5,7,0,3,5,10,16,43
Austria,2023-03-01,7917.5,,14.5,20.1,9,0,3,7,12,18,49
Austria,2023-03-02,5824,,8.9,11.4,5,0,2,4,7,12,29
Austria,2023-03-03,6269,,8.8,12.6,5,0,2,3,7,11,28
Austria,2023-03-04,6654.5,,22.9,28,15,1,5.8,11,19,28,75
Austria,2023-03-05,6161.5,,6.7,9.9,4,0,1,3,5,8,23
Austria,2023-03-06,3782.5,,2,3.8,1,0,0,0,1,2,8
Austria,2023-03-07,6741.5,,15,19.2,9,0,3,6,12,19,51
Austria,2023-03-08,8476.5,,18.4,26.7,11,1,4,8,15,24,56
Austria,2023-03-09,7351.5,,10.5,14.3,6,0,2,4,8,13.2,35
Austria,2023-03-10,7064.5,,12.1,17.4,6,0,2,4,9,14,48
Austria,2023-03-11,7651,,30.4,42.1,18,1,7,13,24,36,109
Austria,2023-03-12,6413,,9.1,16.2,4,0,1,3,6,11,32
Austria,2023-03-13,4211.5,,2.7,6.1,1,0,0,0,1,3,10
Austria,2023-03-14,7010.5,,21.6,34.4,12,0,4,8,15,25,71.1
Austria,2023-03-15,10304,,26.2,47.3,13,0,5,9,17.4,31,95
Austria,2023-03-16,7808.5,,15.3,29.8,7,0,3,5,10,17,53
Austria,2023-03-17,7189.5,,15.9,28.4,7,0,3,5,10,18,59
Austria,2023-03-18,8724,,40.5,61.4,21,1,8,15,29,48,149.1
Austria,2023-03-19,7819,,12.3,25,5,0,2,3,7,12,47.3
Austria,2023-03-20,5095,,3.5,8.3,1,0,0,1,2,4,15
Austria,2023-03-21,8400,,30.4,69.1,14,1,5,10,19,32.2,107.1
Austria,2023-03-22,10868.5,,34.5,80.5,12,0,5,9,20,36,123
Austria,2023-03-23,8830.5,,21.4,45.3,8,0,3,6,12,21,84
Austria,2023-03-24,8402.5,,19.4,43.7,8.5,0,3,5,12,20,71
Austria,2023-03-25,9538.5,,55.9,137,23,1,8,16,30,56,202.2
Austria,2023-03-26,8149.5,,17.3,34,6,0,2,4,9,17,76
Austria,2023-03-27,5279,,4.8,13.9,1,0,0,1,2,4,20
Austria,2023-03-28,8794.5,,34.5,71.6,15,0,5,10,21,39,116
Austria,2023-03-29,11455.5,,41.7,81.8,15.5,0,5,11,23.4,45.2,160.1
Bulgaria,2022-12-31,71,2,,,,,,,,,
Bulgaria,2023-01-01,46,0,,,,,,,,,
Bulgaria,2023-01-02,74,0,,,,,,,,,
Bulgaria,2023-01-03,301,5,,,,,,,,,
Bulgaria,2023-01-04,253,3,,,,,,,,,
Bulgaria,2023-01-05,0,0,,,,,,,,,
Bulgaria,2023-01-06,364,6,,,,,,,,,
Bulgaria,2023-01-07,74,0,,,,,,,,,
Bulgaria,2023-01-08,45,0,,,,,,,,,
Bulgaria,2023-01-09,230,5,,,,,,,,,
Bulgaria,2023-01-10,193,3,,,,,,,,,
Bulgaria,2023-01-11,128,5,,,,,,,,,
Bulgaria,2023-01-12,137,1,,,,,,,,,
Bulgaria,2023-01-13,121,2,,,,,,,,,
Bulgaria,2023-01-14,46,0,,,,,,,,,
Bulgaria,2023-01-15,36,1,,,,,,,,,
Bulgaria,2023-01-16,166,7,,,,,,,,,
Bulgaria,2023-01-17,157,4,,,,,,,,,
Bulgaria,2023-01-18,129,4,,,,,,,,,
Bulgaria,2023-01-19,93,3,,,,,,,,,
Bulgaria,2023-01-20,121,3,,,,,,,,,
Bulgaria,2023-01-21,30,0,,,,,,,,,
Bulgaria,2023-01-22,23,3,,,,,,,,,
Bulgaria,2023-01-23,116,4,,,,,,,,,
Bulgaria,2023-01-24,95,2,,,,,,,,,
Bulgaria,2023-01-25,53,1,,,,,,,,,
Bulgaria,2023-01-26,47,2,,,,,,,,,
Bulgaria,2023-01-27,60,2,,,,,,,,,
Bulgaria,2023-01-28,13,0,,,,,,,,,
Bulgaria,2023-01-29,20,0,,,,,,,,,
Bulgaria,2023-01-30,91,5,,,,,,,,,
Bulgaria,2023-01-31,60,0,,,,,,,,,
Bulgaria,2023-02-01,60,3,,,,,,,,,
Bulgaria,2023-02-02,38,1,,,,,,,,,
Bulgaria,2023-02-03,39,1,,,,,,,,,
Bulgaria,2023-02-04,22,0,,,,,,,,,
Bulgaria,2023-02-05,12,0,,,,,,,,,
Bulgaria,2023-02-06,57,3,,,,,,,,,
Bulgaria,2023-02-07,47,3,,,,,,,,,
Bulgaria,2023-02-08,47,1,,,,,,,,,
Bulgaria,2023-02-09,41,2,,,,,,,,,
Bulgaria,2023-02-10,0,0,,,,,,,,,
Bulgaria,2023-02-11,40,1,,,,,,,,,
Bulgaria,2023-02-12,41,0,,,,,,,,,
Bulgaria,2023-02-13,88,1,,,,,,,,,
Bulgaria,2023-02-14,51,3,,,,,,,,,
Bulgaria,2023-02-15,62,2,,,,,,,,,
Bulgaria,2023-02-16,48,1,,,,,,,,,
Bulgaria,2023-02-17,45,1,,,,,,,,,
Bulgaria,2023-02-18,25,2,,,,,,,,,
Bulgaria,2023-02-19,11,0,,,,,,,,,
Bulgaria,2023-02-20,99,2,,,,,,,,,
Bulgaria,2023-02-21,81,1,,,,,,,,,
Bulgaria,2023-02-22,70,1,,,,,,,,,
Bulgaria,2023-02-23,83,2,,,,,,,,,
Bulgaria,2023-02-24,81,0,,,,,,,,,
Bulgaria,2023-02-25,28,1,,,,,,,,,
Bulgaria,2023-02-26,17.5,,0.4,0.9,0,0,0,0,0,0,2
Bulgaria,2023-02-27,65,,1.9,2.1,1,0,0,1,2,3,6
Bulgaria,2023-02-28,60.5,,2.4,2.6,2,0,1,1,2,3,7
Bulgaria,2023-03-01,58,,1.6,2.1,1,0,0,1,1,2,5
Bulgaria,2023-03-02,52,,2.1,2.6,1,0,0,1,2,3,7
Bulgaria,2023-03-03,52,,0.8,1.5,0,0,0,0,1,1,3
Bulgaria,2023-03-04,28,,1.3,1.6,1,0,0,1,1,2,4
Bulgaria,2023-03-05,19,,0.4,0.8,0,0,0,0,0,1,2
Bulgaria,2023-03-06,73,,2.5,2.8,2,0,1,1,2,3,8
Bulgaria,2023-03-07,62,,2.9,3.1,2,0,1,2,3,4,9
Bulgaria,2023-03-08,61,,1.9,2.5,1,0,0,1,2,3,6
Bulgaria,2023-03-09,53,,2.5,3.5,2,0,0,1,2,3,8
Bulgaria,2023-03-10,58,,1,1.8,0,0,0,0,1,1,4
Bulgaria,2023-03-11,32,,1.7,2.6,1,0,0,1,1,2,6
Bulgaria,2023-03-12,20,,0.5,1.7,0,0,0,0,0,1,2
Bulgaria,2023-03-13,67,,3.1,4.6,2,0,1,1,2,4,11
Bulgaria,2023-03-14,57,,3.5,4.7,2,0,1,2,3,5,12
Bulgaria,2023-03-15,66,,2.5,5.2,1,0,0,1,2,3,9
Bulgaria,2023-03-16,54,,3.4,7.9,2,0,0,1,2,4,11
Bulgaria,2023-03-17,58,,1.5,4.6,0,0,0,0,1,1,6
Bulgaria,2023-03-18,30,,2.4,5,1,0,0,1,2,3,9
Bulgaria,2023-03-19,21,,0.7,2.1,0,0,0,0,0,1,3
Bulgaria,2023-03-20,79,,4.5,9.3,2,0,0,1,3,4,19
Bulgaria,2023-03-21,65.5,,6,21.3,2,0,1,2,3,6,20
Bulgaria,2023-03-22,70,,4.6,23.5,1,0,0,1,2,4,15
Bulgaria,2023-03-23,55,,5.9,17.1,2,0,0,1,3,5,22
Bulgaria,2023-03-24,60,,2.5,10.6,0,0,0,0,1,2,10
Bulgaria,2023-03-25,33,,5,27.4,1,0,0,1,1,3,15
Bulgaria,2023-03-26,21,,1.3,6.8,0,0,0,0,0,1,4
Bulgaria,2023-03-27,84,,7.8,21.7,2,0,1,1,3,6,34
Bulgaria,2023-03-28,69,,10.3,37.1,2,0,1,1,3,7,46
Bulgaria,2023-03-29,70,,10,91,1,0,0,1,2,5,32
Croatia,2022-12-31,384,13,,,,,,,,,
Croatia,2023-01-01,221,11,,,,,,,,,
Croatia,2023-01-02,44,16,,,,,,,,,
Croatia,2023-01-03,219,15,,,,,,,,,
Croatia,2023-01-04,385,8,,,,,,,,,
Croatia,2023-01-05,305,6,,,,,,,,,
Croatia,2023-01-06,212,8,,,,,,,,,
Croatia,2023-01-07,46,9,,,,,,,,,
Croatia,2023-01-08,161,13,,,,,,,,,
Croatia,2023-01-09,36,24,,,,,,,,,
Croatia,2023-01-10,189,13,,,,,,,,,
Croatia,2023-01-11,247,10,,,,,,,,,
Croatia,2023-01-12,182,13,,,,,,,,,
Croatia,2023-01-13,111,10,,,,,,,,,
Croatia,2023-01-14,146,7,,,,,,,,,
Croatia,2023-01-15,78,6,,,,,,,,,
Croatia,2023-01-16,20,10,,,,,,,,,
Croatia,2023-01-17,116,7,,,,,,,,,
Croatia,2023-01-18,130,8,,,,,,,,,
Croatia,2023-01-19,98,11,,,,,,,,,
Croatia,2023-01-20,102,6,,,,,,,,,
Croatia,2023-01-21,72,2,,,,,,,,,
Croatia,2023-01-22,46,6,,,,,,,,,
Croatia,2023-01-23,14,13,,,,,,,,,
Croatia,2023-01-24,77,10,,,,,,,,,
Croatia,2023-01-25,109,5,,,,,,,,,
Croatia,2023-01-26,77,4,,,,,,,,,
Croatia,2023-01-27,60,8,,,,,,,,,
Croatia,2023-01-28,63,3,,,,,,,,,
Croatia,2023-01-29,44,5,,,,,,,,,
Croatia,2023-01-30,13,8,,,,,,,,,
Croatia,2023-01-31,56,6,,,,,,,,,
Croatia,2023-02-01,88,6,,,,,,,,,
Croatia,2023-02-02,68,3,,,,,,,,,
Croatia,2023-02-03,62,2,,,,,,,,,
Croatia,2023-02-04,52,3,,,,,,,,,
Croatia,2023-02-05,44,4,,,,,,,,,
Croatia,2023-02-06,10,4,,,,,,,,,
Croatia,2023-02-07,58,3,,,,,,,,,
Croatia,2023-02-08,56,4,,,,,,,,,
Croatia,2023-02-09,49,5,,,,,,,,,
Croatia,2023-02-10,64,5,,,,,,,,,
Croatia,2023-02-11,54,5,,,,,,,,,
Croatia,2023-02-12,39,2,,,,,,,,,
Croatia,2023-02-13,8,5,,,,,,,,,
Croatia,2023-02-14,55,4,,,,,,,,,
Croatia,2023-02-15,86,1,,,,,,,,,
Croatia,2023-02-16,79,4,,,,,,,,,
Croatia,2023-02-17,49,3,,,,,,,,,
Croatia,2023-02-18,60,2,,,,,,,,,
Croatia,2023-02-19,34,3,,,,,,,,,
Croatia,2023-02-20,9,5,,,,,,,,,
Croatia,2023-02-21,62,0,,,,,,,,,
Croatia,2023-02-22,0,0,,,,,,,,,
Croatia,2023-02-23,0,0,,,,,,,,,
Croatia,2023-02-24,0,0,,,,,,,,,
Croatia,2023-02-25,0,0,,,,,,,,,
Croatia,2023-02-26,6,,2.7,3.2,2,0,1,1,3,4,9
Croatia,2023-02-27,1,,3.6,3.9,3,0,1,2,3,5,11
Croatia,2023-02-28,7,,2,2.5,1,0,0,1,2,3,7
Croatia,2023-03-01,7,,1.5,2.3,1,0,0,0,1,2,5
Croatia,2023-03-02,5,,2.1,2.8,1,0,0,1,2,3,7
Croatia,2023-03-03,3,,1.9,2.5,1,0,0,1,2,3,6
Croatia,2023-03-04,2,,1.4,1.9,1,0,0,1,1,2,5
Croatia,2023-03-05,1,,1.4,1.9,1,0,0,1,1,2,5
Croatia,2023-03-06,0,,1.7,2.2,1,0,0,1,1,2,5
Croatia,2023-03-07,1,,1,1.5,1,0,0,0,1,1,4
Croatia,2023-03-08,1,,0.7,1.1,0,0,0,0,1,1,3
Croatia,2023-03-09,1,,1,1.6,0,0,0,0,1,1,4
Croatia,2023-03-10,0,,0.8,1.1,0,0,0,0,1,1,3
Croatia,2023-03-11,0,,0.6,1.1,0,0,0,0,0,1,3
Croatia,2023-03-12,0,,0.5,1,0,0,0,0,0,1,2
Croatia,2023-03-13,0,,0.7,1.2,0,0,0,0,1,1,3
Croatia,2023-03-14,0,,0.4,0.8,0,0,0,0,0,1,2
Croatia,2023-03-15,0,,0.3,0.6,0,0,0,0,0,0,1
Croatia,2023-03-16,0,,0.4,0.8,0,0,0,0,0,1,2
Croatia,2023-03-17,0,,0.3,0.7,0,0,0,0,0,0,2
Croatia,2023-03-18,0,,0.2,0.5,0,0,0,0,0,0,1
Croatia,2023-03-19,0,,0.2,0.5,0,0,0,0,0,0,1
Croatia,2023-03-20,0,,0.2,0.7,0,0,0,0,0,0,1
Croatia,2023-03-21,0,,0.1,0.5,0,0,0,0,0,0,1
Croatia,2023-03-22,0,,0.1,0.3,0,0,0,0,0,0,1
Croatia,2023-03-23,0,,0.1,0.4,0,0,0,0,0,0,1
Croatia,2023-03-24,0,,0.1,0.4,0,0,0,0,0,0,1
Croatia,2023-03-25,0,,0.1,0.3,0,0,0,0,0,0,1
Croatia,2023-03-26,0,,0.1,0.4,0,0,0,0,0,0,1
Croatia,2023-03-27,0,,0.1,0.3,0,0,0,0,0,0,1
Croatia,2023-03-28,0,,0.1,0.3,0,0,0,0,0,0,0
Croatia,2023-03-29,0,,0,0.2,0,0,0,0,0,0,0
Cyprus,2022-12-31,0,0,,,,,,,,,
Cyprus,2023-01-01,0,0,,,,,,,,,
Cyprus,2023-01-02,0,0,,,,,,,,,
Cyprus,2023-01-03,0,0,,,,,,,,,
Cyprus,2023-01-04,0,0,,,,,,,,,
Cyprus,2023-01-05,0,0,,,,,,,,,
Cyprus,2023-01-06,3598,4,,,,,,,,,
Cyprus,2023-01-07,0,0,,,,,,,,,
Cyprus,2023-01-08,0,0,,,,,,,,,
Cyprus,2023-01-09,0,0,,,,,,,,,
Cyprus,2023-01-10,0,0,,,,,,,,,
Cyprus,2023-01-11,0,0,,,,,,,,,
Cyprus,2023-01-12,0,0,,,,,,,,,
Cyprus,2023-01-13,3353,8,,,,,,,,,
Cyprus,2023-01-14,0,0,,,,,,,,,
Cyprus,2023-01-15,0,0,,,,,,,,,
Cyprus,2023-01-16,0,0,,,,,,,,,
Cyprus,2023-01-17,0,0,,,,,,,,,
Cyprus,2023-01-18,0,0,,,,,,,,,
Cyprus,2023-01-19,0,0,,,,,,,,,
Cyprus,2023-01-20,2667,10,,,,,,,,,
Cyprus,2023-01-21,0,0,,,,,,,,,
Cyprus,2023-01-22,0,0,,,,,,,,,
Cyprus,2023-01-23,0,0,,,,,,,,,
Cyprus,2023-01-24,0,0,,,,,,,,,
Cyprus,2023-01-25,0,0,,,,,,,,,
Cyprus,2023-01-26,0,0,,,,,,,,,
Cyprus,2023-01-27,1934,7,,,,,,,,,
Cyprus,2023-01-28,0,0,,,,,,,,,
Cyprus,2023-01-29,0,0,,,,,,,,,
Cyprus,2023-01-30,0,0,,,,,,,,,
Cyprus,2023-01-31,0,0,,,,,,,,,
Cyprus,2023-02-01,0,0,,,,,,,,,
Cyprus,2023-02-02,0,0,,,,,,,,,
Cyprus,2023-02-03,1497,4,,,,,,,,,
Cyprus,2023-02-04,0,0,,,,,,,,,
Cyprus,2023-02-05,0,0,,,,,,,,,
Cyprus,2023-02-06,0,0,,,,,,,,,
Cyprus,2023-02-07,0,0,,,,,,,,,
Cyprus,2023-02-08,0,0,,,,,,,,,
Cyprus,2023-02-09,0,0,,,,,,,,,
Cyprus,2023-02-10,1355,2,,,,,,,,,
Cyprus,2023-02-11,0,0,,,,,,,,,
Cyprus,2023-02-12,0,0,,,,,,,,,
Cyprus,2023-02-13,0,0,,,,,,,,,
Cyprus,2023-02-14,0,0,,,,,,,,,
Cyprus,2023-02-15,0,0,,,,,,,,,
Cyprus,2023-02-16,0,0,,,,,,,,,
Cyprus,2023-02-17,1516,4,,,,,,,,,
Cyprus,2023-02-18,0,0,,,,,,,,,
Cyprus,2023-02-19,0,0,,,,,,,,,
Cyprus,2023-02-20,0,0,,,,,,,,,
Cyprus,2023-02-21,0,0,,,,,,,,,
Cyprus,2023-02-22,0,0,,,,,,,,,
Cyprus,2023-02-23,0,0,,,,,,,,,
Cyprus,2023-02-24,2062,8,,,,,,,,,
Cyprus,2023-02-25,0,0,,,,,,,,,
Cyprus,2023-02-26,0,,0.2,0.6,0,0,0,0,0,0,1
Cyprus,2023-02-27,0,,0.3,0.8,0,0,0,0,0,0,1
Cyprus,2023-02-28,0,,0.3,0.8,0,0,0,0,0,0,2
Cyprus,2023-03-01,0,,0.3,0.9,0,0,0,0,0,0,2
Cyprus,2023-03-02,0,,0.3,0.9,0,0,0,0,0,0,2
Cyprus,2023-03-03,2061.5,,2.7,3.5,2,0,0,1,2,4,9
Cyprus,2023-03-04,0,,0.2,0.6,0,0,0,0,0,0,2
Cyprus,2023-03-05,0,,0.3,0.8,0,0,0,0,0,0,2
Cyprus,2023-03-06,0,,0.3,0.8,0,0,0,0,0,0,2
Cyprus,2023-03-07,0,,0.4,1.2,0,0,0,0,0,0,2
Cyprus,2023-03-08,0,,0.4,1.6,0,0,0,0,0,0,2
Cyprus,2023-03-09,0,,0.5,1.3,0,0,0,0,0,1,2
Cyprus,2023-03-10,2202,,3.4,4.9,2,0,0,1,3,5,12
Cyprus,2023-03-11,0,,0.3,0.9,0,0,0,0,0,0,2
Cyprus,2023-03-12,0,,0.3,0.9,0,0,0,0,0,0,2
Cyprus,2023-03-13,0,,0.4,1.3,0,0,0,0,0,0,2
Cyprus,2023-03-14,0,,0.5,1.4,0,0,0,0,0,0,3
Cyprus,2023-03-15,0,,0.7,3.6,0,0,0,0,0,1,3
Cyprus,2023-03-16,0,,0.6,2,0,0,0,0,0,0,3
Cyprus,2023-03-17,2421.5,,5.1,10,2,0,1,1,3,5,19
Cyprus,2023-03-18,0,,0.5,1.8,0,0,0,0,0,0,2
Cyprus,2023-03-19,0,,0.6,2,0,0,0,0,0,1,3
Cyprus,2023-03-20,0,,0.7,3.6,0,0,0,0,0,0,3
Cyprus,2023-03-21,0,,0.8,3.7,0,0,0,0,0,1,4
Cyprus,2023-03-22,0,,1.7,17.4,0,0,0,0,0,1,4
Cyprus,2023-03-23,0,,1.3,8.7,0,0,0,0,0,1,5
Cyprus,2023-03-24,2499.5,,9.8,34.1,3,0,1,2,4,7,35.1
Cyprus,2023-03-25,0,,0.9,4.7,0,0,0,0,0,0.2,3
Cyprus,2023-03-26,0,,1,4.2,0,0,0,0,0,1,4
Cyprus,2023-03-27,0,,1.3,6.1,0,0,0,0,0,1,6
Cyprus,2023-03-28,0,,1.5,8.8,0,0,0,0,0,1,6
Cyprus,2023-03-29,0,,2.1,12.2,0,0,0,0,0,1,5
Czechia,2022-12-31,455,15,,,,,,,,,
Czechia,2023-01-01,105,3,,,,,,,,,
Czechia,2023-01-02,97,6,,,,,,,,,
Czechia,2023-01-03,877,18,,,,,,,,,
Czechia,2023-01-04,642,10,,,,,,,,,
Czechia,2023-01-05,496,10,,,,,,,,,
Czechia,2023-01-06,393,8,,,,,,,,,
Czechia,2023-01-07,375,10,,,,,,,,,
Czechia,2023-01-08,75,4,,,,,,,,,
Czechia,2023-01-09,43,5,,,,,,,,,
Czechia,2023-01-10,668,15,,,,,,,,,
Czechia,2023-01-11,382,9,,,,,,,,,
Czechia,2023-01-12,300,6,,,,,,,,,
Czechia,2023-01-13,283,7,,,,,,,,,
Czechia,2023-01-14,274,11,,,,,,,,,
Czechia,2023-01-15,35,1,,,,,,,,,
Czechia,2023-01-16,29,4,,,,,,,,,
Czechia,2023-01-17,447,6,,,,,,,,,
Czechia,2023-01-18,365,2,,,,,,,,,
Czechia,2023-01-19,325,3,,,,,,,,,
Czechia,2023-01-20,270,6,,,,,,,,,
Czechia,2023-01-21,375,5,,,,,,,,,
Czechia,2023-01-22,50,0,,,,,,,,,
Czechia,2023-01-23,46,3,,,,,,,,,
Czechia,2023-01-24,513,4,,,,,,,,,
Czechia,2023-01-25,385,6,,,,,,,,,
Czechia,2023-01-26,361,3,,,,,,,,,
Czechia,2023-01-27,314,5,,,,,,,,,
Czechia,2023-01-28,327,1,,,,,,,,,
Czechia,2023-01-29,45,1,,,,,,,,,
Czechia,2023-01-30,48,1,,,,,,,,,
Czechia,2023-01-31,663,3,,,,,,,,,
Czechia,2023-02-01,536,5,,,,,,,,,
Czechia,2023-02-02,510,7,,,,,,,,,
Czechia,2023-02-03,440,4,,,,,,,,,
Czechia,2023-02-04,440,2,,,,,,,,,
Czechia,2023-02-05,91,1,,,,,,,,,
Czechia,2023-02-06,50,1,,,,,,,,,
Czechia,2023-02-07,1006,2,,,,,,,,,
Czechia,2023-02-08,721,5,,,,,,,,,
Czechia,2023-02-09,646,4,,,,,,,,,
Czechia,2023-02-10,574,6,,,,,,,,,
Czechia,2023-02-11,694,2,,,,,,,,,
Czechia,2023-02-12,135,2,,,,,,,,,
Czechia,2023-02-13,100,0,,,,,,,,,
Czechia,2023-02-14,1404,10,,,,,,,,,
Czechia,2023-02-15,1157,3,,,,,,,,,
Czechia,2023-02-16,1055,7,,,,,,,,,
Czechia,2023-02-17,889,1,,,,,,,,,
Czechia,2023-02-18,1008,4,,,,,,,,,
Czechia,2023-02-19,131,2,,,,,,,,,
Czechia,2023-02-20,107,5,,,,,,,,,
Czechia,2023-02-21,1817,11,,,,,,,,,
Czechia,2023-02-22,1433,6,,,,,,,,,
Czechia,2023-02-23,1217,7,,,,,,,,,
Czechia,2023-02-24,1180,8,,,,,,,,,
Czechia,2023-02-25,1059,10,,,,,,,,,
Czechia,2023-02-26,204,,4.1,4.4,3,0,1,2,4,5,12
Czechia,2023-02-27,171,,4.7,4.8,4,0,2,3,4,6,13
Czechia,2023-02-28,2086,,14.4,11.1,12,2,7,10,14,18,35
Czechia,2023-03-01,1720.5,,9.9,7.8,8,1,5,7,10,13,25
Czechia,2023-03-02,1493,,11.7,9.5,10,2,5,8,12,16,29
Czechia,2023-03-03,1382.5,,10.5,11.9,8,1,4,6,10,14,27
Czechia,2023-03-04,1360.5,,9.3,7.4,8,1,4,6,9,12,23
Czechia,2023-03-05,250,,5.5,5.8,4,0,2,3,5,7,17
Czechia,2023-03-06,210.5,,5.5,5.5,4,0,2,3,5,7,16
Czechia,2023-03-07,2512,,18.7,14.8,15,3,9,12,18,24,48
Czechia,2023-03-08,2124,,12.2,9.9,10,2,6,8,12,16,32
Czechia,2023-03-09,1861,,16.1,17.3,13,2,7,10,15,21,41
Czechia,2023-03-10,1663,,13.1,11.8,11,2,6,8,13,17,33
Czechia,2023-03-11,1707.5,,11.9,9.6,10,2,5,8,12,16,29
Czechia,2023-03-12,302,,6.9,6.7,5,0,3,4,6,9,20
Czechia,2023-03-13,254,,7.5,7.9,5,0,3,4,7,10,22
Czechia,2023-03-14,3045.5,,24.7,20.6,20,4,11,16,24,31,65
Czechia,2023-03-15,2576.5,,15.6,13,12,2,7,10,15,20,40
Czechia,2023-03-16,2269,,21,20.6,16,3,9,13,19,26,53
Czechia,2023-03-17,2008.5,,17.4,16.4,13,2,7,11,17,23,46
Czechia,2023-03-18,2065.5,,14.8,13.2,11,2,6,9,13,20,38
Czechia,2023-03-19,364,,9.6,12.1,6.5,0,3,5,8,12,27
Czechia,2023-03-20,308.5,,9.7,10.4,7,1,4,5,9,12,28
Czechia,2023-03-21,3763.5,,31.7,35.5,23,4,12,18,28,39,85
Czechia,2023-03-22,3055.5,,20.6,21.1,15,2,8,12,18,26,57
Czechia,2023-03-23,2723.5,,28.3,34,19,3,9,15,24,34,82
Czechia,2023-03-24,2296,,25.1,32.7,16,2,8,12,20,29,82.1
Czechia,2023-03-25,2438,,20.2,19.8,14,2,7,11,18,26,60
Czechia,2023-03-26,447,,12.5,15.7,8,0,3,5.6,11,16.2,38
Czechia,2023-03-27,360,,13.3,20,8,0,4,6,10,16,39
Czechia,2023-03-28,4405.5,,42.6,55.4,28,3,12,20,36.4,55,126
Czechia,2023-03-29,3753,,28.7,34.4,18,3,9,14,23,35.2,92
Denmark,2022-12-31,0,0,,,,,,,,,
Denmark,2023-01-01,0,0,,,,,,,,,
Denmark,2023-01-02,0,0,,,,,,,,,
Denmark,2023-01-03,5761,90,,,,,,,,,
Denmark,2023-01-04,860,16,,,,,,,,,
Denmark,2023-01-05,870,12,,,,,,,,,
Denmark,2023-01-06,563,13,,,,,,,,,
Denmark,2023-01-07,0,0,,,,,,,,,
Denmark,2023-01-08,0,0,,,,,,,,,
Denmark,2023-01-09,1218,42,,,,,,,,,
Denmark,2023-01-10,494,10,,,,,,,,,
Denmark,2023-01-11,381,19,,,,,,,,,
Denmark,2023-01-12,360,11,,,,,,,,,
Denmark,2023-01-13,315,11,,,,,,,,,
Denmark,2023-01-14,0,0,,,,,,,,,
Denmark,2023-01-15,0,0,,,,,,,,,
Denmark,2023-01-16,0,0,,,,,,,,,
Denmark,2023-01-17,837,50,,,,,,,,,
Denmark,2023-01-18,205,7,,,,,,,,,
Denmark,2023-01-19,227,14,,,,,,,,,
Denmark,2023-01-20,179,19,,,,,,,,,
Denmark,2023-01-21,0,0,,,,,,,,,
Denmark,2023-01-22,0,0,,,,,,,,,
Denmark,2023-01-23,383,20,,,,,,,,,
Denmark,2023-01-24,186,11,,,,,,,,,
Denmark,2023-01-25,153,5,,,,,,,,,
Denmark,2023-01-26,186,6,,,,,,,,,
Denmark,2023-01-27,178,6,,,,,,,,,
Denmark,2023-01-28,0,0,,,,,,,,,
Denmark,2023-01-29,0,0,,,,,,,,,
Denmark,2023-01-30,384,18,,,,,,,,,
Denmark,2023-01-31,204,7,,,,,,,,,
Denmark,2023-02-01,167,5,,,,,,,,,
Denmark,2023-02-02,0,0,,,,,,,,,
Denmark,2023-02-03,333,15,,,,,,,,,
Denmark,2023-02-04,0,0,,,,,,,,,
Denmark,2023-02-05,0,0,,,,,,,,,
Denmark,2023-02-06,315,15,,,,,,,,,
Denmark,2023-02-07,160,6,,,,,,,,,
Denmark,2023-02-08,169,2,,,,,,,,,
Denmark,2023-02-09,167,1,,,,,,,,,
Denmark,2023-02-10,136,2,,,,,,,,,
Denmark,2023-02-11,0,0,,,,,,,,,
Denmark,2023-02-12,0,0,,,,,,,,,
Denmark,2023-02-13,343,15,,,,,,,,,
Denmark,2023-02-14,155,3,,,,,,,,,
Denmark,2023-02-15,149,5,,,,,,,,,
Denmark,2023-02-16,127,7,,,,,,,,,
Denmark,2023-02-17,117,7,,,,,,,,,
Denmark,2023-02-18,0,0,,,,,,,,,
Denmark,2023-02-19,0,0,,,,,,,,,
Denmark,2023-02-20,308,9,,,,,,,,,
Denmark,2023-02-21,164,0,,,,,,,,,
Denmark,2023-02-22,120,2,,,,,,,,,
Denmark,2023-02-23,138,1,,,,,,,,,
Denmark,2023-02-24,127,4,,,,,,,,,
Denmark,2023-02-25,0,0,,,,,,,,,
Denmark,2023-02-26,0,,0.4,1.1,0,0,0,0,0,0,2
Denmark,2023-02-27,103,,8.7,8.2,7,0,3,5,8,12,24
Denmark,2023-02-28,130.5,,2.9,3.5,2,0,1,1,3,4,9
Denmark,2023-03-01,68,,3.3,4.1,2,0,1,1,3,4,11
Denmark,2023-03-02,59,,3.1,4,2,0,1,1,3,4,10
Denmark,2023-03-03,65,,4.3,5.2,3,0,1,2,4,6,13
Denmark,2023-03-04,0,,0.2,0.6,0,0,0,0,0,0,1
Denmark,2023-03-05,0,,0.4,1.4,0,0,0,0,0,0,2
Denmark,2023-03-06,81,,9.3,9.8,7,0,3,5,8,12,28
Denmark,2023-03-07,102.5,,3.1,4,2,0,1,1,2,4,10
Denmark,2023-03-08,66,,3.8,5.9,2,0,1,2,3,5,13
Denmark,2023-03-09,54,,3.3,4.8,2,0,1,1,2,4,11
Denmark,2023-03-10,49,,4.6,5.7,3,0,1,2,4,6,16
Denmark,2023-03-11,0,,0.3,0.8,0,0,0,0,0,0,1
Denmark,2023-03-12,0,,0.4,1.8,0,0,0,0,0,0,2
Denmark,2023-03-13,72,,10.1,16.4,5,0,2,4,7,12,35
Denmark,2023-03-14,90.5,,3.4,9.1,1,0,0,1,2,4,10
Denmark,2023-03-15,53.5,,4.4,12.8,2,0,0,1,2,4,15
Denmark,2023-03-16,46,,3.9,9.4,2,0,0,1,2,4,14
Denmark,2023-03-17,46,,6.5,24.1,2,0,1,1,3,5,25.1
Denmark,2023-03-18,0,,0.4,1.9,0,0,0,0,0,0,2
Denmark,2023-03-19,0,,0.7,3.8,0,0,0,0,0,0,3
Denmark,2023-03-20,56,,18.1,68.9,4,0,1.8,3,7,12,56
Denmark,2023-03-21,81,,8,60.6,1,0,0,1,2,4,23
Denmark,2023-03-22,41,,12.1,128.7,1,0,0,1,2,4,23
Denmark,2023-03-23,37,,9.1,103.1,1,0,0,1,2,4,22
Denmark,2023-03-24,40,,12.7,63.8,2,0,0,1,3,6,40
Denmark,2023-03-25,0,,1.1,14.2,0,0,0,0,0,0,2
Denmark,2023-03-26,0,,1.5,12.7,0,0,0,0,0,0,4
Denmark,2023-03-27,51,,27,113.4,4,0,1,3,6,12,86.1
Denmark,2023-03-28,68.5,,21,266.9,1,0,0,1,2,4,31
Denmark,2023-03-29,35,,18.2,150.7,1,0,0,1,2,4,45.1
Estonia,2022-12-31,0,0,,,,,,,,,
Estonia,2023-01-01,0,0,,,,,,,,,
Estonia,2023-01-02,0,0,,,,,,,,,
Estonia,2023-01-03,560,18,,,,,,,,,
Estonia,2023-01-04,0,0,,,,,,,,,
Estonia,2023-01-05,0,0,,,,,,,,,
Estonia,2023-01-06,0,0,,,,,,,,,
Estonia,2023-01-07,0,0,,,,,,,,,
Estonia,2023-01-08,0,0,,,,,,,,,
Estonia,2023-01-09,0,0,,,,,,,,,
Estonia,2023-01-10,392,13,,,,,,,,,
Estonia,2023-01-11,0,0,,,,,,,,,
Estonia,2023-01-12,0,0,,,,,,,,,
Estonia,2023-01-13,0,0,,,,,,,,,
Estonia,2023-01-14,0,0,,,,,,,,,
Estonia,2023-01-15,0,0,,,,,,,,,
Estonia,2023-01-16,0,0,,,,,,,,,
Estonia,2023-01-17,0,0,,,,,,,,,
Estonia,2023-01-18,375,11,,,,,,,,,
Estonia,2023-01-19,0,0,,,,,,,,,
Estonia,2023-01-20,0,0,,,,,,,,,
Estonia,2023-01-21,0,0,,,,,,,,,
Estonia,2023-01-22,0,0,,,,,,,,,
Estonia,2023-01-23,0,0,,,,,,,,,
Estonia,2023-01-24,313,8,,,,,,,,,
Estonia,2023-01-25,0,0,,,,,,,,,
Estonia,2023-01-26,0,0,,,,,,,,,
Estonia,2023-01-27,0,0,,,,,,,,,
Estonia,2023-01-28,0,0,,,,,,,,,
Estonia,2023-01-29,0,0,,,,,,,,,
Estonia,2023-01-30,0,0,,,,,,,,,
Estonia,2023-01-31,372,8,,,,,,,,,
Estonia,2023-02-01,0,0,,,,,,,,,
Estonia,2023-02-02,0,0,,,,,,,,,
Estonia,2023-02-03,0,0,,,,,,,,,
Estonia,2023-02-04,0,0,,,,,,,,,
Estonia,2023-02-05,0,0,,,,,,,,,
Estonia,2023-02-06,0,0,,,,,,,,,
Estonia,2023-02-07,312,7,,,,,,,,,
Estonia,2023-02-08,0,0,,,,,,,,,
Estonia,2023-02-09,0,0,,,,,,,,,
Estonia,2023-02-10,0,0,,,,,,,,,
Estonia,2023-02-11,0,0,,,,,,,,,
Estonia,2023-02-12,0,0,,,,,,,,,
Estonia,2023-02-13,0,0,,,,,,,,,
Estonia,2023-02-14,311,7,,,,,,,,,
Estonia,2023-02-15,22,0,,,,,,,,,
Estonia,2023-02-16,0,0,,,,,,,,,
Estonia,2023-02-17,0,0,,,,,,,,,
Estonia,2023-02-18,0,0,,,,,,,,,
Estonia,2023-02-19,0,0,,,,,,,,,
Estonia,2023-02-20,0,0,,,,,,,,,
Estonia,2023-02-21,300,8,,,,,,,,,
Estonia,2023-02-22,4,0,,,,,,,,,
Estonia,2023-02-23,0,0,,,,,,,,,
Estonia,2023-02-24,0,0,,,,,,,,,
Estonia,2023-02-25,0,0,,,,,,,,,
Estonia,2023-02-26,0,,0.3,0.7,0,0,0,0,0,0,2
Estonia,2023-02-27,0,,0.3,0.7,0,0,0,0,0,0,1
Estonia,2023-02-28,66.5,,3.9,4.7,2,0,1,2,3,5,13
Estonia,2023-03-01,10,,0.3,0.8,0,0,0,0,0,0,2
Estonia,2023-03-02,0,,0.3,0.7,0,0,0,0,0,0,2
Estonia,2023-03-03,0,,0.2,0.7,0,0,0,0,0,0,1
Estonia,2023-03-04,0,,0.2,0.7,0,0,0,0,0,0,1
Estonia,2023-03-05,0,,0.2,0.7,0,0,0,0,0,0,1
Estonia,2023-03-06,0,,0.2,0.7,0,0,0,0,0,0,1
Estonia,2023-03-07,49.5,,3,4.3,2,0,0,1,2,4,10
Estonia,2023-03-08,7,,0.2,0.6,0,0,0,0,0,0,1
Estonia,2023-03-09,0,,0.2,0.7,0,0,0,0,0,0,1
Estonia,2023-03-10,0,,0.3,1.8,0,0,0,0,0,0,1
Estonia,2023-03-11,0,,0.2,1.3,0,0,0,0,0,0,1
Estonia,2023-03-12,0,,0.4,3.9,0,0,0,0,0,0,2
Estonia,2023-03-13,0,,0.2,0.7,0,0,0,0,0,0,1
Estonia,2023-03-14,49,,4.1,16.5,1,0,0,1,2,4,14
Estonia,2023-03-15,7,,0.3,1.1,0,0,0,0,0,0,1
Estonia,2023-03-16,0,,0.4,2.1,0,0,0,0,0,0,2
Estonia,2023-03-17,0,,0.3,1.9,0,0,0,0,0,0,1
Estonia,2023-03-18,0,,0.4,3.6,0,0,0,0,0,0,1
Estonia,2023-03-19,0,,0.6,5.7,0,0,0,0,0,0,2
Estonia,2023-03-20,0,,0.9,13.1,0,0,0,0,0,0,1
Estonia,2023-03-21,34.5,,13.5,215.3,1,0,0,0,1,3,15
Estonia,2023-03-22,7,,0.4,2.6,0,0,0,0,0,0,2
Estonia,2023-03-23,0,,0.7,9.9,0,0,0,0,0,0,1
Estonia,2023-03-24,0,,6.8,167,0,0,0,0,0,0,1
Estonia,2023-03-25,0,,0.7,8.4,0,0,0,0,0,0,1
Estonia,2023-03-26,0,,2.1,43,0,0,0,0,0,0,2
Estonia,2023-03-27,0,,2.1,44,0,0,0,0,0,0,2
Estonia,2023-03-28,33,,16.8,201.2,1,0,0,0,1,3,21
Estonia,2023-03-29,6,,0.8,6.2,0,0,0,0,0,0,2
Finland,2022-12-31,0,0,,,,,,,,,
Finland,2023-01-01,0,0,,,,,,,,,
Finland,2023-01-02,0,0,,,,,,,,,
Finland,2023-01-03,0,0,,,,,,,,,
Finland,2023-01-04,0,0,,,,,,,,,
Finland,2023-01-05,8192,330,,,,,,,,,
Finland,2023-01-06,0,0,,,,,,,,,
Finland,2023-01-07,0,0,,,,,,,,,
Finland,2023-01-08,0,0,,,,,,,,,
Finland,2023-01-09,0,0,,,,,,,,,
Finland,2023-01-10,0,0,,,,,,,,,
Finland,2023-01-11,0,0,,,,,,,,,
Finland,2023-01-12,2259,168,,,,,,,,,
Finland,2023-01-13,0,0,,,,,,,,,
Finland,2023-01-14,0,0,,,,,,,,,
Finland,2023-01-15,0,0,,,,,,,,,
Finland,2023-01-16,0,0,,,,,,,,,
Finland,2023-01-17,0,0,,,,,,,,,
Finland,2023-01-18,0,0,,,,,,,,,
Finland,2023-01-19,1173,126,,,,,,,,,
Finland,2023-01-20,0,0,,,,,,,,,
Finland,2023-01-21,0,0,,,,,,,,,
Finland,2023-01-22,0,0,,,,,,,,,
Finland,2023-01-23,0,0,,,,,,,,,
Finland,2023-01-24,0,0,,,,,,,,,
Finland,2023-01-25,0,0,,,,,,,,,
Finland,2023-01-26,8790,82,,,,,,,,,
Finland,2023-01-27,0,0,,,,,,,,,
Finland,2023-01-28,0,0,,,,,,,,,
Finland,2023-01-29,0,0,,,,,,,,,
Finland,2023-01-30,0,0,,,,,,,,,
Finland,2023-01-31,0,0,,,,,,,,,
Finland,2023-02-01,0,0,,,,,,,,,
Finland,2023-02-02,579,100,,,,,,,,,
Finland,2023-02-03,0,0,,,,,,,,,
Finland,2023-02-04,0,0,,,,,,,,,
Finland,2023-02-05,0,0,,,,,,,,,
Finland,2023-02-06,0,0,,,,,,,,,
Finland,2023-02-07,0,0,,,,,,,,,
Finland,2023-02-08,0,0,,,,,,,,,
Finland,2023-02-09,1659,82,,,,,,,,,
Finland,2023-02-10,0,0,,,,,,,,,
Finland,2023-02-11,0,0,,,,,,,,,
Finland,2023-02-12,0,0,,,,,,,,,
Finland,2023-02-13,0,0,,,,,,,,,
Finland,2023-02-14,0,0,,,,,,,,,
Finland,2023-02-15,0,0,,,,,,,,,
Finland,2023-02-16,726,38,,,,,,,,,
Finland,2023-02-17,0,0,,,,,,,,,
Finland,2023-02-18,0,0,,,,,,,,,
Finland,2023-02-19,0,0,,,,,,,,,
Finland,2023-02-20,0,0,,,,,,,,,
Finland,2023-02-21,0,0,,,,,,,,,
Finland,2023-02-22,0,0,,,,,,,,,
Finland,2023-02-23,586,33,,,,,,,,,
Finland,2023-02-24,0,0,,,,,,,,,
Finland,2023-02-25,0,0,,,,,,,,,
Finland,2023-02-26,0,,0.2,0.8,0,0,0,0,0,0,1
Finland,2023-02-27,0,,0.2,0.7,0,0,0,0,0,0,1
Finland,2023-02-28,0,,0.2,0.6,0,0,0,0,0,0,1
Finland,2023-03-01,0,,0.2,0.7,0,0,0,0,0,0,1
Finland,2023-03-02,303.5,,8.2,11,5,0,1,3,7,10,28
Finland,2023-03-03,0,,0.2,0.5,0,0,0,0,0,0,1
Finland,2023-03-04,0,,0.1,0.6,0,0,0,0,0,0,1
Finland,2023-03-05,0,,0.2,0.7,0,0,0,0,0,0,1
Finland,2023-03-06,0,,0.1,0.6,0,0,0,0,0,0,1
Finland,2023-03-07,0,,0.2,0.6,0,0,0,0,0,0,1
Finland,2023-03-08,0,,0.2,0.6,0,0,0,0,0,0,1
Finland,2023-03-09,211.5,,7.2,14.1,3,0,1,2,5,9,24
Finland,2023-03-10,0,,0.2,0.7,0,0,0,0,0,0,1
Finland,2023-03-11,0,,0.1,0.5,0,0,0,0,0,0,1
Finland,2023-03-12,0,,0.2,0.7,0,0,0,0,0,0,1
Finland,2023-03-13,0,,0.2,0.6,0,0,0,0,0,0,1
Finland,2023-03-14,0,,0.2,0.8,0,0,0,0,0,0,1
Finland,2023-03-15,0,,0.2,0.9,0,0,0,0,0,0,1
Finland,2023-03-16,176.5,,8.4,22.4,2,0,1,1,4,7,36
Finland,2023-03-17,0,,0.2,1.3,0,0,0,0,0,0,1
Finland,2023-03-18,0,,0.1,0.8,0,0,0,0,0,0,1
Finland,2023-03-19,0,,0.3,1.5,0,0,0,0,0,0,1
Finland,2023-03-20,0,,0.2,1,0,0,0,0,0,0,1
Finland,2023-03-21,0,,0.2,1.4,0,0,0,0,0,0,1
Finland,2023-03-22,0,,0.3,1.3,0,0,0,0,0,0,1
Finland,2023-03-23,148.5,,9.4,35.9,2,0,0,1,3,6,30.1
Finland,2023-03-24,0,,0.3,3,0,0,0,0,0,0,1
Finland,2023-03-25,0,,0.3,2.7,0,0,0,0,0,0,1
Finland,2023-03-26,0,,0.4,3.3,0,0,0,0,0,0,1
Finland,2023-03-27,0,,0.2,0.8,0,0,0,0,0,0,1
Finland,2023-03-28,0,,2.6,71.8,0,0,0,0,0,0,1
Finland,2023-03-29,0,,0.6,7.9,0,0,0,0,0,0,1
France,2022-12-31,0,0,,,,,,,,,
France,2023-01-01,0,0,,,,,,,,,
France,2023-01-02,39087,252,,,,,,,,,
France,2023-01-03,20736,157,,,,,,,,,
France,2023-01-04,14105,123,,,,,,,,,
France,2023-01-05,11536,141,,,,,,,,,
France,2023-01-06,6354,3,,,,,,,,,
France,2023-01-07,0,0,,,,,,,,,
France,2023-01-08,0,0,,,,,,,,,
France,2023-01-09,17220,340,,,,,,,,,
France,2023-01-10,7816,105,,,,,,,,,
France,2023-01-11,7635,88,,,,,,,,,
France,2023-01-12,7159,53,,,,,,,,,
France,2023-01-13,5025,97,,,,,,,,,
France,2023-01-14,0,0,,,,,,,,,
France,2023-01-15,0,0,,,,,,,,,
France,2023-01-16,10830,116,,,,,,,,,
France,2023-01-17,8345,99,,,,,,,,,
France,2023-01-18,5894,82,,,,,,,,,
France,2023-01-19,4992,64,,,,,,,,,
France,2023-01-20,3480,43,,,,,,,,,
France,2023-01-21,0,0,,,,,,,,,
France,2023-01-22,0,0,,,,,,,,,
France,2023-01-23,8828,197,,,,,,,,,
France,2023-01-24,6463,51,,,,,,,,,
France,2023-01-25,5347,0,,,,,,,,,
France,2023-01-26,5287,50,,,,,,,,,
France,2023-01-27,4681,44,,,,,,,,,
France,2023-01-28,0,0,,,,,,,,,
France,2023-01-29,0,0,,,,,,,,,
France,2023-01-30,8215,93,,,,,,,,,
France,2023-01-31,6844,57,,,,,,,,,
France,2023-02-01,4506,53,,,,,,,,,
France,2023-02-02,4021,52,,,,,,,,,
France,2023-02-03,3605,28,,,,,,,,,
France,2023-02-04,0,0,,,,,,,,,
France,2023-02-05,0,0,,,,,,,,,
France,2023-02-06,6662,61,,,,,,,,,
France,2023-02-07,4445,37,,,,,,,,,
France,2023-02-08,3991,31,,,,,,,,,
France,2023-02-09,3653,17,,,,,,,,,
France,2023-02-10,3364,20,,,,,,,,,
France,2023-02-11,0,0,,,,,,,,,
France,2023-02-12,0,0,,,,,,,,,
France,2023-02-13,5669,48,,,,,,,,,
France,2023-02-14,4986,35,,,,,,,,,
France,2023-02-15,3972,35,,,,,,,,,
France,2023-02-16,4021,27,,,,,,,,,
France,2023-02-17,3589,28,,,,,,,,,
France,2023-02-18,0,0,,,,,,,,,
France,2023-02-19,0,0,,,,,,,,,
France,2023-02-20,8133,47,,,,,,,,,
France,2023-02-21,5774,32,,,,,,,,,
France,2023-02-22,4317,37,,,,,,,,,
France,2023-02-23,4489,19,,,,,,,,,
France,2023-02-24,3917,29,,,,,,,,,
France,2023-02-25,0,0,,,,,,,,,
France,2023-02-26,0,,0.3,0.6,0,0,0,0,0,0,1
France,2023-02-27,9015,,45.9,16.9,44,22,36,41,47,55,75
France,2023-02-28,7162,,33.7,16.5,31,16,24,29,34,40,58
France,2023-03-01,5563.5,,33.8,14.1,32,15,25.8,29,35,40,59
France,2023-03-02,5457.5,,21.8,9.4,21,9,15,19,23,27,39
France,2023-03-03,4856,,27,11.7,26,11,19,23,28,32.2,46
France,2023-03-04,0,,0.3,0.6,0,0,0,0,0,0,1
France,2023-03-05,0,,0.4,0.7,0,0,0,0,0,0,2
France,2023-03-06,10981.5,,52.4,19.5,50,25,40,46,54,63,88
France,2023-03-07,8688.5,,38.1,16,36,17,27,33,39,46,66
France,2023-03-08,6766.5,,39.4,18,37,16,28,33,41,47,72
France,2023-03-09,6617.5,,26,12.3,24,10,18,21,27,32,48
France,2023-03-10,5997.5,,33.3,16.5,31,13,23,27,34,40,63
France,2023-03-11,0,,0.3,0.6,0,0,0,0,0,0,2
France,2023-03-12,0,,0.5,0.9,0,0,0,0,0,1,2
France,2023-03-13,13484,,68.3,37,60,24,43,53,68,87,133.1
France,2023-03-14,10829.5,,50.8,32.1,43,16.9,30,38,50,63,107
France,2023-03-15,8362.5,,53.7,36.8,45,17,31,39,52,66,121
France,2023-03-16,8211.5,,36.6,28.2,29,10,19,25,35,46,87
France,2023-03-17,7222.5,,45.7,37.1,37,12,24,30.6,43,55,112
France,2023-03-18,0,,0.4,0.8,0,0,0,0,0,1,2
France,2023-03-19,0,,0.7,1.3,0,0,0,0,0,1,3
France,2023-03-20,16286.5,,102.6,106.8,73.5,19,44,61,88,119.2,276
France,2023-03-21,13091,,78.7,96.8,53,13,29,42,66.4,90,221.1
France,2023-03-22,10230.5,,84.9,122.5,54,12,31,42,68,99,240
France,2023-03-23,10441,,58.5,90.8,36,7,19,28,47,65.2,157
France,2023-03-24,9062,,75,116.8,44,9,22,34,57,86,210.1
France,2023-03-25,0,,0.8,2,0,0,0,0,0,1,3
France,2023-03-26,0,,1.2,3.6,0,0,0,0,0,1,5
France,2023-03-27,20498,,175.9,319.3,87,13,40,67,118,197,536
France,2023-03-28,15540,,140.8,295.6,64,8,29,47,88,142,433.1
France,2023-03-29,12298.5,,149.1,311.1,66,9,28,46.6,92,150,470.9
Germany,2022-12-31,1,0,,,,,,,,,
Germany,2023-01-01,1,0,,,,,,,,,
Germany,2023-01-02,40783,249,,,,,,,,,
Germany,2023-01-03,36145,307,,,,,,,,,
Germany,2023-01-04,28653,235,,,,,,,,,
Germany,2023-01-05,20922,262,,,,,,,,,
Germany,2023-01-06,13169,170,,,,,,,,,
Germany,2023-01-07,0,0,,,,,,,,,
Germany,2023-01-08,0,0,,,,,,,,,
Germany,2023-01-09,30533,287,,,,,,,,,
Germany,2023-01-10,22119,269,,,,,,,,,
Germany,2023-01-11,19379,181,,,,,,,,,
Germany,2023-01-12,12956,200,,,,,,,,,
Germany,2023-01-13,10609,150,,,,,,,,,
Germany,2023-01-14,0,0,,,,,,,,,
Germany,2023-01-15,0,0,,,,,,,,,
Germany,2023-01-16,17222,190,,,,,,,,,
Germany,2023-01-17,15450,188,,,,,,,,,
Germany,2023-01-18,12001,238,,,,,,,,,
Germany,2023-01-19,9710,194,,,,,,,,,
Germany,2023-01-20,8866,118,,,,,,,,,
Germany,2023-01-21,0,0,,,,,,,,,
Germany,2023-01-22,0,0,,,,,,,,,
Germany,2023-01-23,16072,141,,,,,,,,,
Germany,2023-01-24,16737,157,,,,,,,,,
Germany,2023-01-25,13807,138,,,,,,,,,
Germany,2023-01-26,13155,175,,,,,,,,,
Germany,2023-01-27,11317,127,,,,,,,,,
Germany,2023-01-28,0,0,,,,,,,,,
Germany,2023-01-29,0,0,,,,,,,,,
Germany,2023-01-30,19301,122,,,,,,,,,
Germany,2023-01-31,21060,148,,,,,,,,,
Germany,2023-02-01,16957,154,,,,,,,,,
Germany,2023-02-02,13409,151,,,,,,,,,
Germany,2023-02-03,12378,112,,,,,,,,,
Germany,2023-02-04,0,0,,,,,,,,,
Germany,2023-02-05,0,0,,,,,,,,,
Germany,2023-02-06,19646,164,,,,,,,,,
Germany,2023-02-07,19480,107,,,,,,,,,
Germany,2023-02-08,18011,127,,,,,,,,,
Germany,2023-02-09,14178,134,,,,,,,,,
Germany,2023-02-10,0,0,,,,,,,,,
Germany,2023-02-11,13420,103,,,,,,,,,
Germany,2023-02-12,0,0,,,,,,,,,
Germany,2023-02-13,21632,112,,,,,,,,,
Germany,2023-02-14,20502,124,,,,,,,,,
Germany,2023-02-15,20911,125,,,,,,,,,
Germany,2023-02-16,16393,90,,,,,,,,,
Germany,2023-02-17,15364,87,,,,,,,,,
Germany,2023-02-18,0,0,,,,,,,,,
Germany,2023-02-19,0,0,,,,,,,,,
Germany,2023-02-20,15997,86,,,,,,,,,
Germany,2023-02-21,25763,104,,,,,,,,,
Germany,2023-02-22,25038,113,,,,,,,,,
Germany,2023-02-23,21177,119,,,,,,,,,
Germany,2023-02-24,20974,89,,,,,,,,,
Germany,2023-02-25,0,0,,,,,,,,,
Germany,2023-02-26,0,,1.6,5.4,0,0,0,0,0,1,7
Germany,2023-02-27,9879,,166.3,243,84,3,28,59,125.8,208,557.1
Germany,2023-02-28,11893,,171.5,243.6,88,2,26,57.6,126.4,219,627.2
Germany,2023-03-01,11744,,194.6,324.7,97,4,31,65.6,134,227,663.1
Germany,2023-03-02,10156.5,,182,282.6,88.5,4,30.8,62,131,220.5,661.3
Germany,2023-03-03,7625.5,,113.7,202.1,52.5,1.9,16,36,74,136,405.3
Germany,2023-03-04,508,,66.7,124.4,28,0,9,18,41,77,262
Germany,2023-03-05,0,,3.4,33.6,0,0,0,0,0,1,9
Germany,2023-03-06,8715.5,,211.7,308.3,104,2,30,73,151,260.2,785.1
Germany,2023-03-07,9230.5,,246,418.3,106.5,4,36.8,75.6,157,275,957.6
Germany,2023-03-08,9771,,259.9,505.6,100,2,30,63,157,276,920.3
Germany,2023-03-09,8129.5,,264.1,593,110,3,30,68,160,275,941.3
Germany,2023-03-10,7218,,154,329.4,55,2,17.8,35,77,158,580.3
Germany,2023-03-11,538,,102.1,391.2,31,1,10,22,46.4,86,361.4
Germany,2023-03-12,0,,2.7,13.4,0,0,0,0,1,1,10
Germany,2023-03-13,8613.5,,287.3,783.9,94,3,30,65,137,256.2,1145.9
Germany,2023-03-14,9780.5,,345.8,1029.8,107,4,35,74,156,276.2,1283
Germany,2023-03-15,7672,,413,1598.3,105,2,28,66,167,326.8,1378.1
Germany,2023-03-16,8314,,349.8,1233,91.5,2,29,59,144,269.2,1238.6
Germany,2023-03-17,5948.5,,183.9,524.2,50,1,14.8,32,74,149.2,765.2
Germany,2023-03-18,427.5,,130.4,419.6,31.5,0.9,9,20,46,92,519.2
Germany,2023-03-19,0,,3.4,16.8,0,0,0,0,1,2,11
Germany,2023-03-20,6652,,373.6,1168.7,90.5,2,23,60,131,258.2,1653.2
Germany,2023-03-21,9217.5,,531.7,3004.8,89,2,28,59,140,295.8,1847.4
Germany,2023-03-22,8429.5,,660,3445,88.5,2,23,51,141,330.2,2090.1
Germany,2023-03-23,7102.5,,798.3,8857,93,2,24,53.6,147.8,299.5,1791.5
Germany,2023-03-24,4670.5,,249.2,736,50.5,0,12,31,82,175.8,1005.9
Germany,2023-03-25,404.5,,235.6,1206.2,25,0,6,15,41,100.8,786.1
Germany,2023-03-26,0,,3.3,14.7,0,0,0,0,0,2,12
Germany,2023-03-27,6286.5,,639,3258.1,81,2,20.8,49,131,269.5,2033.6
Germany,2023-03-28,7084.5,,672.8,4029.2,81,1.9,19,47.6,132,295.2,2178.9
Germany,2023-03-29,7378,,724.6,3346,79.5,1,18,46,136.4,318.2,2952.6
Hungary,2022-12-31,0,0,,,,,,,,,
Hungary,2023-01-01,0,0,,,,,,,,,
Hungary,2023-01-02,0,0,,,,,,,,,
Hungary,2023-01-03,0,0,,,,,,,,,
Hungary,2023-01-04,0,0,,,,,,,,,
Hungary,2023-01-05,2921,51,,,,,,,,,
Hungary,2023-01-06,0,0,,,,,,,,,
Hungary,2023-01-07,0,0,,,,,,,,,
Hungary,2023-01-08,0,0,,,,,,,,,
Hungary,2023-01-09,0,0,,,,,,,,,
Hungary,2023-01-10,0,0,,,,,,,,,
Hungary,2023-01-11,1597,32,,,,,,,,,
Hungary,2023-01-12,0,0,,,,,,,,,
Hungary,2023-01-13,0,0,,,,,,,,,
Hungary,2023-01-14,0,0,,,,,,,,,
Hungary,2023-01-15,0,0,,,,,,,,,
Hungary,2023-01-16,0,0,,,,,,,,,
Hungary,2023-01-17,0,0,,,,,,,,,
Hungary,2023-01-18,866,51,,,,,,,,,
Hungary,2023-01-19,0,0,,,,,,,,,
Hungary,2023-01-20,0,0,,,,,,,,,
Hungary,2023-01-21,0,0,,,,,,,,,
Hungary,2023-01-22,0,0,,,,,,,,,
Hungary,2023-01-23,0,0,,,,,,,,,
Hungary,2023-01-24,0,0,,,,,,,,,
Hungary,2023-01-25,627,29,,,,,,,,,
Hungary,2023-01-26,0,0,,,,,,,,,
Hungary,2023-01-27,0,0,,,,,,,,,
Hungary,2023-01-28,0,0,,,,,,,,,
Hungary,2023-01-29,0,0,,,,,,,,,
Hungary,2023-01-30,0,0,,,,,,,,,
Hungary,2023-01-31,0,0,,,,,,,,,
Hungary,2023-02-01,620,19,,,,,,,,,
Hungary,2023-02-02,0,0,,,,,,,,,
Hungary,2023-02-03,1,0,,,,,,,,,
Hungary,2023-02-04,0,0,,,,,,,,,
Hungary,2023-02-05,0,0,,,,,,,,,
Hungary,2023-02-06,0,0,,,,,,,,,
Hungary,2023-02-07,0,0,,,,,,,,,
Hungary,2023-02-08,824,30,,,,,,,,,
Hungary,2023-02-09,0,0,,,,,,,,,
Hungary,2023-02-10,0,0,,,,,,,,,
Hungary,2023-02-11,0,0,,,,,,,,,
Hungary,2023-02-12,0,0,,,,,,,,,
Hungary,2023-02-13,0,0,,,,,,,,,
Hungary,2023-02-14,0,0,,,,,,,,,
Hungary,2023-02-15,830,31,,,,,,,,,
Hungary,2023-02-16,0,0,,,,,,,,,
Hungary,2023-02-17,0,0,,,,,,,,,
Hungary,2023-02-18,0,0,,,,,,,,,
Hungary,2023-02-19,0,0,,,,,,,,,
Hungary,2023-02-20,0,0,,,,,,,,,
Hungary,2023-02-21,0,0,,,,,,,,,
Hungary,2023-02-22,867,7,,,,,,,,,
Hungary,2023-02-23,0,0,,,,,,,,,
Hungary,2023-02-24,0,0,,,,,,,,,
Hungary,2023-02-25,0,0,,,,,,,,,
Hungary,2023-02-26,0,,0.6,1.5,0,0,0,0,0,1,3
Hungary,2023-02-27,0,,0.6,1.2,0,0,0,0,0,1,3
Hungary,2023-02-28,0,,0.6,2.1,0,0,0,0,0,1,3
Hungary,2023-03-01,105,,12.5,15.8,8,0,2,5,11,17.2,41
Hungary,2023-03-02,23,,0.6,1.5,0,0,0,0,0,1,3
Hungary,2023-03-03,0,,0.6,1.7,0,0,0,0,0,1,3
Hungary,2023-03-04,0,,0.3,0.9,0,0,0,0,0,0,2
Hungary,2023-03-05,0,,0.5,1.3,0,0,0,0,0,0,2
Hungary,2023-03-06,0,,0.5,1.3,0,0,0,0,0,1,3
Hungary,2023-03-07,0,,0.6,3,0,0,0,0,0,1,3
Hungary,2023-03-08,109,,10.3,19,5,0,2,4,8,12,33
Hungary,2023-03-09,18,,0.5,1.5,0,0,0,0,0,0,3
Hungary,2023-03-10,0,,0.5,1.6,0,0,0,0,0,0,2
Hungary,2023-03-11,0,,0.3,0.8,0,0,0,0,0,0,1
Hungary,2023-03-12,0,,0.5,2.5,0,0,0,0,0,0,2
Hungary,2023-03-13,0,,0.5,1.5,0,0,0,0,0,0,3
Hungary,2023-03-14,0,,0.7,3.3,0,0,0,0,0,0,3
Hungary,2023-03-15,77,,10.6,30.5,3,0,1,2,5,9,38
Hungary,2023-03-16,13,,1.1,18,0,0,0,0,0,0,3
Hungary,2023-03-17,0,,0.6,3.3,0,0,0,0,0,0,2
Hungary,2023-03-18,0,,0.4,3.2,0,0,0,0,0,0,1
Hungary,2023-03-19,0,,0.7,6.1,0,0,0,0,0,0,2
Hungary,2023-03-20,0,,1.2,8.4,0,0,0,0,0,0,3
Hungary,2023-03-21,0,,1.8,25.9,0,0,0,0,0,0,3
Hungary,2023-03-22,58,,31.9,252.5,2,0,0,1,3,8,65.2
Hungary,2023-03-23,11,,1.7,16.7,0,0,0,0,0,0,3
Hungary,2023-03-24,0,,1.7,15.6,0,0,0,0,0,0,3
Hungary,2023-03-25,0,,1.1,8.8,0,0,0,0,0,0,3
Hungary,2023-03-26,0,,2.5,21.7,0,0,0,0,0,0,3
Hungary,2023-03-27,0,,3.7,39.6,0,0,0,0,0,0,5
Hungary,2023-03-28,0,,3.2,30.4,0,0,0,0,0,0,4
Hungary,2023-03-29,51,,95.8,1085.7,2,0,0,1,3,7,96.4
Ireland,2022-12-31,0,0,,,,,,,,,
Ireland,2023-01-01,0,0,,,,,,,,,
Ireland,2023-01-02,0,0,,,,,,,,,
Ireland,2023-01-03,0,0,,,,,,,,,
Ireland,2023-01-04,6179,46,,,,,,,,,
Ireland,2023-01-05,0,0,,,,,,,,,
Ireland,2023-01-06,0,0,,,,,,,,,
Ireland,2023-01-07,0,0,,,,,,,,,
Ireland,2023-01-08,0,0,,,,,,,,,
Ireland,2023-01-09,0,0,,,,,,,,,
Ireland,2023-01-10,0,0,,,,,,,,,
Ireland,2023-01-11,3928,49,,,,,,,,,
Ireland,2023-01-12,0,0,,,,,,,,,
Ireland,2023-01-13,0,0,,,,,,,,,
Ireland,2023-01-14,0,0,,,,,,,,,
Ireland,2023-01-15,0,0,,,,,,,,,
Ireland,2023-01-16,0,0,,,,,,,,,
Ireland,2023-01-17,0,0,,,,,,,,,
Ireland,2023-01-18,1572,43,,,,,,,,,
Ireland,2023-01-19,0,0,,,,,,,,,
Ireland,2023-01-20,0,0,,,,,,,,,
Ireland,2023-01-21,0,0,,,,,,,,,
Ireland,2023-01-22,0,0,,,,,,,,,
Ireland,2023-01-23,0,0,,,,,,,,,
Ireland,2023-01-24,0,0,,,,,,,,,
Ireland,2023-01-25,906,31,,,,,,,,,
Ireland,2023-01-26,0,0,,,,,,,,,
Ireland,2023-01-27,0,0,,,,,,,,,
Ireland,2023-01-28,0,0,,,,,,,,,
Ireland,2023-01-29,0,0,,,,,,,,,
Ireland,2023-01-30,0,0,,,,,,,,,
Ireland,2023-01-31,0,0,,,,,,,,,
Ireland,2023-02-01,564,53,,,,,,,,,
Ireland,2023-02-02,0,0,,,,,,,,,
Ireland,2023-02-03,0,0,,,,,,,,,
Ireland,2023-02-04,0,0,,,,,,,,,
Ireland,2023-02-05,0,0,,,,,,,,,
Ireland,2023-02-06,0,0,,,,,,,,,
Ireland,2023-02-07,0,0,,,,,,,,,
Ireland,2023-02-08,800,87,,,,,,,,,
Ireland,2023-02-09,0,0,,,,,,,,,
Ireland,2023-02-10,0,0,,,,,,,,,
Ireland,2023-02-11,0,0,,,,,,,,,
Ireland,2023-02-12,0,0,,,,,,,,,
Ireland,2023-02-13,0,0,,,,,,,,,
Ireland,2023-02-14,0,0,,,,,,,,,
Ireland,2023-02-15,906,27,,,,,,,,,
Ireland,2023-02-16,0,0,,,,,,,,,
Ireland,2023-02-17,0,0,,,,,,,,,
Ireland,2023-02-18,0,0,,,,,,,,,
Ireland,2023-02-19,0,0,,,,,,,,,
Ireland,2023-02-20,0,0,,,,,,,,,
Ireland,2023-02-21,0,0,,,,,,,,,
Ireland,2023-02-22,721,26,,,,,,,,,
Ireland,2023-02-23,0,0,,,,,,,,,
Ireland,2023-02-24,0,0,,,,,,,,,
Ireland,2023-02-25,0,0,,,,,,,,,
Ireland,2023-02-26,0,,0.5,1.5,0,0,0,0,0,1,3
Ireland,2023-02-27,0,,0.5,1.2,0,0,0,0,0,1,3
Ireland,2023-02-28,0,,0.6,2.1,0,0,0,0,0,1,3
Ireland,2023-03-01,299,,17.8,21.8,10,0,3,7,15,24,61
Ireland,2023-03-02,0,,0.7,1.8,0,0,0,0,0,1,4
Ireland,2023-03-03,0,,0.5,1.4,0,0,0,0,0,1,3
Ireland,2023-03-04,0,,0.4,1,0,0,0,0,0,0,2
Ireland,2023-03-05,0,,0.5,1.6,0,0,0,0,0,1,3
Ireland,2023-03-06,0,,0.5,1.2,0,0,0,0,0,1,2
Ireland,2023-03-07,0,,0.5,1.4,0,0,0,0,0,1,3
Ireland,2023-03-08,255.5,,18.2,30.5,10,0,3,7,13,20.2,67
Ireland,2023-03-09,0,,0.7,2.2,0,0,0,0,0,1,3
Ireland,2023-03-10,0,,0.6,2.7,0,0,0,0,0,0,3
Ireland,2023-03-11,0,,0.4,1.1,0,0,0,0,0,0,2
Ireland,2023-03-12,0,,0.6,2.2,0,0,0,0,0,0,3
Ireland,2023-03-13,0,,0.5,1.9,0,0,0,0,0,0,2
Ireland,2023-03-14,0,,0.9,7.5,0,0,0,0,0,0,3
Ireland,2023-03-15,207,,20.5,62.6,6,0,2,4,9,18,70
Ireland,2023-03-16,0,,0.7,2.7,0,0,0,0,0,0,3
Ireland,2023-03-17,0,,0.8,5.9,0,0,0,0,0,0,3
Ireland,2023-03-18,0,,0.5,2.9,0,0,0,0,0,0,2
Ireland,2023-03-19,0,,0.9,5,0,0,0,0,0,0,2
Ireland,2023-03-20,0,,1.2,8.4,0,0,0,0,0,0,3
Ireland,2023-03-21,0,,1,5.4,0,0,0,0,0,0,3
Ireland,2023-03-22,195.5,,76.9,1082.3,5,0,1,3,7,15.2,97
Ireland,2023-03-23,0,,1.5,9.3,0,0,0,0,0,0,5
Ireland,2023-03-24,0,,3.3,54.4,0,0,0,0,0,0,4
Ireland,2023-03-25,0,,0.9,7.2,0,0,0,0,0,0,3
Ireland,2023-03-26,0,,7.1,132.9,0,0,0,0,0,0,4
Ireland,2023-03-27,0,,1.6,12.1,0,0,0,0,0,0,3
Ireland,2023-03-28,0,,2.5,32.8,0,0,0,0,0,0,4
Ireland,2023-03-29,169.5,,81.5,536.5,4,0,1,2,7,18,169.2
Italy,2022-12-31,0,0,,,,,,,,,
Italy,2023-01-01,0,0,,,,,,,,,
Italy,2023-01-02,0,0,,,,,,,,,
Italy,2023-01-03,0,0,,,,,,,,,
Italy,2023-01-04,0,0,,,,,,,,,
Italy,2023-01-05,0,0,,,,,,,,,
Italy,2023-01-06,135977,775,,,,,,,,,
Italy,2023-01-07,0,0,,,,,,,,,
Italy,2023-01-08,0,0,,,,,,,,,
Italy,2023-01-09,0,0,,,,,,,,,
Italy,2023-01-10,0,0,,,,,,,,,
Italy,2023-01-11,0,0,,,,,,,,,
Italy,2023-01-12,0,0,,,,,,,,,
Italy,2023-01-13,84060,576,,,,,,,,,
Italy,2023-01-14,0,0,,,,,,,,,
Italy,2023-01-15,0,0,,,,,,,,,
Italy,2023-01-16,0,0,,,,,,,,,
Italy,2023-01-17,0,0,,,,,,,,,
Italy,2023-01-18,0,0,,,,,,,,,
Italy,2023-01-19,0,0,,,,,,,,,
Italy,2023-01-20,51888,495,,,,,,,,,
Italy,2023-01-21,0,0,,,,,,,,,
Italy,2023-01-22,0,0,,,,,,,,,
Italy,2023-01-23,0,0,,,,,,,,,
Italy,2023-01-24,0,0,,,,,,,,,
Italy,2023-01-25,0,0,,,,,,,,,
Italy,2023-01-26,0,0,,,,,,,,,
Italy,2023-01-27,38159,345,,,,,,,,,
Italy,2023-01-28,0,0,,,,,,,,,
Italy,2023-01-29,0,0,,,,,,,,,
Italy,2023-01-30,0,0,,,,,,,,,
Italy,2023-01-31,0,0,,,,,,,,,
Italy,2023-02-01,0,0,,,,,,,,,
Italy,2023-02-02,0,0,,,,,,,,,
Italy,2023-02-03,34377,439,,,,,,,,,
Italy,2023-02-04,0,0,,,,,,,,,
Italy,2023-02-05,0,0,,,,,,,,,
Italy,2023-02-06,0,0,,,,,,,,,
Italy,2023-02-07,0,0,,,,,,,,,
Italy,2023-02-08,0,0,,,,,,,,,
Italy,2023-02-09,0,0,,,,,,,,,
Italy,2023-02-10,30901,279,,,,,,,,,
Italy,2023-02-11,0,0,,,,,,,,,
Italy,2023-02-12,0,0,,,,,,,,,
Italy,2023-02-13,0,0,,,,,,,,,
Italy,2023-02-14,0,0,,,,,,,,,
Italy,2023-02-15,0,0,,,,,,,,,
Italy,2023-02-16,0,0,,,,,,,,,
Italy,2023-02-17,28347,299,,,,,,,,,
Italy,2023-02-18,0,0,,,,,,,,,
Italy,2023-02-19,0,0,,,,,,,,,
Italy,2023-02-20,0,0,,,,,,,,,
Italy,2023-02-21,0,0,,,,,,,,,
Italy,2023-02-22,0,0,,,,,,,,,
Italy,2023-02-23,0,0,,,,,,,,,
Italy,2023-02-24,29438,244,,,,,,,,,
Italy,2023-02-25,0,0,,,,,,,,,
Italy,2023-02-26,0,,0.7,2.1,0,0,0,0,0,1,3
Italy,2023-02-27,0,,0.7,2.1,0,0,0,0,0,1,3
Italy,2023-02-28,0,,0.8,2,0,0,0,0,0,1,4
Italy,2023-03-01,0,,0.9,2.5,0,0,0,0,0,1,4
Italy,2023-03-02,0,,0.7,2,0,0,0,0,0,1,4
Italy,2023-03-03,25477,,101.3,120.4,62.5,2,22,44,87,140,307.1
Italy,2023-03-04,0,,0.5,1.5,0,0,0,0,0,0,3
Italy,2023-03-05,0,,0.6,1.3,0,0,0,0,0,1,3
Italy,2023-03-06,0,,0.7,2,0,0,0,0,0,1,3
Italy,2023-03-07,0,,0.8,2,0,0,0,0,0,1,4
Italy,2023-03-08,0,,1,3.5,0,0,0,0,0,1,4
Italy,2023-03-09,0,,0.8,3.4,0,0,0,0,0,1,3
Italy,2023-03-10,25130,,100.3,132.2,60,2,22,42,82,130.2,326
Italy,2023-03-11,0,,0.4,1.3,0,0,0,0,0,0,2
Italy,2023-03-12,0,,0.5,1.3,0,0,0,0,0,1,3
Italy,2023-03-13,0,,0.7,2.3,0,0,0,0,0,1,3
Italy,2023-03-14,0,,0.9,3.9,0,0,0,0,0,1,4
Italy,2023-03-15,0,,0.9,2.8,0,0,0,0,0,1,4
Italy,2023-03-16,0,,0.8,1.9,0,0,0,0,0,1,4
Italy,2023-03-17,24107,,123.4,397.2,58,2,19,40,79,134,377.1
Italy,2023-03-18,0,,0.4,1.5,0,0,0,0,0,0,2
Italy,2023-03-19,0,,0.9,4.1,0,0,0,0,0,1,4
Italy,2023-03-20,0,,0.8,4.6,0,0,0,0,0,1,4
Italy,2023-03-21,0,,0.8,2.4,0,0,0,0,0,1,4
Italy,2023-03-22,0,,0.8,2.3,0,0,0,0,0,1,4
Italy,2023-03-23,0,,0.9,3.2,0,0,0,0,0,1,4
Italy,2023-03-24,22098.5,,176,1127,52,1,18,36,74,132,478.2
Italy,2023-03-25,0,,0.8,4.3,0,0,0,0,0,0,3
Italy,2023-03-26,0,,1.1,6.2,0,0,0,0,0,1,4
Italy,2023-03-27,0,,1,5.6,0,0,0,0,0,0,4
Italy,2023-03-28,0,,1.1,7.7,0,0,0,0,0,1,4
Italy,2023-03-29,0,,1.2,4.7,0,0,0,0,0,1,5
Latvia,2022-12-31,0,0,,,,,,,,,
Latvia,2023-01-01,0,0,,,,,,,,,
Latvia,2023-01-02,216,4,,,,,,,,,
Latvia,2023-01-03,263,0,,,,,,,,,
Latvia,2023-01-04,0,0,,,,,,,,,
Latvia,2023-01-05,157,10,,,,,,,,,
Latvia,2023-01-06,63,2,,,,,,,,,
Latvia,2023-01-07,0,0,,,,,,,,,
Latvia,2023-01-08,45,0,,,,,,,,,
Latvia,2023-01-09,115,2,,,,,,,,,
Latvia,2023-01-10,55,2,,,,,,,,,
Latvia,2023-01-11,49,7,,,,,,,,,
Latvia,2023-01-12,48,4,,,,,,,,,
Latvia,2023-01-13,31,3,,,,,,,,,
Latvia,2023-01-14,0,0,,,,,,,,,
Latvia,2023-01-15,0,0,,,,,,,,,
Latvia,2023-01-16,80,2,,,,,,,,,
Latvia,2023-01-17,55,3,,,,,,,,,
Latvia,2023-01-18,28,3,,,,,,,,,
Latvia,2023-01-19,25,2,,,,,,,,,
Latvia,2023-01-20,20,1,,,,,,,,,
Latvia,2023-01-21,0,0,,,,,,,,,
Latvia,2023-01-22,0,0,,,,,,,,,
Latvia,2023-01-23,41,0,,,,,,,,,
Latvia,2023-01-24,38,0,,,,,,,,,
Latvia,2023-01-25,27,5,,,,,,,,,
Latvia,2023-01-26,31,0,,,,,,,,,
Latvia,2023-01-27,13,0,,,,,,,,,
Latvia,2023-01-28,0,0,,,,,,,,,
Latvia,2023-01-29,0,0,,,,,,,,,
Latvia,2023-01-30,52,3,,,,,,,,,
Latvia,2023-01-31,0,0,,,,,,,,,
Latvia,2023-02-01,73,24,,,,,,,,,
Latvia,2023-02-02,16,0,,,,,,,,,
Latvia,2023-02-03,32,1,,,,,,,,,
Latvia,2023-02-04,0,0,,,,,,,,,
Latvia,2023-02-05,0,0,,,,,,,,,
Latvia,2023-02-06,48,2,,,,,,,,,
Latvia,2023-02-07,48,1,,,,,,,,,
Latvia,2023-02-08,25,1,,,,,,,,,
Latvia,2023-02-09,32,0,,,,,,,,,
Latvia,2023-02-10,34,2,,,,,,,,,
Latvia,2023-02-11,0,0,,,,,,,,,
Latvia,2023-02-12,0,0,,,,,,,,,
Latvia,2023-02-13,59,0,,,,,,,,,
Latvia,2023-02-14,34,1,,,,,,,,,
Latvia,2023-02-15,33,1,,,,,,,,,
Latvia,2023-02-16,22,4,,,,,,,,,
Latvia,2023-02-17,29,4,,,,,,,,,
Latvia,2023-02-18,0,0,,,,,,,,,
Latvia,2023-02-19,0,0,,,,,,,,,
Latvia,2023-02-20,55,0,,,,,,,,,
Latvia,2023-02-21,25,0,,,,,,,,,
Latvia,2023-02-22,37,3,,,,,,,,,
Latvia,2023-02-23,19,0,,,,,,,,,
Latvia,2023-02-24,25,0,,,,,,,,,
Latvia,2023-02-25,0,0,,,,,,,,,
Latvia,2023-02-26,1,,0.4,1,0,0,0,0,0,0,2
Latvia,2023-02-27,23,,0.9,1.5,0,0,0,0,1,1,4
Latvia,2023-02-28,19,,0.8,1.4,0,0,0,0,1,1,3
Latvia,2023-03-01,14,,1.8,2.5,1,0,0,1,1,2,7
Latvia,2023-03-02,15,,1.4,2.4,1,0,0,0,1,2,5
Latvia,2023-03-03,15,,1.9,3.4,1,0,0,1,1,2,6
Latvia,2023-03-04,0,,0.3,0.9,0,0,0,0,0,0,1
Latvia,2023-03-05,1,,0.4,1.1,0,0,0,0,0,0,2
Latvia,2023-03-06,21,,1,2.1,0,0,0,0,1,1,4
Latvia,2023-03-07,16,,1,1.8,0,0,0,0,1,1,4
Latvia,2023-03-08,15,,1.9,3.3,1,0,0,0,1,2,7
Latvia,2023-03-09,15,,1.8,5.1,1,0,0,0,1,2,7
Latvia,2023-03-10,14,,2.2,4.3,1,0,0,0,1,3,9
Latvia,2023-03-11,0,,0.4,1.9,0,0,0,0,0,0,2
Latvia,2023-03-12,1,,0.6,2.5,0,0,0,0,0,0,3
Latvia,2023-03-13,19,,1.8,16.3,0,0,0,0,1,1,5
Latvia,2023-03-14,15,,2.2,18.2,0,0,0,0,0,1,6
Latvia,2023-03-15,14,,3.1,13.3,1,0,0,0,1,3,10
Latvia,2023-03-16,14,,2.7,13.1,1,0,0,0,1,2,8
Latvia,2023-03-17,14,,4.7,43.5,1,0,0,0,1,3,11
Latvia,2023-03-18,0,,0.9,8.1,0,0,0,0,0,0,3
Latvia,2023-03-19,1,,1.6,18.1,0,0,0,0,0,0,4
Latvia,2023-03-20,17,,5.7,62,0,0,0,0,1,1,8
Latvia,2023-03-21,18,,9.5,201.3,0,0,0,0,0,1,11
Latvia,2023-03-22,13,,12.1,164.8,1,0,0,0,1,3,18
Latvia,2023-03-23,11,,11.1,95.4,1,0,0,0,1,3,15
Latvia,2023-03-24,14,,11.4,86,1,0,0,0,1,3,22
Latvia,2023-03-25,0,,2.8,33.7,0,0,0,0,0,0,4
Latvia,2023-03-26,0,,8.1,126.5,0,0,0,0,0,1,6
Latvia,2023-03-27,16,,9,77,0,0,0,0,1,2,16
Latvia,2023-03-28,14,,8.7,66.6,0,0,0,0,1,2,25
Latvia,2023-03-29,11,,30.6,484.4,1,0,0,0,1,3,42.1
Liechtenstein,2022-12-31,0,0,,,,,,,,,
Liechtenstein,2023-01-01,0,0,,,,,,,,,
Liechtenstein,2023-01-02,0,0,,,,,,,,,
Liechtenstein,2023-01-03,20,0,,,,,,,,,
Liechtenstein,2023-01-04,0,0,,,,,,,,,
Liechtenstein,2023-01-05,0,0,,,,,,,,,
Liechtenstein,2023-01-06,22,0,,,,,,,,,
Liechtenstein,2023-01-07,0,0,,,,,,,,,
Liechtenstein,2023-01-08,0,0,,,,,,,,,
Liechtenstein,2023-01-09,0,0,,,,,,,,,
Liechtenstein,2023-01-10,0,0,,,,,,,,,
Liechtenstein,2023-01-11,11,0,,,,,,,,,
Liechtenstein,2023-01-12,0,0,,,,,,,,,
Liechtenstein,2023-01-13,0,0,,,,,,,,,
Liechtenstein,2023-01-14,0,0,,,,,,,,,
Liechtenstein,2023-01-15,0,0,,,,,,,,,
Liechtenstein,2023-01-16,0,0,,,,,,,,,
Liechtenstein,2023-01-17,0,0,,,,,,,,,
Liechtenstein,2023-01-18,0,0,,,,,,,,,
Liechtenstein,2023-01-19,14,0,,,,,,,,,
Liechtenstein,2023-01-20,0,1,,,,,,,,,
Liechtenstein,2023-01-21,0,0,,,,,,,,,
Liechtenstein,2023-01-22,0,0,,,,,,,,,
Liechtenstein,2023-01-23,0,0,,,,,,,,,
Liechtenstein,2023-01-24,0,0,,,,,,,,,
Liechtenstein,2023-01-25,0,0,,,,,,,,,
Liechtenstein,2023-01-26,0,0,,,,,,,,,
Liechtenstein,2023-01-27,0,0,,,,,,,,,
Liechtenstein,2023-01-28,6,0,,,,,,,,,
Liechtenstein,2023-01-29,0,0,,,,,,,,,
Liechtenstein,2023-01-30,0,0,,,,,,,,,
Liechtenstein,2023-01-31,0,0,,,,,,,,,
Liechtenstein,2023-02-01,10,0,,,,,,,,,
Liechtenstein,2023-02-02,0,0,,,,,,,,,
Liechtenstein,2023-02-03,0,0,,,,,,,,,
Liechtenstein,2023-02-04,0,0,,,,,,,,,
Liechtenstein,2023-02-05,0,0,,,,,,,,,
Liechtenstein,2023-02-06,0,0,,,,,,,,,
Liechtenstein,2023-02-07,0,0,,,,,,,,,
Liechtenstein,2023-02-08,13,0,,,,,,,,,
Liechtenstein,2023-02-09,0,0,,,,,,,,,
Liechtenstein,2023-02-10,0,0,,,,,,,,,
Liechtenstein,2023-02-11,0,0,,,,,,,,,
Liechtenstein,2023-02-12,0,0,,,,,,,,,
Liechtenstein,2023-02-13,0,0,,,,,,,,,
Liechtenstein,2023-02-14,2,0,,,,,,,,,
Liechtenstein,2023-02-15,13,0,,,,,,,,,
Liechtenstein,2023-02-16,0,0,,,,,,,,,
Liechtenstein,2023-02-17,0,0,,,,,,,,,
Liechtenstein,2023-02-18,0,0,,,,,,,,,
Liechtenstein,2023-02-19,0,0,,,,,,,,,
Liechtenstein,2023-02-20,0,0,,,,,,,,,
Liechtenstein,2023-02-21,0,0,,,,,,,,,
Liechtenstein,2023-02-22,0,0,,,,,,,,,
Liechtenstein,2023-02-23,8,0,,,,,,,,,
Liechtenstein,2023-02-24,0,0,,,,,,,,,
Liechtenstein,2023-02-25,0,0,,,,,,,,,
Liechtenstein,2023-02-26,0,,0,0.2,0,0,0,0,0,0,0
Liechtenstein,2023-02-27,0,,0,0.2,0,0,0,0,0,0,0
Liechtenstein,2023-02-28,1,,0,0.2,0,0,0,0,0,0,0
Liechtenstein,2023-03-01,1,,0,0.2,0,0,0,0,0,0,0
Liechtenstein,2023-03-02,0,,0,0.2,0,0,0,0,0,0,0
Liechtenstein,2023-03-03,0,,0,0.2,0,0,0,0,0,0,0
Liechtenstein,2023-03-04,0,,0,0.3,0,0,0,0,0,0,0
Liechtenstein,2023-03-05,0,,0,0.2,0,0,0,0,0,0,0
Liechtenstein,2023-03-06,0,,0,0.2,0,0,0,0,0,0,0
Liechtenstein,2023-03-07,0,,0,0.2,0,0,0,0,0,0,0
Liechtenstein,2023-03-08,1,,0,0.3,0,0,0,0,0,0,0
Liechtenstein,2023-03-09,0,,0,0.2,0,0,0,0,0,0,0
Liechtenstein,2023-03-10,0,,0,0.2,0,0,0,0,0,0,0
Liechtenstein,2023-03-11,0,,0,0.2,0,0,0,0,0,0,0
Liechtenstein,2023-03-12,0,,0,0.2,0,0,0,0,0,0,0
Liechtenstein,2023-03-13,0,,0,0.3,0,0,0,0,0,0,0
Liechtenstein,2023-03-14,0,,0,0.3,0,0,0,0,0,0,0
Liechtenstein,2023-03-15,1,,0,0.4,0,0,0,0,0,0,0
Liechtenstein,2023-03-16,0,,0,0.4,0,0,0,0,0,0,0
Liechtenstein,2023-03-17,0,,0.1,0.8,0,0,0,0,0,0,0
Liechtenstein,2023-03-18,0,,0.1,0.4,0,0,0,0,0,0,0
Liechtenstein,2023-03-19,0,,0.1,0.8,0,0,0,0,0,0,0
Liechtenstein,2023-03-20,0,,0.1,1.1,0,0,0,0,0,0,0
Liechtenstein,2023-03-21,0,,0.1,0.7,0,0,0,0,0,0,0
Liechtenstein,2023-03-22,1,,0.2,2,0,0,0,0,0,0,0
Liechtenstein,2023-03-23,0,,0.1,1.7,0,0,0,0,0,0,0
Liechtenstein,2023-03-24,0,,0.1,1.5,0,0,0,0,0,0,0
Liechtenstein,2023-03-25,0,,0.2,1.6,0,0,0,0,0,0,0
Liechtenstein,2023-03-26,0,,0.2,3,0,0,0,0,0,0,0
Liechtenstein,2023-03-27,0,,0.2,1.2,0,0,0,0,0,0,1
Liechtenstein,2023-03-28,0,,0.3,3.4,0,0,0,0,0,0,1
Liechtenstein,2023-03-29,1,,0.4,4.7,0,0,0,0,0,0,1
Lithuania,2022-12-31,497,0,,,,,,,,,
Lithuania,2023-01-01,64,0,,,,,,,,,
Lithuania,2023-01-02,43,4,,,,,,,,,
Lithuania,2023-01-03,774,3,,,,,,,,,
Lithuania,2023-01-04,512,3,,,,,,,,,
Lithuania,2023-01-05,485,3,,,,,,,,,
Lithuania,2023-01-06,335,3,,,,,,,,,
Lithuania,2023-01-07,301,0,,,,,,,,,
Lithuania,2023-01-08,31,0,,,,,,,,,
Lithuania,2023-01-09,29,4,,,,,,,,,
Lithuania,2023-01-10,516,4,,,,,,,,,
Lithuania,2023-01-11,295,6,,,,,,,,,
Lithuania,2023-01-12,0,0,,,,,,,,,
Lithuania,2023-01-13,519,4,,,,,,,,,
Lithuania,2023-01-14,245,0,,,,,,,,,
Lithuania,2023-01-15,37,0,,,,,,,,,
Lithuania,2023-01-16,26,7,,,,,,,,,
Lithuania,2023-01-17,514,3,,,,,,,,,
Lithuania,2023-01-18,305,0,,,,,,,,,
Lithuania,2023-01-19,298,4,,,,,,,,,
Lithuania,2023-01-20,225,1,,,,,,,,,
Lithuania,2023-01-21,247,0,,,,,,,,,
Lithuania,2023-01-22,33,0,,,,,,,,,
Lithuania,2023-01-23,28,4,,,,,,,,,
Lithuania,2023-01-24,511,5,,,,,,,,,
Lithuania,2023-01-25,336,0,,,,,,,,,
Lithuania,2023-01-26,293,4,,,,,,,,,
Lithuania,2023-01-27,259,0,,,,,,,,,
Lithuania,2023-01-28,258,0,,,,,,,,,
Lithuania,2023-01-29,37,0,,,,,,,,,
Lithuania,2023-01-30,28,5,,,,,,,,,
Lithuania,2023-01-31,535,1,,,,,,,,,
Lithuania,2023-02-01,372,4,,,,,,,,,
Lithuania,2023-02-02,362,4,,,,,,,,,
Lithuania,2023-02-03,319,1,,,,,,,,,
Lithuania,2023-02-04,292,0,,,,,,,,,
Lithuania,2023-02-05,42,0,,,,,,,,,
Lithuania,2023-02-06,28,1,,,,,,,,,
Lithuania,2023-02-07,589,1,,,,,,,,,
Lithuania,2023-02-08,383,4,,,,,,,,,
Lithuania,2023-02-09,393,0,,,,,,,,,
Lithuania,2023-02-10,343,1,,,,,,,,,
Lithuania,2023-02-11,306,0,,,,,,,,,
Lithuania,2023-02-12,49,0,,,,,,,,,
Lithuania,2023-02-13,43,4,,,,,,,,,
Lithuania,2023-02-14,578,2,,,,,,,,,
Lithuania,2023-02-15,367,0,,,,,,,,,
Lithuania,2023-02-16,379,0,,,,,,,,,
Lithuania,2023-02-17,36,10,,,,,,,,,
Lithuania,2023-02-18,434,0,,,,,,,,,
Lithuania,2023-02-19,52,0,,,,,,,,,
Lithuania,2023-02-20,43,5,,,,,,,,,
Lithuania,2023-02-21,657,4,,,,,,,,,
Lithuania,2023-02-22,468,0,,,,,,,,,
Lithuania,2023-02-23,334,4,,,,,,,,,
Lithuania,2023-02-24,319,0,,,,,,,,,
Lithuania,2023-02-25,342,0,,,,,,,,,
Lithuania,2023-02-26,38,,0.5,1.5,0,0,0,0,0,0,3
Lithuania,2023-02-27,31,,3.6,5.3,2,0,0,1,3,4,13
Lithuania,2023-02-28,321,,2.9,5.2,1,0,0,1,2,4,10
Lithuania,2023-03-01,344,,2.4,3.8,1,0,0,1,2,3,9
Lithuania,2023-03-02,302,,2.2,3.7,1,0,0,1,2,3,9
Lithuania,2023-03-03,207,,3.9,5.4,2,0,1,1,3,5,13
Lithuania,2023-03-04,306,,0.4,1.1,0,0,0,0,0,0,2
Lithuania,2023-03-05,41,,0.6,1.4,0,0,0,0,0,1,3
Lithuania,2023-03-06,31.5,,3.5,5,2,0,0,1,3,5,12
Lithuania,2023-03-07,345.5,,3.2,4.9,2,0,0,1,2,4,12
Lithuania,2023-03-08,374,,2.5,4.6,1,0,0,1,2,3,9
Lithuania,2023-03-09,294.5,,2.3,4.2,1,0,0,1,2,3,9
Lithuania,2023-03-10,216.5,,4.3,6.6,2,0,1,1,3,5,16
Lithuania,2023-03-11,304,,0.4,1.3,0,0,0,0,0,0,2
Lithuania,2023-03-12,40,,0.6,1.7,0,0,0,0,0,1,3
Lithuania,2023-03-13,33,,4.5,8.6,2,0,0,1,3,5.2,16
Lithuania,2023-03-14,322,,3.8,7.6,2,0,0,1,2,4,14
Lithuania,2023-03-15,379,,2.8,5.9,1,0,0,1,2,3,10
Lithuania,2023-03-16,287,,2.6,7.5,1,0,0,1,1,3,10
Lithuania,2023-03-17,226,,5.1,8.6,2,0,1,2,3,6,19
Lithuania,2023-03-18,278.5,,0.5,1.8,0,0,0,0,0,0,3
Lithuania,2023-03-19,40,,0.8,2.6,0,0,0,0,0,1,4
Lithuania,2023-03-20,32,,5.4,12.7,2,0,0,1,3,6,20
Lithuania,2023-03-21,343,,4.4,10.8,2,0,0,1,2,5,16
Lithuania,2023-03-22,412.5,,3.3,9.3,1,0,0,1,2,3,13
Lithuania,2023-03-23,313,,3.5,23.1,1,0,0,1,2,3,12
Lithuania,2023-03-24,214,,6.5,20.9,2,0,1,2,3,6,22
Lithuania,2023-03-25,297,,0.6,1.8,0,0,0,0,0,0,3
Lithuania,2023-03-26,41,,0.9,3.7,0,0,0,0,0,1,4
Lithuania,2023-03-27,32,,6.8,18.4,2,0,1,1,3.4,7,27
Lithuania,2023-03-28,322,,5.4,14.8,2,0,0,1,3,5,20
Lithuania,2023-03-29,393.5,,4.5,16,1,0,0,1,2,4,17
Luxembourg,2022-12-31,0,0,,,,,,,,,
Luxembourg,2023-01-01,0,0,,,,,,,,,
Luxembourg,2023-01-02,0,0,,,,,,,,,
Luxembourg,2023-01-03,1404,11,,,,,,,,,
Luxembourg,2023-01-04,0,0,,,,,,,,,
Luxembourg,2023-01-05,271,2,,,,,,,,,
Luxembourg,2023-01-06,84,4,,,,,,,,,
Luxembourg,2023-01-07,0,0,,,,,,,,,
Luxembourg,2023-01-08,0,0,,,,,,,,,
Luxembourg,2023-01-09,89,0,,,,,,,,,
Luxembourg,2023-01-10,124,3,,,,,,,,,
Luxembourg,2023-01-11,88,1,,,,,,,,,
Luxembourg,2023-01-12,76,1,,,,,,,,,
Luxembourg,2023-01-13,70,0,,,,,,,,,
Luxembourg,2023-01-14,0,0,,,,,,,,,
Luxembourg,2023-01-15,0,0,,,,,,,,,
Luxembourg,2023-01-16,51,0,,,,,,,,,
Luxembourg,2023-01-17,73,1,,,,,,,,,
Luxembourg,2023-01-18,66,1,,,,,,,,,
Luxembourg,2023-01-19,44,2,,,,,,,,,
Luxembourg,2023-01-20,37,0,,,,,,,,,
Luxembourg,2023-01-21,0,0,,,,,,,,,
Luxembourg,2023-01-22,0,0,,,,,,,,,
Luxembourg,2023-01-23,37,0,,,,,,,,,
Luxembourg,2023-01-24,172,2,,,,,,,,,
Luxembourg,2023-01-25,49,1,,,,,,,,,
Luxembourg,2023-01-26,0,0,,,,,,,,,
Luxembourg,2023-01-27,0,0,,,,,,,,,
Luxembourg,2023-01-28,126,0,,,,,,,,,
Luxembourg,2023-01-29,0,0,,,,,,,,,
Luxembourg,2023-01-30,32,0,,,,,,,,,
Luxembourg,2023-01-31,92,3,,,,,,,,,
Luxembourg,2023-02-01,38,1,,,,,,,,,
Luxembourg,2023-02-02,98,0,,,,,,,,,
Luxembourg,2023-02-03,15,0,,,,,,,,,
Luxembourg,2023-02-04,0,0,,,,,,,,,
Luxembourg,2023-02-05,0,0,,,,,,,,,
Luxembourg,2023-02-06,67,0,,,,,,,,,
Luxembourg,2023-02-07,125,1,,,,,,,,,
Luxembourg,2023-02-08,99,0,,,,,,,,,
Luxembourg,2023-02-09,95,0,,,,,,,,,
Luxembourg,2023-02-10,84,0,,,,,,,,,
Luxembourg,2023-02-11,0,0,,,,,,,,,
Luxembourg,2023-02-12,0,0,,,,,,,,,
Luxembourg,2023-02-13,60,0,,,,,,,,,
Luxembourg,2023-02-14,116,2,,,,,,,,,
Luxembourg,2023-02-15,62,0,,,,,,,,,
Luxembourg,2023-02-16,90,0,,,,,,,,,
Luxembourg,2023-02-17,98,0,,,,,,,,,
Luxembourg,2023-02-18,0,0,,,,,,,,,
Luxembourg,2023-02-19,0,0,,,,,,,,,
Luxembourg,2023-02-20,0,0,,,,,,,,,
Luxembourg,2023-02-21,0,0,,,,,,,,,
Luxembourg,2023-02-22,167,1,,,,,,,,,
Luxembourg,2023-02-23,0,0,,,,,,,,,
Luxembourg,2023-02-24,0,0,,,,,,,,,
Luxembourg,2023-02-25,0,0,,,,,,,,,
Luxembourg,2023-02-26,0,,0.2,0.6,0,0,0,0,0,0,1
Luxembourg,2023-02-27,10,,0.2,0.6,0,0,0,0,0,0,1
Luxembourg,2023-02-28,29,,0.6,1.1,0,0,0,0,0,1,3
Luxembourg,2023-03-01,16,,0.3,0.7,0,0,0,0,0,0,1
Luxembourg,2023-03-02,14,,0.1,0.4,0,0,0,0,0,0,1
Luxembourg,2023-03-03,12,,0.1,0.4,0,0,0,0,0,0,1
Luxembourg,2023-03-04,2,,0.1,0.3,0,0,0,0,0,0,1
Luxembourg,2023-03-05,0,,0.1,0.4,0,0,0,0,0,0,1
Luxembourg,2023-03-06,7,,0.1,0.4,0,0,0,0,0,0,1
Luxembourg,2023-03-07,17,,0.5,0.9,0,0,0,0,0,1,2
Luxembourg,2023-03-08,11,,0.2,0.6,0,0,0,0,0,0,1
Luxembourg,2023-03-09,11,,0.2,0.9,0,0,0,0,0,0,1
Luxembourg,2023-03-10,8,,0.1,0.4,0,0,0,0,0,0,1
Luxembourg,2023-03-11,1,,0.1,0.4,0,0,0,0,0,0,1
Luxembourg,2023-03-12,0,,0.1,0.5,0,0,0,0,0,0,1
Luxembourg,2023-03-13,5,,0.1,0.4,0,0,0,0,0,0,1
Luxembourg,2023-03-14,12,,0.4,1.2,0,0,0,0,0,0,2
Luxembourg,2023-03-15,8,,0.2,0.6,0,0,0,0,0,0,1
Luxembourg,2023-03-16,8,,0.2,0.9,0,0,0,0,0,0,1
Luxembourg,2023-03-17,5,,0.1,0.4,0,0,0,0,0,0,1
Luxembourg,2023-03-18,1,,0.1,0.4,0,0,0,0,0,0,1
Luxembourg,2023-03-19,0,,0.1,0.5,0,0,0,0,0,0,1
Luxembourg,2023-03-20,4,,0.1,0.6,0,0,0,0,0,0,1
Luxembourg,2023-03-21,10,,0.4,1.3,0,0,0,0,0,0,2
Luxembourg,2023-03-22,6,,0.2,1.5,0,0,0,0,0,0,1
Luxembourg,2023-03-23,6,,0.2,2.1,0,0,0,0,0,0,1
Luxembourg,2023-03-24,5,,0.2,1.8,0,0,0,0,0,0,1
Luxembourg,2023-03-25,1,,0.2,2.6,0,0,0,0,0,0,1
Luxembourg,2023-03-26,0,,0.2,2.2,0,0,0,0,0,0,1
Luxembourg,2023-03-27,3,,0.1,0.8,0,0,0,0,0,0,1
Luxembourg,2023-03-28,9,,0.7,6.2,0,0,0,0,0,0,2
Luxembourg,2023-03-29,4,,0.4,4,0,0,0,0,0,0,1
Malta,2022-12-31,28,0,,,,,,,,,
Malta,2023-01-01,30,2,,,,,,,,,
Malta,2023-01-02,22,0,,,,,,,,,
Malta,2023-01-03,53,0,,,,,,,,,
Malta,2023-01-04,33,1,,,,,,,,,
Malta,2023-01-05,31,2,,,,,,,,,
Malta,2023-01-06,40,0,,,,,,,,,
Malta,2023-01-07,37,1,,,,,,,,,
Malta,2023-01-08,25,0,,,,,,,,,
Malta,2023-01-09,23,0,,,,,,,,,
Malta,2023-01-10,26,1,,,,,,,,,
Malta,2023-01-11,26,0,,,,,,,,,
Malta,2023-01-12,33,0,,,,,,,,,
Malta,2023-01-13,18,0,,,,,,,,,
Malta,2023-01-14,20,0,,,,,,,,,
Malta,2023-01-15,19,0,,,,,,,,,
Malta,2023-01-16,18,0,,,,,,,,,
Malta,2023-01-17,26,0,,,,,,,,,
Malta,2023-01-18,18,0,,,,,,,,,
Malta,2023-01-19,12,1,,,,,,,,,
Malta,2023-01-20,0,0,,,,,,,,,
Malta,2023-01-21,0,0,,,,,,,,,
Malta,2023-01-22,0,0,,,,,,,,,
Malta,2023-01-23,0,0,,,,,,,,,
Malta,2023-01-24,59,1,,,,,,,,,
Malta,2023-01-25,0,0,,,,,,,,,
Malta,2023-01-26,0,0,,,,,,,,,
Malta,2023-01-27,0,0,,,,,,,,,
Malta,2023-01-28,0,0,,,,,,,,,
Malta,2023-01-29,0,0,,,,,,,,,
Malta,2023-01-30,0,0,,,,,,,,,
Malta,2023-01-31,109,0,,,,,,,,,
Malta,2023-02-01,0,0,,,,,,,,,
Malta,2023-02-02,0,0,,,,,,,,,
Malta,2023-02-03,0,0,,,,,,,,,
Malta,2023-02-04,0,0,,,,,,,,,
Malta,2023-02-05,0,0,,,,,,,,,
Malta,2023-02-06,0,0,,,,,,,,,
Malta,2023-02-07,104,2,,,,,,,,,
Malta,2023-02-08,0,0,,,,,,,,,
Malta,2023-02-09,0,0,,,,,,,,,
Malta,2023-02-10,0,0,,,,,,,,,
Malta,2023-02-11,0,0,,,,,,,,,
Malta,2023-02-12,0,0,,,,,,,,,
Malta,2023-02-13,0,0,,,,,,,,,
Malta,2023-02-14,82,0,,,,,,,,,
Malta,2023-02-15,0,0,,,,,,,,,
Malta,2023-02-16,0,0,,,,,,,,,
Malta,2023-02-17,0,0,,,,,,,,,
Malta,2023-02-18,0,0,,,,,,,,,
Malta,2023-02-19,0,0,,,,,,,,,
Malta,2023-02-20,0,0,,,,,,,,,
Malta,2023-02-21,90,1,,,,,,,,,
Malta,2023-02-22,0,0,,,,,,,,,
Malta,2023-02-23,0,0,,,,,,,,,
Malta,2023-02-24,0,0,,,,,,,,,
Malta,2023-02-25,0,0,,,,,,,,,
Malta,2023-02-26,0,,0.1,0.5,0,0,0,0,0,0,1
Malta,2023-02-27,0,,0.1,0.4,0,0,0,0,0,0,1
Malta,2023-02-28,11,,0.5,0.9,0,0,0,0,0,1,2
Malta,2023-03-01,0,,0.1,0.4,0,0,0,0,0,0,1
Malta,2023-03-02,0,,0.1,0.4,0,0,0,0,0,0,1
Malta,2023-03-03,0,,0.1,0.5,0,0,0,0,0,0,1
Malta,2023-03-04,0,,0.1,0.4,0,0,0,0,0,0,1
Malta,2023-03-05,0,,0.1,0.4,0,0,0,0,0,0,1
Malta,2023-03-06,0,,0.1,0.4,0,0,0,0,0,0,1
Malta,2023-03-07,10,,0.3,0.8,0,0,0,0,0,0,2
Malta,2023-03-08,0,,0.1,0.4,0,0,0,0,0,0,1
Malta,2023-03-09,0,,0.1,0.4,0,0,0,0,0,0,1
Malta,2023-03-10,0,,0.1,0.4,0,0,0,0,0,0,1
Malta,2023-03-11,0,,0.1,0.3,0,0,0,0,0,0,1
Malta,2023-03-12,0,,0.1,0.4,0,0,0,0,0,0,1
Malta,2023-03-13,0,,0.1,0.8,0,0,0,0,0,0,1
Malta,2023-03-14,8,,0.4,1.6,0,0,0,0,0,0,2
Malta,2023-03-15,0,,0.1,0.5,0,0,0,0,0,0,1
Malta,2023-03-16,0,,0.1,0.5,0,0,0,0,0,0,1
Malta,2023-03-17,0,,0.2,1.7,0,0,0,0,0,0,1
Malta,2023-03-18,0,,0.2,2.6,0,0,0,0,0,0,1
Malta,2023-03-19,0,,0.2,1.4,0,0,0,0,0,0,1
Malta,2023-03-20,0,,0.3,1.7,0,0,0,0,0,0,1
Malta,2023-03-21,6.5,,1.6,9.8,0,0,0,0,0,0,4
Malta,2023-03-22,0,,0.6,4.4,0,0,0,0,0,0,2
Malta,2023-03-23,0,,0.9,12.1,0,0,0,0,0,0,1
Malta,2023-03-24,0,,0.9,7.2,0,0,0,0,0,0,2
Malta,2023-03-25,0,,0.8,6.4,0,0,0,0,0,0,2
Malta,2023-03-26,0,,0.7,4.4,0,0,0,0,0,0,2
Malta,2023-03-27,0,,1.1,7,0,0,0,0,0,0,3
Malta,2023-03-28,6,,4,23.1,0,0,0,0,0,0,14
Malta,2023-03-29,0,,1.8,15.8,0,0,0,0,0,0,5
Netherlands,2022-12-31,0,0,,,,,,,,,
Netherlands,2023-01-01,0,0,,,,,,,,,
Netherlands,2023-01-02,0,0,,,,,,,,,
Netherlands,2023-01-03,0,0,,,,,,,,,
Netherlands,2023-01-04,154,0,,,,,,,,,
Netherlands,2023-01-05,2714,0,,,,,,,,,
Netherlands,2023-01-06,2535,0,,,,,,,,,
Netherlands,2023-01-07,0,0,,,,,,,,,
Netherlands,2023-01-08,0,0,,,,,,,,,
Netherlands,2023-01-09,0,0,,,,,,,,,
Netherlands,2023-01-10,1891,0,,,,,,,,,
Netherlands,2023-01-11,0,0,,,,,,,,,
Netherlands,2023-01-12,0,0,,,,,,,,,
Netherlands,2023-01-13,1328,0,,,,,,,,,
Netherlands,2023-01-14,0,0,,,,,,,,,
Netherlands,2023-01-15,0,0,,,,,,,,,
Netherlands,2023-01-16,0,0,,,,,,,,,
Netherlands,2023-01-17,962,0,,,,,,,,,
Netherlands,2023-01-18,0,0,,,,,,,,,
Netherlands,2023-01-19,0,0,,,,,,,,,
Netherlands,2023-01-20,913,0,,,,,,,,,
Netherlands,2023-01-21,0,0,,,,,,,,,
Netherlands,2023-01-22,0,0,,,,,,,,,
Netherlands,2023-01-23,0,0,,,,,,,,,
Netherlands,2023-01-24,828,0,,,,,,,,,
Netherlands,2023-01-25,0,0,,,,,,,,,
Netherlands,2023-01-26,0,0,,,,,,,,,
Netherlands,2023-01-27,862,0,,,,,,,,,
Netherlands,2023-01-28,0,0,,,,,,,,,
Netherlands,2023-01-29,0,0,,,,,,,,,
Netherlands,2023-01-30,0,0,,,,,,,,,
Netherlands,2023-01-31,1079,0,,,,,,,,,
Netherlands,2023-02-01,0,0,,,,,,,,,
Netherlands,2023-02-02,0,0,,,,,,,,,
Netherlands,2023-02-03,1169,0,,,,,,,,,
Netherlands,2023-02-04,0,0,,,,,,,,,
Netherlands,2023-02-05,0,0,,,,,,,,,
Netherlands,2023-02-06,0,0,,,,,,,,,
Netherlands,2023-02-07,1356,0,,,,,,,,,
Netherlands,2023-02-08,0,0,,,,,,,,,
Netherlands,2023-02-09,0,0,,,,,,,,,
Netherlands,2023-02-10,1347,0,,,,,,,,,
Netherlands,2023-02-11,0,0,,,,,,,,,
Netherlands,2023-02-12,0,0,,,,,,,,,
Netherlands,2023-02-13,0,0,,,,,,,,,
Netherlands,2023-02-14,1547,0,,,,,,,,,
Netherlands,2023-02-15,0,0,,,,,,,,,
Netherlands,2023-02-16,0,0,,,,,,,,,
Netherlands,2023-02-17,1806,0,,,,,,,,,
Netherlands,2023-02-18,0,0,,,,,,,,,
Netherlands,2023-02-19,0,0,,,,,,,,,
Netherlands,2023-02-20,0,0,,,,,,,,,
Netherlands,2023-02-21,1996,0,,,,,,,,,
Netherlands,2023-02-22,0,0,,,,,,,,,
Netherlands,2023-02-23,0,0,,,,,,,,,
Netherlands,2023-02-24,2429,0,,,,,,,,,
Netherlands,2023-02-25,0,0,,,,,,,,,
Netherlands,2023-02-26,0,,0.1,0.3,0,0,0,0,0,0,1
Netherlands,2023-02-27,0,,0.1,0.3,0,0,0,0,0,0,1
Netherlands,2023-02-28,453,,0.1,0.3,0,0,0,0,0,0,1
Netherlands,2023-03-01,3,,0.1,0.4,0,0,0,0,0,0,1
Netherlands,2023-03-02,51,,0.1,0.3,0,0,0,0,0,0,1
Netherlands,2023-03-03,552.5,,0.1,0.4,0,0,0,0,0,0,1
Netherlands,2023-03-04,0,,0.1,0.3,0,0,0,0,0,0,1
Netherlands,2023-03-05,0,,0.1,0.7,0,0,0,0,0,0,1
Netherlands,2023-03-06,0,,0.1,0.4,0,0,0,0,0,0,1
Netherlands,2023-03-07,553.5,,0.1,0.5,0,0,0,0,0,0,1
Netherlands,2023-03-08,4,,0.2,1.2,0,0,0,0,0,0,1
Netherlands,2023-03-09,58.5,,0.1,0.6,0,0,0,0,0,0,1
Netherlands,2023-03-10,574,,0.1,0.6,0,0,0,0,0,0,1
Netherlands,2023-03-11,0,,0.1,0.7,0,0,0,0,0,0,1
Netherlands,2023-03-12,0,,0.2,1.5,0,0,0,0,0,0,1
Netherlands,2023-03-13,0,,0.3,3,0,0,0,0,0,0,1
Netherlands,2023-03-14,540.5,,0.3,1.9,0,0,0,0,0,0,1
Netherlands,2023-03-15,3,,0.3,1.4,0,0,0,0,0,0,1
Netherlands,2023-03-16,70,,0.3,2.7,0,0,0,0,0,0,1
Netherlands,2023-03-17,594,,0.4,2.8,0,0,0,0,0,0,1
Netherlands,2023-03-18,0,,0.4,3.4,0,0,0,0,0,0,1
Netherlands,2023-03-19,0,,1.6,30.1,0,0,0,0,0,0,2
Netherlands,2023-03-20,0,,0.6,4.6,0,0,0,0,0,0,2
Netherlands,2023-03-21,564,,0.6,3,0,0,0,0,0,0,2
Netherlands,2023-03-22,5,,1,6.7,0,0,0,0,0,0,3
Netherlands,2023-03-23,74.5,,0.9,6.3,0,0,0,0,0,0,3
Netherlands,2023-03-24,830,,2.2,35,0,0,0,0,0,0,3
Netherlands,2023-03-25,0,,1.1,8.2,0,0,0,0,0,0,3
Netherlands,2023-03-26,0,,4.7,104.8,0,0,0,0,0,0,5
Netherlands,2023-03-27,0,,2.3,18.2,0,0,0,0,0,0,5
Netherlands,2023-03-28,659,,2.1,25.5,0,0,0,0,0,0,5
Netherlands,2023-03-29,4,,2.4,25.2,0,0,0,0,0,0,7
Norway,2022-12-31,125,0,,,,,,,,,
Norway,2023-01-01,71,0,,,,,,,,,
Norway,2023-01-02,248,0,,,,,,,,,
Norway,2023-01-03,192,100,,,,,,,,,
Norway,2023-01-04,198,0,,,,,,,,,
Norway,2023-01-05,180,0,,,,,,,,,
Norway,2023-01-06,175,89,,,,,,,,,
Norway,2023-01-07,65,0,,,,,,,,,
Norway,2023-01-08,49,0,,,,,,,,,
Norway,2023-01-09,148,0,,,,,,,,,
Norway,2023-01-10,138,0,,,,,,,,,
Norway,2023-01-11,126,0,,,,,,,,,
Norway,2023-01-12,87,0,,,,,,,,,
Norway,2023-01-13,122,104,,,,,,,,,
Norway,2023-01-14,41,0,,,,,,,,,
Norway,2023-01-15,30,0,,,,,,,,,
Norway,2023-01-16,97,0,,,,,,,,,
Norway,2023-01-17,84,0,,,,,,,,,
Norway,2023-01-18,77,0,,,,,,,,,
Norway,2023-01-19,71,0,,,,,,,,,
Norway,2023-01-20,68,73,,,,,,,,,
Norway,2023-01-21,13,0,,,,,,,,,
Norway,2023-01-22,26,0,,,,,,,,,
Norway,2023-01-23,63,0,,,,,,,,,
Norway,2023-01-24,68,0,,,,,,,,,
Norway,2023-01-25,53,0,,,,,,,,,
Norway,2023-01-26,53,76,,,,,,,,,
Norway,2023-01-27,57,0,,,,,,,,,
Norway,2023-01-28,38,0,,,,,,,,,
Norway,2023-01-29,22,0,,,,,,,,,
Norway,2023-01-30,47,0,,,,,,,,,
Norway,2023-01-31,72,0,,,,,,,,,
Norway,2023-02-01,46,0,,,,,,,,,
Norway,2023-02-02,52,0,,,,,,,,,
Norway,2023-02-03,48,25,,,,,,,,,
Norway,2023-02-04,23,0,,,,,,,,,
Norway,2023-02-05,17,0,,,,,,,,,
Norway,2023-02-06,53,0,,,,,,,,,
Norway,2023-02-07,53,0,,,,,,,,,
Norway,2023-02-08,60,0,,,,,,,,,
Norway,2023-02-09,39,0,,,,,,,,,
Norway,2023-02-10,0,15,,,,,,,,,
Norway,2023-02-11,40,0,,,,,,,,,
Norway,2023-02-12,41,0,,,,,,,,,
Norway,2023-02-13,67,0,,,,,,,,,
Norway,2023-02-14,39,0,,,,,,,,,
Norway,2023-02-15,55,0,,,,,,,,,
Norway,2023-02-16,47,0,,,,,,,,,
Norway,2023-02-17,48,23,,,,,,,,,
Norway,2023-02-18,25,0,,,,,,,,,
Norway,2023-02-19,25,0,,,,,,,,,
Norway,2023-02-20,38,0,,,,,,,,,
Norway,2023-02-21,47,0,,,,,,,,,
Norway,2023-02-22,48,0,,,,,,,,,
Norway,2023-02-23,50,0,,,,,,,,,
Norway,2023-02-24,48,0,,,,,,,,,
Norway,2023-02-25,23,0,,,,,,,,,
Norway,2023-02-26,19,,0.4,1.1,0,0,0,0,0,0,2
Norway,2023-02-27,49,,0.4,1,0,0,0,0,0,0,2
Norway,2023-02-28,49,,0.4,1.2,0,0,0,0,0,0,2
Norway,2023-03-01,48,,0.4,1.1,0,0,0,0,0,0,2
Norway,2023-03-02,45,,0.4,1,0,0,0,0,0,0,2
Norway,2023-03-03,42,,5.6,7.3,3,0,1,2,5,8,18
Norway,2023-03-04,23,,0.3,0.9,0,0,0,0,0,0,2
Norway,2023-03-05,19,,0.3,0.9,0,0,0,0,0,0,2
Norway,2023-03-06,46,,0.4,1,0,0,0,0,0,0,2
Norway,2023-03-07,46,,0.4,1,0,0,0,0,0,0,2
Norway,2023-03-08,47,,0.4,1,0,0,0,0,0,0,2
Norway,2023-03-09,45,,0.4,1.1,0,0,0,0,0,0,2
Norway,2023-03-10,41,,5.5,7.5,3,0,1,2,4,7,20
Norway,2023-03-11,22,,0.2,0.7,0,0,0,0,0,0,1
Norway,2023-03-12,17,,0.4,1,0,0,0,0,0,0,2
Norway,2023-03-13,44,,0.4,1.1,0,0,0,0,0,0,2
Norway,2023-03-14,46,,0.4,1,0,0,0,0,0,0,2
Norway,2023-03-15,44,,0.4,1.5,0,0,0,0,0,0,2
Norway,2023-03-16,42,,0.4,1.2,0,0,0,0,0,0,2
Norway,2023-03-17,41,,5.7,9.1,3,0,1,2,4,7,21
Norway,2023-03-18,21,,0.3,0.9,0,0,0,0,0,0,2
Norway,2023-03-19,16,,0.3,0.8,0,0,0,0,0,0,2
Norway,2023-03-20,44,,0.4,0.9,0,0,0,0,0,0,2
Norway,2023-03-21,44,,0.4,1,0,0,0,0,0,0,2
Norway,2023-03-22,43,,0.5,1.5,0,0,0,0,0,0,2
Norway,2023-03-23,38,,0.5,1.3,0,0,0,0,0,0,2
Norway,2023-03-24,38,,6.3,11.1,3,0,1,2,4,7,25
Norway,2023-03-25,20,,0.3,0.9,0,0,0,0,0,0,2
Norway,2023-03-26,16,,0.4,1,0,0,0,0,0,0,2
Norway,2023-03-27,42,,0.5,1.5,0,0,0,0,0,0.2,3
Norway,2023-03-28,42,,0.4,1.4,0,0,0,0,0,0,2
Norway,2023-03-29,42,,0.7,6.3,0,0,0,0,0,0,2
Poland,2022-12-31,623,21,,,,,,,,,
Poland,2023-01-01,153,0,,,,,,,,,
Poland,2023-01-02,117,0,,,,,,,,,
Poland,2023-01-03,693,13,,,,,,,,,
Poland,2023-01-04,566,9,,,,,,,,,
Poland,2023-01-05,525,12,,,,,,,,,
Poland,2023-01-06,463,19,,,,,,,,,
Poland,2023-01-07,120,0,,,,,,,,,
Poland,2023-01-08,143,0,,,,,,,,,
Poland,2023-01-09,103,0,,,,,,,,,
Poland,2023-01-10,504,15,,,,,,,,,
Poland,2023-01-11,370,14,,,,,,,,,
Poland,2023-01-12,341,18,,,,,,,,,
Poland,2023-01-13,324,7,,,,,,,,,
Poland,2023-01-14,337,11,,,,,,,,,
Poland,2023-01-15,77,0,,,,,,,,,
Poland,2023-01-16,55,0,,,,,,,,,
Poland,2023-01-17,510,9,,,,,,,,,
Poland,2023-01-18,377,6,,,,,,,,,
Poland,2023-01-19,388,9,,,,,,,,,
Poland,2023-01-20,331,3,,,,,,,,,
Poland,2023-01-21,414,3,,,,,,,,,
Poland,2023-01-22,73,0,,,,,,,,,
Poland,2023-01-23,65,0,,,,,,,,,
Poland,2023-01-24,686,15,,,,,,,,,
Poland,2023-01-25,494,6,,,,,,,,,
Poland,2023-01-26,532,3,,,,,,,,,
Poland,2023-01-27,540,8,,,,,,,,,
Poland,2023-01-28,519,2,,,,,,,,,
Poland,2023-01-29,50,0,,,,,,,,,
Poland,2023-01-30,53,0,,,,,,,,,
Poland,2023-01-31,989,12,,,,,,,,,
Poland,2023-02-01,834,9,,,,,,,,,
Poland,2023-02-02,811,4,,,,,,,,,
Poland,2023-02-03,1119,3,,,,,,,,,
Poland,2023-02-04,820,5,,,,,,,,,
Poland,2023-02-05,121,0,,,,,,,,,
Poland,2023-02-06,129,0,,,,,,,,,
Poland,2023-02-07,1445,6,,,,,,,,,
Poland,2023-02-08,1210,8,,,,,,,,,
Poland,2023-02-09,1168,5,,,,,,,,,
Poland,2023-02-10,1178,8,,,,,,,,,
Poland,2023-02-11,1346,4,,,,,,,,,
Poland,2023-02-12,169,0,,,,,,,,,
Poland,2023-02-13,200,0,,,,,,,,,
Poland,2023-02-14,2316,6,,,,,,,,,
Poland,2023-02-15,1874,15,,,,,,,,,
Poland,2023-02-16,1975,9,,,,,,,,,
Poland,2023-02-17,1921,8,,,,,,,,,
Poland,2023-02-18,2025,9,,,,,,,,,
Poland,2023-02-19,279,0,,,,,,,,,
Poland,2023-02-20,280,0,,,,,,,,,
Poland,2023-02-21,3425,7,,,,,,,,,
Poland,2023-02-22,2763,7,,,,,,,,,
Poland,2023-02-23,2810,10,,,,,,,,,
Poland,2023-02-24,2650,10,,,,,,,,,
Poland,2023-02-25,2594,8,,,,,,,,,
Poland,2023-02-26,540,,0.9,1.9,0,0,0,0,0,1,4
Poland,2023-02-27,581.5,,0.7,1.2,0,0,0,0,0,1,3
Poland,2023-02-28,4350.5,,15.1,11.3,13,3,8,11,15,19,33
Poland,2023-03-01,3867.5,,23.7,15.8,20,6,14,18,23,30,49
Poland,2023-03-02,3806,,18.3,11.7,15,4,11,13.6,18,23,41
Poland,2023-03-03,3702.5,,20,12.9,17,5,12,15,20,25,42
Poland,2023-03-04,3675.5,,17.1,11.3,15,4,10,13,17,22,37
Poland,2023-03-05,790,,1.2,2.1,1,0,0,0,1,2,5
Poland,2023-03-06,834.5,,1.2,1.9,0,0,0,0,1,2,5
Poland,2023-03-07,6366,,22.4,16.1,19,5,13,16,22,28,51
Poland,2023-03-08,5638,,35.8,28.9,30,9,19,26,35,44,78
Poland,2023-03-09,5513.5,,27,18.1,23,6,15,20,26,34,60
Poland,2023-03-10,5481,,28.9,20.3,24.5,7,16,21,28,37,66
Poland,2023-03-11,5123,,25.3,15.9,22,6.9,15,19,25,32,58
Poland,2023-03-12,1140,,1.9,3.7,1,0,0,0,1,2,7
Poland,2023-03-13,1243.5,,1.9,3.4,1,0,0,1,1,2,7
Poland,2023-03-14,9473,,36.2,51.8,27,7.9,16,22,32,44,85
Poland,2023-03-15,8095,,54.1,43.6,44,13,27,38,51,67,131
Poland,2023-03-16,7756.5,,42.9,39.8,32,9,20,27.6,39,53,110
Poland,2023-03-17,7488.5,,46.6,41.1,37,7,20,30,43,59,120
Poland,2023-03-18,7513.5,,40.6,44.3,32,8,18,25,38,50,100
Poland,2023-03-19,1612.5,,3,6,1,0,0,1,2,3,11
Poland,2023-03-20,1708.5,,3,7,1,0,0,1,2,3,11
Poland,2023-03-21,13151.5,,58.2,82.3,38,9,22,31,48,69,161
Poland,2023-03-22,11517,,92.2,114.1,62,13,35,50,80,116,254.1
Poland,2023-03-23,11720,,71.5,145.4,47,11,26,38,59,83,190.1
Poland,2023-03-24,11495,,79.5,92.5,51,9,28,42,66.4,96,240
Poland,2023-03-25,10692.5,,70.3,81.4,48,9,23,36,61,87,213.1
Poland,2023-03-26,2349,,5.2,10.8,2,0,0,1,3,6,19
Poland,2023-03-27,2488.5,,4.8,11.4,2,0,0,1,3,5,20
Poland,2023-03-28,19803.5,,100.7,216.4,53,8,26,40.6,71,109.2,311.3
Poland,2023-03-29,17498,,157,256.4,86.5,16,43,65,112,184,502.3
Romania,2022-12-31,0,0,,,,,,,,,
Romania,2023-01-01,0,0,,,,,,,,,
Romania,2023-01-02,3605,34,,,,,,,,,
Romania,2023-01-03,0,0,,,,,,,,,
Romania,2023-01-04,0,0,,,,,,,,,
Romania,2023-01-05,0,0,,,,,,,,,
Romania,2023-01-06,0,0,,,,,,,,,
Romania,2023-01-07,0,0,,,,,,,,,
Romania,2023-01-08,0,0,,,,,,,,,
Romania,2023-01-09,4107,52,,,,,,,,,
Romania,2023-01-10,0,0,,,,,,,,,
Romania,2023-01-11,0,0,,,,,,,,,
Romania,2023-01-12,0,0,,,,,,,,,
Romania,2023-01-13,0,0,,,,,,,,,
Romania,2023-01-14,0,0,,,,,,,,,
Romania,2023-01-15,0,0,,,,,,,,,
Romania,2023-01-16,3488,44,,,,,,,,,
Romania,2023-01-17,0,0,,,,,,,,,
Romania,2023-01-18,0,0,,,,,,,,,
Romania,2023-01-19,0,0,,,,,,,,,
Romania,2023-01-20,0,0,,,,,,,,,
Romania,2023-01-21,0,0,,,,,,,,,
Romania,2023-01-22,0,0,,,,,,,,,
Romania,2023-01-23,2968,38,,,,,,,,,
Romania,2023-01-24,0,0,,,,,,,,,
Romania,2023-01-25,0,0,,,,,,,,,
Romania,2023-01-26,0,0,,,,,,,,,
Romania,2023-01-27,0,0,,,,,,,,,
Romania,2023-01-28,0,0,,,,,,,,,
Romania,2023-01-29,0,0,,,,,,,,,
Romania,2023-01-30,2358,34,,,,,,,,,
Romania,2023-01-31,0,0,,,,,,,,,
Romania,2023-02-01,0,0,,,,,,,,,
Romania,2023-02-02,0,0,,,,,,,,,
Romania,2023-02-03,0,0,,,,,,,,,
Romania,2023-02-04,0,0,,,,,,,,,
Romania,2023-02-05,0,0,,,,,,,,,
Romania,2023-02-06,2799,43,,,,,,,,,
Romania,2023-02-07,0,0,,,,,,,,,
Romania,2023-02-08,0,0,,,,,,,,,
Romania,2023-02-09,0,0,,,,,,,,,
Romania,2023-02-10,0,0,,,,,,,,,
Romania,2023-02-11,0,0,,,,,,,,,
Romania,2023-02-12,0,0,,,,,,,,,
Romania,2023-02-13,3200,31,,,,,,,,,
Romania,2023-02-14,0,0,,,,,,,,,
Romania,2023-02-15,0,0,,,,,,,,,
Romania,2023-02-16,0,0,,,,,,,,,
Romania,2023-02-17,0,0,,,,,,,,,
Romania,2023-02-18,0,0,,,,,,,,,
Romania,2023-02-19,0,0,,,,,,,,,
Romania,2023-02-20,4126,25,,,,,,,,,
Romania,2023-02-21,0,0,,,,,,,,,
Romania,2023-02-22,0,0,,,,,,,,,
Romania,2023-02-23,0,0,,,,,,,,,
Romania,2023-02-24,0,0,,,,,,,,,
Romania,2023-02-25,0,0,,,,,,,,,
Romania,2023-02-26,0,,0.7,1.5,0,0,0,0,0,1,3
Romania,2023-02-27,4188,,22,27.1,14,1,6,10,19,28,72
Romania,2023-02-28,0,,0.9,2.1,0,0,0,0,0,1,5
Romania,2023-03-01,0,,0.8,2.4,0,0,0,0,0,1,4
Romania,2023-03-02,0,,0.8,2.1,0,0,0,0,0,1,4
Romania,2023-03-03,0,,0.7,1.7,0,0,0,0,0,1,3
Romania,2023-03-04,0,,0.5,1.3,0,0,0,0,0,1,3
Romania,2023-03-05,0,,0.7,2.1,0,0,0,0,0,1,3
Romania,2023-03-06,4711,,24.8,31.5,15,0,6,11,21,34,77.1
Romania,2023-03-07,0,,1,2.5,0,0,0,0,0,1,5
Romania,2023-03-08,0,,1,3.3,0,0,0,0,0,1,4
Romania,2023-03-09,0,,0.8,1.9,0,0,0,0,0,1,4
Romania,2023-03-10,0,,0.8,2.1,0,0,0,0,0,1,4
Romania,2023-03-11,0,,0.5,1.2,0,0,0,0,0,1,2
Romania,2023-03-12,0,,0.9,2.8,0,0,0,0,0,1,4
Romania,2023-03-13,5079.5,,32,56.1,17,1,6,12,23,39,108.1
Romania,2023-03-14,0,,1.1,2.9,0,0,0,0,0,1,6
Romania,2023-03-15,0,,1.1,2.7,0,0,0,0,0,1,5
Romania,2023-03-16,0,,1.2,5,0,0,0,0,0,1,5
Romania,2023-03-17,0,,1.3,3.7,0,0,0,0,0,1,5
Romania,2023-03-18,0,,0.7,2,0,0,0,0,0,1,3
Romania,2023-03-19,0,,1.2,3.4,0,0,0,0,0,1,5
Romania,2023-03-20,5701.5,,49.6,137.1,19,1,7,13,29,50,169.1
Romania,2023-03-21,0,,1.7,5.5,0,0,0,0,1,1,7
Romania,2023-03-22,0,,1.8,5.4,0,0,0,0,1,1,7
Romania,2023-03-23,0,,1.6,4.7,0,0,0,0,1,1,7
Romania,2023-03-24,0,,1.8,7.3,0,0,0,0,1,1,7
Romania,2023-03-25,0,,1.5,9.7,0,0,0,0,0,1,5
Romania,2023-03-26,0,,1.8,6,0,0,0,0,1,1,7
Romania,2023-03-27,6251,,69.4,221,22,1,7,14,33,59.2,249.2
Romania,2023-03-28,0,,2.6,10.5,0,0,0,0,1,2,10
Romania,2023-03-29,0,,2.9,14.6,0,0,0,0,1,2,10
Slovakia,2022-12-31,222,2,,,,,,,,,
Slovakia,2023-01-01,73,0,,,,,,,,,
Slovakia,2023-01-02,33,2,,,,,,,,,
Slovakia,2023-01-03,252,2,,,,,,,,,
Slovakia,2023-01-04,215,3,,,,,,,,,
Slovakia,2023-01-05,166,3,,,,,,,,,
Slovakia,2023-01-06,161,5,,,,,,,,,
Slovakia,2023-01-07,51,3,,,,,,,,,
Slovakia,2023-01-08,28,4,,,,,,,,,
Slovakia,2023-01-09,15,4,,,,,,,,,
Slovakia,2023-01-10,274,6,,,,,,,,,
Slovakia,2023-01-11,185,4,,,,,,,,,
Slovakia,2023-01-12,148,3,,,,,,,,,
Slovakia,2023-01-13,184,4,,,,,,,,,
Slovakia,2023-01-14,53,4,,,,,,,,,
Slovakia,2023-01-15,106,5,,,,,,,,,
Slovakia,2023-01-16,15,3,,,,,,,,,
Slovakia,2023-01-17,157,4,,,,,,,,,
Slovakia,2023-01-18,124,6,,,,,,,,,
Slovakia,2023-01-19,120,6,,,,,,,,,
Slovakia,2023-01-20,97,3,,,,,,,,,
Slovakia,2023-01-21,104,4,,,,,,,,,
Slovakia,2023-01-22,28,5,,,,,,,,,
Slovakia,2023-01-23,14,5,,,,,,,,,
Slovakia,2023-01-24,148,4,,,,,,,,,
Slovakia,2023-01-25,134,3,,,,,,,,,
Slovakia,2023-01-26,101,6,,,,,,,,,
Slovakia,2023-01-27,99,5,,,,,,,,,
Slovakia,2023-01-28,113,6,,,,,,,,,
Slovakia,2023-01-29,17,3,,,,,,,,,
Slovakia,2023-01-30,23,2,,,,,,,,,
Slovakia,2023-01-31,159,2,,,,,,,,,
Slovakia,2023-02-01,157,4,,,,,,,,,
Slovakia,2023-02-02,162,3,,,,,,,,,
Slovakia,2023-02-03,141,3,,,,,,,,,
Slovakia,2023-02-04,135,5,,,,,,,,,
Slovakia,2023-02-05,31,4,,,,,,,,,
Slovakia,2023-02-06,33,3,,,,,,,,,
Slovakia,2023-02-07,275,2,,,,,,,,,
Slovakia,2023-02-08,158,3,,,,,,,,,
Slovakia,2023-02-09,163,4,,,,,,,,,
Slovakia,2023-02-10,153,1,,,,,,,,,
Slovakia,2023-02-11,160,3,,,,,,,,,
Slovakia,2023-02-12,61,3,,,,,,,,,
Slovakia,2023-02-13,35,2,,,,,,,,,
Slovakia,2023-02-14,315,4,,,,,,,,,
Slovakia,2023-02-15,250,3,,,,,,,,,
Slovakia,2023-02-16,191,2,,,,,,,,,
Slovakia,2023-02-17,167,2,,,,,,,,,
Slovakia,2023-02-18,265,2,,,,,,,,,
Slovakia,2023-02-19,63,1,,,,,,,,,
Slovakia,2023-02-20,16,3,,,,,,,,,
Slovakia,2023-02-21,276,4,,,,,,,,,
Slovakia,2023-02-22,290,5,,,,,,,,,
Slovakia,2023-02-23,211,3,,,,,,,,,
Slovakia,2023-02-24,198,3,,,,,,,,,
Slovakia,2023-02-25,267,2,,,,,,,,,
Slovakia,2023-02-26,76,,4.5,3.9,4,0,2,3,4,6,11
Slovakia,2023-02-27,39,,4.1,3.5,3,0,2,3,4,6,10
Slovakia,2023-02-28,352,,5.1,4.2,4,0,2,3,5,7,13
Slovakia,2023-03-01,312.5,,5.3,4,5,1,2,4,5,7,13
Slovakia,2023-03-02,266.5,,4.9,4.3,4,0,2,3,5,7,12
Slovakia,2023-03-03,258.5,,3.2,3.1,3,0,1,2,3,4.2,9
Slovakia,2023-03-04,240,,5,4.1,4,0,2,3,5,6,13
Slovakia,2023-03-05,88,,5.5,5.3,4,0,2,3,5,7,14
Slovakia,2023-03-06,43,,4.7,3.8,4,0,2,3,5,7,12
Slovakia,2023-03-07,394,,6.1,5,5,1,3,4,6,8,16
Slovakia,2023-03-08,355,,6.4,5,5,1,3,4,6,8,16
Slovakia,2023-03-09,306.5,,5.9,6.4,5,1,3,4,5.4,8,14
Slovakia,2023-03-10,291,,3.8,3.4,3,0,1,2,4,5,10
Slovakia,2023-03-11,277.5,,6.2,7.6,5,1,3,4,6,8,15
Slovakia,2023-03-12,99,,6.4,6.2,5,1,3,4,6,8,17
Slovakia,2023-03-13,49,,5.8,5.1,4.5,0.9,2,4,6,8,16
Slovakia,2023-03-14,443,,7.2,6.4,6,1,3,5,7,9,19
Slovakia,2023-03-15,410,,7.7,6.8,6,1,3,5,7,10,20
Slovakia,2023-03-16,344,,6.8,6.2,5,1,3,4,7,9,18
Slovakia,2023-03-17,343.5,,4.7,4.9,4,0,2,3,5,6,13
Slovakia,2023-03-18,314,,7.2,7.7,5,1,3,4,7,9,19
Slovakia,2023-03-19,113.5,,7.6,7.6,6,1,3,4,7,10,21
Slovakia,2023-03-20,59,,7.4,6.8,5,1,3,4,7,10,20
Slovakia,2023-03-21,529,,8.7,8.5,6,1,3,5,8,11,24
Slovakia,2023-03-22,449,,9.7,9.7,7,1,3,6,9,13,27
Slovakia,2023-03-23,396,,8.6,12.1,6,0,3,5,8,11,23
Slovakia,2023-03-24,376.5,,5.8,6.5,4,0,2,3,5,7,17
Slovakia,2023-03-25,372,,9.4,15.6,7,1,3,5,9,12,25
Slovakia,2023-03-26,127,,10.4,20.2,7,0,3,5,8,12,30
Slovakia,2023-03-27,66,,9.2,11.4,6,0,3,5,8,12,29
Slovakia,2023-03-28,587.5,,11.4,13.6,7,1,3,6,10,15,35
Slovakia,2023-03-29,548,,12.4,16.7,8,1,4,6,10,16,38
Slovenia,2022-12-31,1138,2,,,,,,,,,
Slovenia,2023-01-01,326,4,,,,,,,,,
Slovenia,2023-01-02,196,1,,,,,,,,,
Slovenia,2023-01-03,506,3,,,,,,,,,
Slovenia,2023-01-04,1949,5,,,,,,,,,
Slovenia,2023-01-05,1368,0,,,,,,,,,
Slovenia,2023-01-06,879,2,,,,,,,,,
Slovenia,2023-01-07,835,2,,,,,,,,,
Slovenia,2023-01-08,199,0,,,,,,,,,
Slovenia,2023-01-09,204,3,,,,,,,,,
Slovenia,2023-01-10,1197,1,,,,,,,,,
Slovenia,2023-01-11,802,1,,,,,,,,,
Slovenia,2023-01-12,535,2,,,,,,,,,
Slovenia,2023-01-13,480,2,,,,,,,,,
Slovenia,2023-01-14,432,2,,,,,,,,,
Slovenia,2023-01-15,119,0,,,,,,,,,
Slovenia,2023-01-16,134,1,,,,,,,,,
Slovenia,2023-01-17,531,1,,,,,,,,,
Slovenia,2023-01-18,445,1,,,,,,,,,
Slovenia,2023-01-19,360,1,,,,,,,,,
Slovenia,2023-01-20,268,2,,,,,,,,,
Slovenia,2023-01-21,268,1,,,,,,,,,
Slovenia,2023-01-22,67,2,,,,,,,,,
Slovenia,2023-01-23,85,2,,,,,,,,,
Slovenia,2023-01-24,375,1,,,,,,,,,
Slovenia,2023-01-25,312,2,,,,,,,,,
Slovenia,2023-01-26,304,3,,,,,,,,,
Slovenia,2023-01-27,229,2,,,,,,,,,
Slovenia,2023-01-28,236,1,,,,,,,,,
Slovenia,2023-01-29,64,0,,,,,,,,,
Slovenia,2023-01-30,73,0,,,,,,,,,
Slovenia,2023-01-31,359,0,,,,,,,,,
Slovenia,2023-02-01,273,1,,,,,,,,,
Slovenia,2023-02-02,226,1,,,,,,,,,
Slovenia,2023-02-03,204,2,,,,,,,,,
Slovenia,2023-02-04,211,0,,,,,,,,,
Slovenia,2023-02-05,50,0,,,,,,,,,
Slovenia,2023-02-06,61,2,,,,,,,,,
Slovenia,2023-02-07,307,0,,,,,,,,,
Slovenia,2023-02-08,235,0,,,,,,,,,
Slovenia,2023-02-09,70,1,,,,,,,,,
Slovenia,2023-02-10,229,0,,,,,,,,,
Slovenia,2023-02-11,242,1,,,,,,,,,
Slovenia,2023-02-12,65,0,,,,,,,,,
Slovenia,2023-02-13,64,0,,,,,,,,,
Slovenia,2023-02-14,490,1,,,,,,,,,
Slovenia,2023-02-15,297,0,,,,,,,,,
Slovenia,2023-02-16,268,0,,,,,,,,,
Slovenia,2023-02-17,276,1,,,,,,,,,
Slovenia,2023-02-18,274,1,,,,,,,,,
Slovenia,2023-02-19,84,0,,,,,,,,,
Slovenia,2023-02-20,85,0,,,,,,,,,
Slovenia,2023-02-21,456,0,,,,,,,,,
Slovenia,2023-02-22,323,1,,,,,,,,,
Slovenia,2023-02-23,377,3,,,,,,,,,
Slovenia,2023-02-24,329,0,,,,,,,,,
Slovenia,2023-02-25,338,0,,,,,,,,,
Slovenia,2023-02-26,102,,0.3,0.8,0,0,0,0,0,0,2
Slovenia,2023-02-27,107,,0.8,1.4,0,0,0,0,1,1,4
Slovenia,2023-02-28,541,,0.6,1.4,0,0,0,0,0,1,3
Slovenia,2023-03-01,546,,0.6,1.2,0,0,0,0,0,1,3
Slovenia,2023-03-02,466,,1.4,2.1,1,0,0,0,1,2,5
Slovenia,2023-03-03,434,,0.7,1.3,0,0,0,0,0,1,3
Slovenia,2023-03-04,443,,0.8,1.3,0,0,0,0,0.4,1,3
Slovenia,2023-03-05,136,,0.3,0.9,0,0,0,0,0,0,2
Slovenia,2023-03-06,141,,1,1.7,0,0,0,0,1,1,4
Slovenia,2023-03-07,735,,0.7,1.4,0,0,0,0,0,1,3
Slovenia,2023-03-08,724,,0.9,1.8,0,0,0,0,1,1,3
Slovenia,2023-03-09,611.5,,1.7,2.5,1,0,0,0,1,2,6
Slovenia,2023-03-10,563.5,,0.9,1.6,0,0,0,0,1,1,4
Slovenia,2023-03-11,601.5,,1,1.8,0,0,0,0,1,1,4
Slovenia,2023-03-12,180,,0.5,1,0,0,0,0,0,1,2
Slovenia,2023-03-13,186,,1.3,2.4,1,0,0,0,1,2,5
Slovenia,2023-03-14,949,,1.1,2,0,0,0,0,1,1,4
Slovenia,2023-03-15,925,,1.1,2.2,0,0,0,0,1,1,5
Slovenia,2023-03-16,836.5,,2.5,4.2,1,0,0,1,2,3,9
Slovenia,2023-03-17,746,,1.3,2.4,0,0,0,0,1,2,5
Slovenia,2023-03-18,809,,1.5,2.3,1,0,0,0,1,2,6
Slovenia,2023-03-19,242,,0.7,1.6,0,0,0,0,0,1,3
Slovenia,2023-03-20,240.5,,2.2,4.2,1,0,0,0,1,2,8
Slovenia,2023-03-21,1221.5,,1.6,3.8,0,0,0,0,1,2,7
Slovenia,2023-03-22,1220,,1.8,3.4,1,0,0,0,1,2,8
Slovenia,2023-03-23,1050,,3.6,6.4,2,0,0,1,3,4,13
Slovenia,2023-03-24,996,,1.9,4.2,1,0,0,0,1,2,8
Slovenia,2023-03-25,1037.5,,2.5,6.5,1,0,0,1,1,3,9
Slovenia,2023-03-26,320,,1.1,2.5,0,0,0,0,0,1,5
Slovenia,2023-03-27,331.5,,3.4,7.4,1,0,0,1,2,3,14
Slovenia,2023-03-28,1631,,2.3,5.1,1,0,0,0,1,3,10
Slovenia,2023-03-29,1569.5,,2.7,6.1,1,0,0,0,2,3,12
Spain,2022-12-31,0,0,,,,,,,,,
Spain,2023-01-01,0,0,,,,,,,,,
Spain,2023-01-02,0,0,,,,,,,,,
Spain,2023-01-03,0,0,,,,,,,,,
Spain,2023-01-04,0,0,,,,,,,,,
Spain,2023-01-05,9220,318,,,,,,,,,
Spain,2023-01-06,0,0,,,,,,,,,
Spain,2023-01-07,0,0,,,,,,,,,
Spain,2023-01-08,0,0,,,,,,,,,
Spain,2023-01-09,0,0,,,,,,,,,
Spain,2023-01-10,0,0,,,,,,,,,
Spain,2023-01-11,0,0,,,,,,,,,
Spain,2023-01-12,0,0,,,,,,,,,
Spain,2023-01-13,17773,346,,,,,,,,,
Spain,2023-01-14,0,0,,,,,,,,,
Spain,2023-01-15,0,0,,,,,,,,,
Spain,2023-01-16,0,0,,,,,,,,,
Spain,2023-01-17,0,0,,,,,,,,,
Spain,2023-01-18,0,0,,,,,,,,,
Spain,2023-01-19,0,0,,,,,,,,,
Spain,2023-01-20,11426,424,,,,,,,,,
Spain,2023-01-21,0,0,,,,,,,,,
Spain,2023-01-22,0,0,,,,,,,,,
Spain,2023-01-23,0,0,,,,,,,,,
Spain,2023-01-24,0,0,,,,,,,,,
Spain,2023-01-25,0,0,,,,,,,,,
Spain,2023-01-26,0,0,,,,,,,,,
Spain,2023-01-27,8801,251,,,,,,,,,
Spain,2023-01-28,0,0,,,,,,,,,
Spain,2023-01-29,0,0,,,,,,,,,
Spain,2023-01-30,0,0,,,,,,,,,
Spain,2023-01-31,0,0,,,,,,,,,
Spain,2023-02-01,0,0,,,,,,,,,
Spain,2023-02-02,0,0,,,,,,,,,
Spain,2023-02-03,9053,278,,,,,,,,,
Spain,2023-02-04,0,0,,,,,,,,,
Spain,2023-02-05,0,0,,,,,,,,,
Spain,2023-02-06,0,0,,,,,,,,,
Spain,2023-02-07,0,0,,,,,,,,,
Spain,2023-02-08,0,0,,,,,,,,,
Spain,2023-02-09,0,0,,,,,,,,,
Spain,2023-02-10,8387,264,,,,,,,,,
Spain,2023-02-11,0,0,,,,,,,,,
Spain,2023-02-12,0,0,,,,,,,,,
Spain,2023-02-13,0,0,,,,,,,,,
Spain,2023-02-14,0,0,,,,,,,,,
Spain,2023-02-15,0,0,,,,,,,,,
Spain,2023-02-16,0,0,,,,,,,,,
Spain,2023-02-17,7038,210,,,,,,,,,
Spain,2023-02-18,0,0,,,,,,,,,
Spain,2023-02-19,0,0,,,,,,,,,
Spain,2023-02-20,0,0,,,,,,,,,
Spain,2023-02-21,0,0,,,,,,,,,
Spain,2023-02-22,0,0,,,,,,,,,
Spain,2023-02-23,0,0,,,,,,,,,
Spain,2023-02-24,7380,194,,,,,,,,,
Spain,2023-02-25,0,0,,,,,,,,,
Spain,2023-02-26,0,,0.9,4,0,0,0,0,0,1,4
Spain,2023-02-27,0,,0.8,2.1,0,0,0,0,0,1,4
Spain,2023-02-28,0,,0.7,1.9,0,0,0,0,0,1,3
Spain,2023-03-01,0,,0.7,2.1,0,0,0,0,0,1,4
Spain,2023-03-02,132.5,,0.9,3.2,0,0,0,0,0,1,4
Spain,2023-03-03,1074,,82.7,92.2,51,2,18,35,72,111.2,271
Spain,2023-03-04,0,,0.5,1.5,0,0,0,0,0,0,2
Spain,2023-03-05,0,,0.9,2.9,0,0,0,0,0,1,4
Spain,2023-03-06,0,,0.8,2.6,0,0,0,0,0,1,4
Spain,2023-03-07,0,,0.8,2,0,0,0,0,0,1,4
Spain,2023-03-08,0,,0.7,3.1,0,0,0,0,0,1,3
Spain,2023-03-09,110.5,,0.8,2.6,0,0,0,0,0,1,3
Spain,2023-03-10,951,,79.3,195.4,39,1,15,28,57,90.2,236
Spain,2023-03-11,0,,0.4,1.5,0,0,0,0,0,0,2
Spain,2023-03-12,0,,1.1,9.9,0,0,0,0,0,0,3
Spain,2023-03-13,0,,0.8,6.2,0,0,0,0,0,0,3
Spain,2023-03-14,0,,0.7,5.9,0,0,0,0,0,0,2
Spain,2023-03-15,0,,0.9,5.7,0,0,0,0,0,0,3
Spain,2023-03-16,99,,2.9,62.4,0,0,0,0,0,0,4
Spain,2023-03-17,889,,207.6,2720.9,21,0,6,14,30,58,278.1
Spain,2023-03-18,0,,0.5,3.6,0,0,0,0,0,0,2
Spain,2023-03-19,0,,0.8,7.7,0,0,0,0,0,0,3
Spain,2023-03-20,0,,1.1,9.1,0,0,0,0,0,0,3
Spain,2023-03-21,0,,2.4,46.7,0,0,0,0,0,0,4
Spain,2023-03-22,0,,1.8,15.8,0,0,0,0,0,0,4
Spain,2023-03-23,88,,4.8,73.8,0,0,0,0,0,0,4
Spain,2023-03-24,760.5,,308.3,2855.3,16,0,4,10,26,55.2,384.2
Spain,2023-03-25,0,,1.9,37.5,0,0,0,0,0,0,2
Spain,2023-03-26,0,,2.4,19.9,0,0,0,0,0,0,4
Spain,2023-03-27,0,,6.1,87.4,0,0,0,0,0,0,5
Spain,2023-03-28,0,,5.5,102.3,0,0,0,0,0,0,5
Spain,2023-03-29,0,,3.8,30.2,0,0,0,0,0,0,6
Sweden,2022-12-31,0,0,,,,,,,,,
Sweden,2023-01-01,0,0,,,,,,,,,
Sweden,2023-01-02,0,0,,,,,,,,,
Sweden,2023-01-03,0,0,,,,,,,,,
Sweden,2023-01-04,0,0,,,,,,,,,
Sweden,2023-01-05,8494,315,,,,,,,,,
Sweden,2023-01-06,0,0,,,,,,,,,
Sweden,2023-01-07,0,0,,,,,,,,,
Sweden,2023-01-08,0,0,,,,,,,,,
Sweden,2023-01-09,0,0,,,,,,,,,
Sweden,2023-01-10,0,0,,,,,,,,,
Sweden,2023-01-11,0,0,,,,,,,,,
Sweden,2023-01-12,4484,503,,,,,,,,,
Sweden,2023-01-13,0,0,,,,,,,,,
Sweden,2023-01-14,0,0,,,,,,,,,
Sweden,2023-01-15,0,0,,,,,,,,,
Sweden,2023-01-16,0,0,,,,,,,,,
Sweden,2023-01-17,0,0,,,,,,,,,
Sweden,2023-01-18,0,0,,,,,,,,,
Sweden,2023-01-19,2633,375,,,,,,,,,
Sweden,2023-01-20,0,0,,,,,,,,,
Sweden,2023-01-21,0,0,,,,,,,,,
Sweden,2023-01-22,0,0,,,,,,,,,
Sweden,2023-01-23,0,0,,,,,,,,,
Sweden,2023-01-24,0,0,,,,,,,,,
Sweden,2023-01-25,0,0,,,,,,,,,
Sweden,2023-01-26,2985,259,,,,,,,,,
Sweden,2023-01-27,0,0,,,,,,,,,
Sweden,2023-01-28,0,0,,,,,,,,,
Sweden,2023-01-29,0,0,,,,,,,,,
Sweden,2023-01-30,0,0,,,,,,,,,
Sweden,2023-01-31,0,0,,,,,,,,,
Sweden,2023-02-01,0,0,,,,,,,,,
Sweden,2023-02-02,1435,169,,,,,,,,,
Sweden,2023-02-03,0,0,,,,,,,,,
Sweden,2023-02-04,0,0,,,,,,,,,
Sweden,2023-02-05,0,0,,,,,,,,,
Sweden,2023-02-06,0,0,,,,,,,,,
Sweden,2023-02-07,0,0,,,,,,,,,
Sweden,2023-02-08,0,0,,,,,,,,,
Sweden,2023-02-09,1275,115,,,,,,,,,
Sweden,2023-02-10,0,0,,,,,,,,,
Sweden,2023-02-11,0,0,,,,,,,,,
Sweden,2023-02-12,0,0,,,,,,,,,
Sweden,2023-02-13,0,0,,,,,,,,,
Sweden,2023-02-14,0,0,,,,,,,,,
Sweden,2023-02-15,0,0,,,,,,,,,
Sweden,2023-02-16,991,71,,,,,,,,,
Sweden,2023-02-17,0,0,,,,,,,,,
Sweden,2023-02-18,0,0,,,,,,,,,
Sweden,2023-02-19,0,0,,,,,,,,,
Sweden,2023-02-20,0,0,,,,,,,,,
Sweden,2023-02-21,0,0,,,,,,,,,
Sweden,2023-02-22,0,0,,,,,,,,,
Sweden,2023-02-23,668,28,,,,,,,,,
Sweden,2023-02-24,0,0,,,,,,,,,
Sweden,2023-02-25,0,0,,,,,,,,,
Sweden,2023-02-26,0,,0.4,1.2,0,0,0,0,0,0,2
Sweden,2023-02-27,0,,0.3,0.8,0,0,0,0,0,0,2
Sweden,2023-02-28,0,,0.4,1.1,0,0,0,0,0,0,2
Sweden,2023-03-01,0,,0.5,1.3,0,0,0,0,0,0,2
Sweden,2023-03-02,473,,15.7,17.1,10,0,4,7,14,22,51
Sweden,2023-03-03,0,,0.4,1,0,0,0,0,0,0,2
Sweden,2023-03-04,0,,0.2,0.8,0,0,0,0,0,0,1
Sweden,2023-03-05,0,,0.3,1.3,0,0,0,0,0,0,1
Sweden,2023-03-06,0,,0.2,0.7,0,0,0,0,0,0,1
Sweden,2023-03-07,0,,0.3,1,0,0,0,0,0,0,2
Sweden,2023-03-08,0,,0.3,0.8,0,0,0,0,0,0,2
Sweden,2023-03-09,360,,11.3,14.9,6,0,2,5,9,14,38
Sweden,2023-03-10,0,,0.3,1,0,0,0,0,0,0,2
Sweden,2023-03-11,0,,0.2,0.6,0,0,0,0,0,0,1
Sweden,2023-03-12,0,,0.2,1,0,0,0,0,0,0,1
Sweden,2023-03-13,0,,0.2,1.4,0,0,0,0,0,0,1
Sweden,2023-03-14,0,,0.3,1,0,0,0,0,0,0,1
Sweden,2023-03-15,0,,0.2,1.4,0,0,0,0,0,0,1
Sweden,2023-03-16,265,,10.8,33.1,6,0,1,4,8,13,35
Sweden,2023-03-17,0,,0.3,2.5,0,0,0,0,0,0,1
Sweden,2023-03-18,0,,0.2,0.7,0,0,0,0,0,0,1
Sweden,2023-03-19,0,,0.2,1.2,0,0,0,0,0,0,1
Sweden,2023-03-20,0,,0.3,2.9,0,0,0,0,0,0,1
Sweden,2023-03-21,0,,0.3,2.3,0,0,0,0,0,0,1
Sweden,2023-03-22,0,,0.2,0.9,0,0,0,0,0,0,1
Sweden,2023-03-23,188.5,,8.5,21.2,3,0,1,2,5,9,30
Sweden,2023-03-24,0,,0.2,0.7,0,0,0,0,0,0,1
Sweden,2023-03-25,0,,0.1,0.4,0,0,0,0,0,0,1
Sweden,2023-03-26,0,,0.3,2.5,0,0,0,0,0,0,1
Sweden,2023-03-27,0,,0.3,4.4,0,0,0,0,0,0,1
Sweden,2023-03-28,0,,0.4,7.8,0,0,0,0,0,0,1
Sweden,2023-03-29,0,,0.3,2,0,0,0,0,0,0,1
Switzerland,2022-12-31,0,0,,,,,,,,,
Switzerland,2023-01-01,0,1,,,,,,,,,
Switzerland,2023-01-02,0,0,,,,,,,,,
Switzerland,2023-01-03,0,8,,,,,,,,,
Switzerland,2023-01-04,0,8,,,,,,,,,
Switzerland,2023-01-05,4166,0,,,,,,,,,
Switzerland,2023-01-06,0,0,,,,,,,,,
Switzerland,2023-01-07,0,0,,,,,,,,,
Switzerland,2023-01-08,0,0,,,,,,,,,
Switzerland,2023-01-09,0,3,,,,,,,,,
Switzerland,2023-01-10,1298,0,,,,,,,,,
Switzerland,2023-01-11,0,8,,,,,,,,,
Switzerland,2023-01-12,0,0,,,,,,,,,
Switzerland,2023-01-13,0,33,,,,,,,,,
Switzerland,2023-01-14,0,0,,,,,,,,,
Switzerland,2023-01-15,0,0,,,,,,,,,
Switzerland,2023-01-16,0,0,,,,,,,,,
Switzerland,2023-01-17,1263,3,,,,,,,,,
Switzerland,2023-01-18,0,6,,,,,,,,,
Switzerland,2023-01-19,0,0,,,,,,,,,
Switzerland,2023-01-20,0,0,,,,,,,,,
Switzerland,2023-01-21,0,0,,,,,,,,,
Switzerland,2023-01-22,0,0,,,,,,,,,
Switzerland,2023-01-23,0,0,,,,,,,,,
Switzerland,2023-01-24,0,0,,,,,,,,,
Switzerland,2023-01-25,0,1,,,,,,,,,
Switzerland,2023-01-26,0,0,,,,,,,,,
Switzerland,2023-01-27,0,0,,,,,,,,,
Switzerland,2023-01-28,0,0,,,,,,,,,
Switzerland,2023-01-29,0,0,,,,,,,,,
Switzerland,2023-01-30,807,0,,,,,,,,,
Switzerland,2023-01-31,865,0,,,,,,,,,
Switzerland,2023-02-01,0,0,,,,,,,,,
Switzerland,2023-02-02,0,0,,,,,,,,,
Switzerland,2023-02-03,0,0,,,,,,,,,
Switzerland,2023-02-04,0,0,,,,,,,,,
Switzerland,2023-02-05,0,0,,,,,,,,,
Switzerland,2023-02-06,0,0,,,,,,,,,
Switzerland,2023-02-07,918,0,,,,,,,,,
Switzerland,2023-02-08,0,0,,,,,,,,,
Switzerland,2023-02-09,0,0,,,,,,,,,
Switzerland,2023-02-10,0,0,,,,,,,,,
Switzerland,2023-02-11,0,0,,,,,,,,,
Switzerland,2023-02-12,0,0,,,,,,,,,
Switzerland,2023-02-13,0,0,,,,,,,,,
Switzerland,2023-02-14,995,0,,,,,,,,,
Switzerland,2023-02-15,0,0,,,,,,,,,
Switzerland,2023-02-16,0,0,,,,,,,,,
Switzerland,2023-02-17,0,0,,,,,,,,,
Switzerland,2023-02-18,0,0,,,,,,,,,
Switzerland,2023-02-19,0,0,,,,,,,,,
Switzerland,2023-02-20,0,1,,,,,,,,,
Switzerland,2023-02-21,1231,0,,,,,,,,,
Switzerland,2023-02-22,0,0,,,,,,,,,
Switzerland,2023-02-23,0,0,,,,,,,,,
Switzerland,2023-02-24,0,0,,,,,,,,,
Switzerland,2023-02-25,0,0,,,,,,,,,
Switzerland,2023-02-26,0,,0.1,0.4,0,0,0,0,0,0,1
Switzerland,2023-02-27,12,,0.2,0.7,0,0,0,0,0,0,1
Switzerland,2023-02-28,99.5,,0.1,0.5,0,0,0,0,0,0,1
Switzerland,2023-03-01,0,,0.1,0.3,0,0,0,0,0,0,1
Switzerland,2023-03-02,44,,0.1,0.4,0,0,0,0,0,0,1
Switzerland,2023-03-03,0,,0.1,0.3,0,0,0,0,0,0,1
Switzerland,2023-03-04,0,,0.1,0.3,0,0,0,0,0,0,1
Switzerland,2023-03-05,0,,0.1,0.4,0,0,0,0,0,0,1
Switzerland,2023-03-06,7,,0.2,0.5,0,0,0,0,0,0,1
Switzerland,2023-03-07,70.5,,0.1,0.4,0,0,0,0,0,0,1
Switzerland,2023-03-08,0,,0.1,0.3,0,0,0,0,0,0,1
Switzerland,2023-03-09,35,,0.1,0.3,0,0,0,0,0,0,1
Switzerland,2023-03-10,0,,0.1,0.4,0,0,0,0,0,0,1
Switzerland,2023-03-11,0,,0.1,0.4,0,0,0,0,0,0,1
Switzerland,2023-03-12,0,,0.1,0.5,0,0,0,0,0,0,1
Switzerland,2023-03-13,5,,0.2,0.6,0,0,0,0,0,0,1
Switzerland,2023-03-14,49,,0.1,0.4,0,0,0,0,0,0,1
Switzerland,2023-03-15,0,,0.1,0.3,0,0,0,0,0,0,0
Switzerland,2023-03-16,19,,0.1,1.2,0,0,0,0,0,0,1
Switzerland,2023-03-17,0,,0.1,0.6,0,0,0,0,0,0,1
Switzerland,2023-03-18,0,,0.1,0.6,0,0,0,0,0,0,0
Switzerland,2023-03-19,0,,0.2,1.6,0,0,0,0,0,0,1
Switzerland,2023-03-20,3,,0.2,0.9,0,0,0,0,0,0,1
Switzerland,2023-03-21,33,,0.2,1.4,0,0,0,0,0,0,1
Switzerland,2023-03-22,0,,0.1,0.6,0,0,0,0,0,0,1
Switzerland,2023-03-23,13.5,,0.1,1.2,0,0,0,0,0,0,1
Switzerland,2023-03-24,0,,0.2,2.5,0,0,0,0,0,0,1
Switzerland,2023-03-25,0,,0.4,7.7,0,0,0,0,0,0,0
Switzerland,2023-03-26,0,,0.3,4.1,0,0,0,0,0,0,1
Switzerland,2023-03-27,3,,0.5,5.8,0,0,0,0,0,0,1
Switzerland,2023-03-28,23,,0.2,1.3,0,0,0,0,0,0,1
Switzerland,2023-03-29,0,,0.5,7.1,0,0,0,0,0,0,1
United Kingdom,2022-12-31,0,148,,,,,,,,,
United Kingdom,2023-01-01,0,121,,,,,,,,,
United Kingdom,2023-01-02,0,122,,,,,,,,,
United Kingdom,2023-01-03,0,133,,,,,,,,,
United Kingdom,2023-01-04,0,136,,,,,,,,,
United Kingdom,2023-01-05,75047,141,,,,,,,,,
United Kingdom,2023-01-06,0,112,,,,,,,,,
United Kingdom,2023-01-07,0,117,,,,,,,,,
United Kingdom,2023-01-08,0,117,,,,,,,,,
United Kingdom,2023-01-09,0,129,,,,,,,,,
United Kingdom,2023-01-10,0,109,,,,,,,,,
United Kingdom,2023-01-11,0,92,,,,,,,,,
United Kingdom,2023-01-12,33262,115,,,,,,,,,
United Kingdom,2023-01-13,0,101,,,,,,,,,
United Kingdom,2023-01-14,0,100,,,,,,,,,
United Kingdom,2023-01-15,0,112,,,,,,,,,
United Kingdom,2023-01-16,0,105,,,,,,,,,
United Kingdom,2023-01-17,0,91,,,,,,,,,
United Kingdom,2023-01-18,0,87,,,,,,,,,
United Kingdom,2023-01-19,15847,80,,,,,,,,,
United Kingdom,2023-01-20,0,78,,,,,,,,,
United Kingdom,2023-01-21,0,71,,,,,,,,,
United Kingdom,2023-01-22,0,71,,,,,,,,,
United Kingdom,2023-01-23,0,77,,,,,,,,,
United Kingdom,2023-01-24,0,77,,,,,,,,,
United Kingdom,2023-01-25,0,65,,,,,,,,,
United Kingdom,2023-01-26,15121,65,,,,,,,,,
United Kingdom,2023-01-27,0,74,,,,,,,,,
United Kingdom,2023-01-28,0,0,,,,,,,,,
United Kingdom,2023-01-29,0,0,,,,,,,,,
United Kingdom,2023-01-30,0,0,,,,,,,,,
United Kingdom,2023-01-31,0,0,,,,,,,,,
United Kingdom,2023-02-01,0,0,,,,,,,,,
United Kingdom,2023-02-02,19391,0,,,,,,,,,
United Kingdom,2023-02-03,0,0,,,,,,,,,
United Kingdom,2023-02-04,0,0,,,,,,,,,
United Kingdom,2023-02-05,0,0,,,,,,,,,
United Kingdom,2023-02-06,0,0,,,,,,,,,
United Kingdom,2023-02-07,0,0,,,,,,,,,
United Kingdom,2023-02-08,0,0,,,,,,,,,
United Kingdom,2023-02-09,22231,0,,,,,,,,,
United Kingdom,2023-02-10,0,0,,,,,,,,,
United Kingdom,2023-02-11,0,0,,,,,,,,,
United Kingdom,2023-02-12,0,0,,,,,,,,,
United Kingdom,2023-02-13,0,0,,,,,,,,,
United Kingdom,2023-02-14,0,0,,,,,,,,,
United Kingdom,2023-02-15,0,0,,,,,,,,,
United Kingdom,2023-02-16,25632,0,,,,,,,,,
United Kingdom,2023-02-17,0,0,,,,,,,,,
United Kingdom,2023-02-18,0,0,,,,,,,,,
United Kingdom,2023-02-19,0,0,,,,,,,,,
United Kingdom,2023-02-20,0,0,,,,,,,,,
United Kingdom,2023-02-21,0,0,,,,,,,,,
United Kingdom,2023-02-22,0,0,,,,,,,,,
United Kingdom,2023-02-23,28539,0,,,,,,,,,
United Kingdom,2023-02-24,0,0,,,,,,,,,
United Kingdom,2023-02-25,0,0,,,,,,,,,
United Kingdom,2023-02-26,0,,0.1,0.3,0,0,0,0,0,0,1
United Kingdom,2023-02-27,0,,0.1,0.3,0,0,0,0,0,0,1
United Kingdom,2023-02-28,0,,0.1,0.3,0,0,0,0,0,0,1
United Kingdom,2023-03-01,0,,0.1,0.4,0,0,0,0,0,0,1
United Kingdom,2023-03-02,9423.5,,0.1,0.3,0,0,0,0,0,0,1
United Kingdom,2023-03-03,0,,0.1,0.3,0,0,0,0,0,0,1
United Kingdom,2023-03-04,0,,0.1,0.3,0,0,0,0,0,0,0
United Kingdom,2023-03-05,0,,0.1,0.3,0,0,0,0,0,0,1
United Kingdom,2023-03-06,0,,0.1,1.2,0,0,0,0,0,0,1
United Kingdom,2023-03-07,0,,0.1,0.4,0,0,0,0,0,0,1
United Kingdom,2023-03-08,0,,0.1,0.5,0,0,0,0,0,0,1
United Kingdom,2023-03-09,9985.5,,0.1,0.5,0,0,0,0,0,0,1
United Kingdom,2023-03-10,0,,0.1,0.3,0,0,0,0,0,0,1
United Kingdom,2023-03-11,0,,0.1,0.4,0,0,0,0,0,0,0
United Kingdom,2023-03-12,0,,0.1,0.3,0,0,0,0,0,0,0
United Kingdom,2023-03-13,0,,0.2,3.7,0,0,0,0,0,0,1
United Kingdom,2023-03-14,0,,0.2,1.7,0,0,0,0,0,0,1
United Kingdom,2023-03-15,0,,0.2,4.7,0,0,0,0,0,0,1
United Kingdom,2023-03-16,9679.5,,0.1,1.2,0,0,0,0,0,0,1
United Kingdom,2023-03-17,0,,0.1,0.5,0,0,0,0,0,0,1
United Kingdom,2023-03-18,0,,0.1,0.7,0,0,0,0,0,0,1
United Kingdom,2023-03-19,0,,0.1,0.6,0,0,0,0,0,0,1
United Kingdom,2023-03-20,0,,1.3,37.7,0,0,0,0,0,0,1
United Kingdom,2023-03-21,0,,0.3,6.2,0,0,0,0,0,0,1
United Kingdom,2023-03-22,0,,0.4,5.2,0,0,0,0,0,0,1
United Kingdom,2023-03-23,9870,,0.2,1,0,0,0,0,0,0,1
United Kingdom,2023-03-24,0,,0.2,2.1,0,0,0,0,0,0,1
United Kingdom,2023-03-25,0,,0.2,1.7,0,0,0,0,0,0,1
United Kingdom,2023-03-26,0,,0.2,0.9,0,0,0,0,0,0,1
United Kingdom,2023-03-27,0,,0.8,20.8,0,0,0,0,0,0,1
United Kingdom,2023-03-28,0,,0.5,6.2,0,0,0,0,0,0,1
United Kingdom,2023-03-29,0,,0.3,3.2,0,0,0,0,0,0,1
