location,location_name,value,target_end_date
AT,Austria,0,2020-02-01
AT,Austria,0,2020-02-08
AT,Austria,0,2020-02-15
AT,Austria,0,2020-02-22
AT,Austria,0,2020-02-29
AT,Austria,0,2020-03-07
AT,Austria,1,2020-03-14
AT,Austria,7,2020-03-21
AT,Austria,60,2020-03-28
AT,Austria,118,2020-04-04
AT,Austria,151,2020-04-11
AT,Austria,106,2020-04-18
AT,Austria,93,2020-04-25
AT,Austria,60,2020-05-02
AT,Austria,19,2020-05-09
AT,Austria,14,2020-05-16
AT,Austria,10,2020-05-23
AT,Austria,29,2020-05-30
AT,Austria,4,2020-06-06
AT,Austria,5,2020-06-13
AT,Austria,11,2020-06-20
AT,Austria,12,2020-06-27
AT,Austria,5,2020-07-04
AT,Austria,1,2020-07-11
AT,Austria,5,2020-07-18
AT,Austria,1,2020-07-25
AT,Austria,6,2020-08-01
AT,Austria,3,2020-08-08
AT,Austria,7,2020-08-15
AT,Austria,4,2020-08-22
AT,Austria,1,2020-08-29
AT,Austria,2,2020-09-05
AT,Austria,19,2020-09-12
AT,Austria,11,2020-09-19
AT,Austria,22,2020-09-26
AT,Austria,22,2020-10-03
AT,Austria,43,2020-10-10
AT,Austria,37,2020-10-17
AT,Austria,76,2020-10-24
AT,Austria,144,2020-10-31
AT,Austria,268,2020-11-07
AT,Austria,369,2020-11-14
AT,Austria,582,2020-11-21
AT,Austria,690,2020-11-28
AT,Austria,739,2020-12-05
AT,Austria,658,2020-12-12
AT,Austria,794,2020-12-19
AT,Austria,634,2020-12-26
AT,Austria,432,2021-01-02
AT,Austria,412,2021-01-09
AT,Austria,366,2021-01-16
AT,Austria,336,2021-01-23
AT,Austria,314,2021-01-30
AT,Austria,291,2021-02-06
AT,Austria,201,2021-02-13
AT,Austria,173,2021-02-20
AT,Austria,170,2021-02-27
AT,Austria,156,2021-03-06
AT,Austria,162,2021-03-13
AT,Austria,196,2021-03-20
AT,Austria,179,2021-03-27
AT,Austria,203,2021-04-03
AT,Austria,228,2021-04-10
AT,Austria,208,2021-04-17
AT,Austria,200,2021-04-24
AT,Austria,163,2021-05-01
AT,Austria,141,2021-05-08
AT,Austria,96,2021-05-15
AT,Austria,71,2021-05-22
AT,Austria,51,2021-05-29
AT,Austria,44,2021-06-05
AT,Austria,16,2021-06-12
AT,Austria,27,2021-06-19
AT,Austria,20,2021-06-26
AT,Austria,10,2021-07-03
AT,Austria,14,2021-07-10
AT,Austria,5,2021-07-17
AT,Austria,3,2021-07-24
AT,Austria,6,2021-07-31
AT,Austria,13,2021-08-07
AT,Austria,4,2021-08-14
AT,Austria,7,2021-08-21
AT,Austria,16,2021-08-28
AT,Austria,13,2021-09-04
AT,Austria,47,2021-09-11
AT,Austria,52,2021-09-18
AT,Austria,72,2021-09-25
AT,Austria,60,2021-10-02
AT,Austria,69,2021-10-09
AT,Austria,71,2021-10-16
AT,Austria,84,2021-10-23
AT,Austria,100,2021-10-30
AT,Austria,137,2021-11-06
AT,Austria,207,2021-11-13
AT,Austria,304,2021-11-20
AT,Austria,356,2021-11-27
AT,Austria,404,2021-12-04
AT,Austria,390,2021-12-11
AT,Austria,319,2021-12-18
AT,Austria,164,2021-12-25
AT,Austria,123,2022-01-01
AT,Austria,95,2022-01-08
AT,Austria,71,2022-01-15
AT,Austria,70,2022-01-22
AT,Austria,92,2022-01-29
AT,Austria,137,2022-02-05
AT,Austria,146,2022-02-12
AT,Austria,177,2022-02-19
AT,Austria,225,2022-02-26
AT,Austria,224,2022-03-05
AT,Austria,194,2022-03-12
AT,Austria,207,2022-03-19
AT,Austria,278,2022-03-26
AT,Austria,292,2022-04-02
AT,Austria,251,2022-04-09
AT,Austria,199,2022-04-16
AT,Austria,1628,2022-04-23
BE,Belgium,0,2020-02-01
BE,Belgium,0,2020-02-08
BE,Belgium,0,2020-02-15
BE,Belgium,0,2020-02-22
BE,Belgium,0,2020-02-29
BE,Belgium,0,2020-03-07
BE,Belgium,4,2020-03-14
BE,Belgium,63,2020-03-21
BE,Belgium,286,2020-03-28
BE,Belgium,930,2020-04-04
BE,Belgium,2063,2020-04-11
BE,Belgium,2107,2020-04-18
BE,Belgium,1464,2020-04-25
BE,Belgium,848,2020-05-02
BE,Belgium,816,2020-05-09
BE,Belgium,424,2020-05-16
BE,Belgium,232,2020-05-23
BE,Belgium,216,2020-05-30
BE,Belgium,127,2020-06-06
BE,Belgium,70,2020-06-13
BE,Belgium,46,2020-06-20
BE,Belgium,36,2020-06-27
BE,Belgium,39,2020-07-04
BE,Belgium,11,2020-07-11
BE,Belgium,18,2020-07-18
BE,Belgium,21,2020-07-25
BE,Belgium,24,2020-08-01
BE,Belgium,25,2020-08-08
BE,Belgium,65,2020-08-15
BE,Belgium,53,2020-08-22
BE,Belgium,-97,2020-08-29
BE,Belgium,15,2020-09-05
BE,Belgium,17,2020-09-12
BE,Belgium,21,2020-09-19
BE,Belgium,30,2020-09-26
BE,Belgium,70,2020-10-03
BE,Belgium,131,2020-10-10
BE,Belgium,217,2020-10-17
BE,Belgium,345,2020-10-24
BE,Belgium,888,2020-10-31
BE,Belgium,1282,2020-11-07
BE,Belgium,1396,2020-11-14
BE,Belgium,1219,2020-11-21
BE,Belgium,939,2020-11-28
BE,Belgium,793,2020-12-05
BE,Belgium,538,2020-12-12
BE,Belgium,753,2020-12-19
BE,Belgium,613,2020-12-26
BE,Belgium,486,2021-01-02
BE,Belgium,394,2021-01-09
BE,Belgium,358,2021-01-16
BE,Belgium,330,2021-01-23
BE,Belgium,340,2021-01-30
BE,Belgium,286,2021-02-06
BE,Belgium,282,2021-02-13
BE,Belgium,253,2021-02-20
BE,Belgium,165,2021-02-27
BE,Belgium,188,2021-03-06
BE,Belgium,181,2021-03-13
BE,Belgium,229,2021-03-20
BE,Belgium,220,2021-03-27
BE,Belgium,260,2021-04-03
BE,Belgium,298,2021-04-10
BE,Belgium,290,2021-04-17
BE,Belgium,272,2021-04-24
BE,Belgium,268,2021-05-01
BE,Belgium,253,2021-05-08
BE,Belgium,175,2021-05-15
BE,Belgium,137,2021-05-22
BE,Belgium,98,2021-05-29
BE,Belgium,98,2021-06-05
BE,Belgium,62,2021-06-12
BE,Belgium,51,2021-06-19
BE,Belgium,28,2021-06-26
BE,Belgium,25,2021-07-03
BE,Belgium,13,2021-07-10
BE,Belgium,11,2021-07-17
BE,Belgium,11,2021-07-24
BE,Belgium,21,2021-07-31
BE,Belgium,27,2021-08-07
BE,Belgium,19,2021-08-14
BE,Belgium,33,2021-08-21
BE,Belgium,40,2021-08-28
BE,Belgium,37,2021-09-04
BE,Belgium,57,2021-09-11
BE,Belgium,43,2021-09-18
BE,Belgium,57,2021-09-25
BE,Belgium,58,2021-10-02
BE,Belgium,63,2021-10-09
BE,Belgium,72,2021-10-16
BE,Belgium,99,2021-10-23
BE,Belgium,148,2021-10-30
BE,Belgium,137,2021-11-06
BE,Belgium,190,2021-11-13
BE,Belgium,247,2021-11-20
BE,Belgium,272,2021-11-27
BE,Belgium,327,2021-12-04
BE,Belgium,337,2021-12-11
BE,Belgium,391,2021-12-18
BE,Belgium,254,2021-12-25
BE,Belgium,182,2022-01-01
BE,Belgium,128,2022-01-08
BE,Belgium,153,2022-01-15
BE,Belgium,168,2022-01-22
BE,Belgium,177,2022-01-29
BE,Belgium,270,2022-02-05
BE,Belgium,397,2022-02-12
BE,Belgium,296,2022-02-19
BE,Belgium,201,2022-02-26
BE,Belgium,138,2022-03-05
BE,Belgium,149,2022-03-12
BE,Belgium,121,2022-03-19
BE,Belgium,157,2022-03-26
BE,Belgium,140,2022-04-02
BE,Belgium,171,2022-04-09
BE,Belgium,168,2022-04-16
BE,Belgium,154,2022-04-23
BG,Bulgaria,0,2020-02-01
BG,Bulgaria,0,2020-02-08
BG,Bulgaria,0,2020-02-15
BG,Bulgaria,0,2020-02-22
BG,Bulgaria,0,2020-02-29
BG,Bulgaria,0,2020-03-07
BG,Bulgaria,2,2020-03-14
BG,Bulgaria,1,2020-03-21
BG,Bulgaria,4,2020-03-28
BG,Bulgaria,10,2020-04-04
BG,Bulgaria,11,2020-04-11
BG,Bulgaria,13,2020-04-18
BG,Bulgaria,14,2020-04-25
BG,Bulgaria,17,2020-05-02
BG,Bulgaria,18,2020-05-09
BG,Bulgaria,15,2020-05-16
BG,Bulgaria,21,2020-05-23
BG,Bulgaria,13,2020-05-30
BG,Bulgaria,21,2020-06-06
BG,Bulgaria,12,2020-06-13
BG,Bulgaria,27,2020-06-20
BG,Bulgaria,17,2020-06-27
BG,Bulgaria,25,2020-07-04
BG,Bulgaria,26,2020-07-11
BG,Bulgaria,32,2020-07-18
BG,Bulgaria,39,2020-07-25
BG,Bulgaria,47,2020-08-01
BG,Bulgaria,60,2020-08-08
BG,Bulgaria,50,2020-08-15
BG,Bulgaria,44,2020-08-22
BG,Bulgaria,66,2020-08-29
BG,Bulgaria,66,2020-09-05
BG,Bulgaria,46,2020-09-12
BG,Bulgaria,38,2020-09-19
BG,Bulgaria,34,2020-09-26
BG,Bulgaria,52,2020-10-03
BG,Bulgaria,50,2020-10-10
BG,Bulgaria,77,2020-10-17
BG,Bulgaria,116,2020-10-24
BG,Bulgaria,195,2020-10-31
BG,Bulgaria,353,2020-11-07
BG,Bulgaria,459,2020-11-14
BG,Bulgaria,729,2020-11-21
BG,Bulgaria,929,2020-11-28
BG,Bulgaria,980,2020-12-05
BG,Bulgaria,897,2020-12-12
BG,Bulgaria,925,2020-12-19
BG,Bulgaria,572,2020-12-26
BG,Bulgaria,521,2021-01-02
BG,Bulgaria,453,2021-01-09
BG,Bulgaria,377,2021-01-16
BG,Bulgaria,337,2021-01-23
BG,Bulgaria,217,2021-01-30
BG,Bulgaria,283,2021-02-06
BG,Bulgaria,297,2021-02-13
BG,Bulgaria,231,2021-02-20
BG,Bulgaria,328,2021-02-27
BG,Bulgaria,426,2021-03-06
BG,Bulgaria,641,2021-03-13
BG,Bulgaria,732,2021-03-20
BG,Bulgaria,684,2021-03-27
BG,Bulgaria,857,2021-04-03
BG,Bulgaria,844,2021-04-10
BG,Bulgaria,787,2021-04-17
BG,Bulgaria,721,2021-04-24
BG,Bulgaria,585,2021-05-01
BG,Bulgaria,458,2021-05-08
BG,Bulgaria,348,2021-05-15
BG,Bulgaria,237,2021-05-22
BG,Bulgaria,170,2021-05-29
BG,Bulgaria,156,2021-06-05
BG,Bulgaria,85,2021-06-12
BG,Bulgaria,91,2021-06-19
BG,Bulgaria,38,2021-06-26
BG,Bulgaria,57,2021-07-03
BG,Bulgaria,56,2021-07-10
BG,Bulgaria,29,2021-07-17
BG,Bulgaria,24,2021-07-24
BG,Bulgaria,20,2021-07-31
BG,Bulgaria,39,2021-08-07
BG,Bulgaria,87,2021-08-14
BG,Bulgaria,128,2021-08-21
BG,Bulgaria,238,2021-08-28
BG,Bulgaria,378,2021-09-04
BG,Bulgaria,386,2021-09-11
BG,Bulgaria,516,2021-09-18
BG,Bulgaria,464,2021-09-25
BG,Bulgaria,546,2021-10-02
BG,Bulgaria,621,2021-10-09
BG,Bulgaria,615,2021-10-16
BG,Bulgaria,802,2021-10-23
BG,Bulgaria,885,2021-10-30
BG,Bulgaria,1087,2021-11-06
BG,Bulgaria,1186,2021-11-13
BG,Bulgaria,989,2021-11-20
BG,Bulgaria,863,2021-11-27
BG,Bulgaria,762,2021-12-04
BG,Bulgaria,681,2021-12-11
BG,Bulgaria,561,2021-12-18
BG,Bulgaria,481,2021-12-25
BG,Bulgaria,455,2022-01-01
BG,Bulgaria,533,2022-01-08
BG,Bulgaria,526,2022-01-15
BG,Bulgaria,594,2022-01-22
BG,Bulgaria,485,2022-01-29
BG,Bulgaria,607,2022-02-05
BG,Bulgaria,631,2022-02-12
BG,Bulgaria,639,2022-02-19
BG,Bulgaria,460,2022-02-26
BG,Bulgaria,353,2022-03-05
BG,Bulgaria,273,2022-03-12
BG,Bulgaria,188,2022-03-19
BG,Bulgaria,157,2022-03-26
BG,Bulgaria,136,2022-04-02
BG,Bulgaria,127,2022-04-09
BG,Bulgaria,90,2022-04-16
BG,Bulgaria,67,2022-04-23
CH,Switzerland,0,2020-02-01
CH,Switzerland,0,2020-02-08
CH,Switzerland,0,2020-02-15
CH,Switzerland,0,2020-02-22
CH,Switzerland,0,2020-02-29
CH,Switzerland,1,2020-03-07
CH,Switzerland,13,2020-03-14
CH,Switzerland,84,2020-03-21
CH,Switzerland,231,2020-03-28
CH,Switzerland,390,2020-04-04
CH,Switzerland,368,2020-04-11
CH,Switzerland,279,2020-04-18
CH,Switzerland,215,2020-04-25
CH,Switzerland,107,2020-05-02
CH,Switzerland,57,2020-05-09
CH,Switzerland,23,2020-05-16
CH,Switzerland,21,2020-05-23
CH,Switzerland,7,2020-05-30
CH,Switzerland,0,2020-06-06
CH,Switzerland,6,2020-06-13
CH,Switzerland,3,2020-06-20
CH,Switzerland,3,2020-06-27
CH,Switzerland,2,2020-07-04
CH,Switzerland,3,2020-07-11
CH,Switzerland,2,2020-07-18
CH,Switzerland,7,2020-07-25
CH,Switzerland,6,2020-08-01
CH,Switzerland,5,2020-08-08
CH,Switzerland,5,2020-08-15
CH,Switzerland,4,2020-08-22
CH,Switzerland,4,2020-08-29
CH,Switzerland,7,2020-09-05
CH,Switzerland,17,2020-09-12
CH,Switzerland,20,2020-09-19
CH,Switzerland,13,2020-09-26
CH,Switzerland,10,2020-10-03
CH,Switzerland,14,2020-10-10
CH,Switzerland,46,2020-10-17
CH,Switzerland,123,2020-10-24
CH,Switzerland,282,2020-10-31
CH,Switzerland,530,2020-11-07
CH,Switzerland,659,2020-11-14
CH,Switzerland,668,2020-11-21
CH,Switzerland,622,2020-11-28
CH,Switzerland,637,2020-12-05
CH,Switzerland,643,2020-12-12
CH,Switzerland,666,2020-12-19
CH,Switzerland,629,2020-12-26
CH,Switzerland,577,2021-01-02
CH,Switzerland,450,2021-01-09
CH,Switzerland,412,2021-01-16
CH,Switzerland,353,2021-01-23
CH,Switzerland,263,2021-01-30
CH,Switzerland,201,2021-02-06
CH,Switzerland,147,2021-02-13
CH,Switzerland,100,2021-02-20
CH,Switzerland,74,2021-02-27
CH,Switzerland,58,2021-03-06
CH,Switzerland,65,2021-03-13
CH,Switzerland,63,2021-03-20
CH,Switzerland,60,2021-03-27
CH,Switzerland,68,2021-04-03
CH,Switzerland,69,2021-04-10
CH,Switzerland,49,2021-04-17
CH,Switzerland,54,2021-04-24
CH,Switzerland,70,2021-05-01
CH,Switzerland,47,2021-05-08
CH,Switzerland,27,2021-05-15
CH,Switzerland,42,2021-05-22
CH,Switzerland,29,2021-05-29
CH,Switzerland,18,2021-06-05
CH,Switzerland,20,2021-06-12
CH,Switzerland,14,2021-06-19
CH,Switzerland,9,2021-06-26
CH,Switzerland,2,2021-07-03
CH,Switzerland,1,2021-07-10
CH,Switzerland,4,2021-07-17
CH,Switzerland,3,2021-07-24
CH,Switzerland,12,2021-07-31
CH,Switzerland,4,2021-08-07
CH,Switzerland,13,2021-08-14
CH,Switzerland,28,2021-08-21
CH,Switzerland,40,2021-08-28
CH,Switzerland,42,2021-09-04
CH,Switzerland,31,2021-09-11
CH,Switzerland,48,2021-09-18
CH,Switzerland,44,2021-09-25
CH,Switzerland,50,2021-10-02
CH,Switzerland,27,2021-10-09
CH,Switzerland,37,2021-10-16
CH,Switzerland,24,2021-10-23
CH,Switzerland,52,2021-10-30
CH,Switzerland,41,2021-11-06
CH,Switzerland,51,2021-11-13
CH,Switzerland,57,2021-11-20
CH,Switzerland,88,2021-11-27
CH,Switzerland,119,2021-12-04
CH,Switzerland,159,2021-12-11
CH,Switzerland,161,2021-12-18
CH,Switzerland,155,2021-12-25
CH,Switzerland,156,2022-01-01
CH,Switzerland,117,2022-01-08
CH,Switzerland,132,2022-01-15
CH,Switzerland,113,2022-01-22
CH,Switzerland,98,2022-01-29
CH,Switzerland,102,2022-02-05
CH,Switzerland,151,2022-02-12
CH,Switzerland,83,2022-02-19
CH,Switzerland,66,2022-02-26
CH,Switzerland,92,2022-03-05
CH,Switzerland,92,2022-03-12
CH,Switzerland,62,2022-03-19
CH,Switzerland,179,2022-03-26
CH,Switzerland,65,2022-04-02
CH,Switzerland,35,2022-04-09
CH,Switzerland,40,2022-04-16
CH,Switzerland,29,2022-04-23
CY,Cyprus,0,2020-02-01
CY,Cyprus,0,2020-02-08
CY,Cyprus,0,2020-02-15
CY,Cyprus,0,2020-02-22
CY,Cyprus,0,2020-02-29
CY,Cyprus,0,2020-03-07
CY,Cyprus,0,2020-03-14
CY,Cyprus,0,2020-03-21
CY,Cyprus,5,2020-03-28
CY,Cyprus,4,2020-04-04
CY,Cyprus,1,2020-04-11
CY,Cyprus,2,2020-04-18
CY,Cyprus,2,2020-04-25
CY,Cyprus,1,2020-05-02
CY,Cyprus,0,2020-05-09
CY,Cyprus,2,2020-05-16
CY,Cyprus,0,2020-05-23
CY,Cyprus,0,2020-05-30
CY,Cyprus,0,2020-06-06
CY,Cyprus,1,2020-06-13
CY,Cyprus,1,2020-06-20
CY,Cyprus,0,2020-06-27
CY,Cyprus,0,2020-07-04
CY,Cyprus,0,2020-07-11
CY,Cyprus,0,2020-07-18
CY,Cyprus,0,2020-07-25
CY,Cyprus,0,2020-08-01
CY,Cyprus,0,2020-08-08
CY,Cyprus,1,2020-08-15
CY,Cyprus,1,2020-08-22
CY,Cyprus,0,2020-08-29
CY,Cyprus,0,2020-09-05
CY,Cyprus,0,2020-09-12
CY,Cyprus,1,2020-09-19
CY,Cyprus,0,2020-09-26
CY,Cyprus,0,2020-10-03
CY,Cyprus,3,2020-10-10
CY,Cyprus,0,2020-10-17
CY,Cyprus,0,2020-10-24
CY,Cyprus,0,2020-10-31
CY,Cyprus,1,2020-11-07
CY,Cyprus,12,2020-11-14
CY,Cyprus,5,2020-11-21
CY,Cyprus,5,2020-11-28
CY,Cyprus,9,2020-12-05
CY,Cyprus,18,2020-12-12
CY,Cyprus,13,2020-12-19
CY,Cyprus,22,2020-12-26
CY,Cyprus,18,2021-01-02
CY,Cyprus,14,2021-01-09
CY,Cyprus,25,2021-01-16
CY,Cyprus,13,2021-01-23
CY,Cyprus,18,2021-01-30
CY,Cyprus,13,2021-02-06
CY,Cyprus,9,2021-02-13
CY,Cyprus,10,2021-02-20
CY,Cyprus,2,2021-02-27
CY,Cyprus,1,2021-03-06
CY,Cyprus,6,2021-03-13
CY,Cyprus,3,2021-03-20
CY,Cyprus,7,2021-03-27
CY,Cyprus,13,2021-04-03
CY,Cyprus,7,2021-04-10
CY,Cyprus,16,2021-04-17
CY,Cyprus,13,2021-04-24
CY,Cyprus,15,2021-05-01
CY,Cyprus,20,2021-05-08
CY,Cyprus,14,2021-05-15
CY,Cyprus,6,2021-05-22
CY,Cyprus,8,2021-05-29
CY,Cyprus,3,2021-06-05
CY,Cyprus,9,2021-06-12
CY,Cyprus,2,2021-06-19
CY,Cyprus,0,2021-06-26
CY,Cyprus,0,2021-07-03
CY,Cyprus,6,2021-07-10
CY,Cyprus,4,2021-07-17
CY,Cyprus,14,2021-07-24
CY,Cyprus,21,2021-07-31
CY,Cyprus,19,2021-08-07
CY,Cyprus,22,2021-08-14
CY,Cyprus,22,2021-08-21
CY,Cyprus,22,2021-08-28
CY,Cyprus,16,2021-09-04
CY,Cyprus,15,2021-09-11
CY,Cyprus,9,2021-09-18
CY,Cyprus,5,2021-09-25
CY,Cyprus,2,2021-10-02
CY,Cyprus,6,2021-10-09
CY,Cyprus,4,2021-10-16
CY,Cyprus,7,2021-10-23
CY,Cyprus,6,2021-10-30
CY,Cyprus,2,2021-11-06
CY,Cyprus,10,2021-11-13
CY,Cyprus,3,2021-11-20
CY,Cyprus,1,2021-11-27
CY,Cyprus,10,2021-12-04
CY,Cyprus,7,2021-12-11
CY,Cyprus,11,2021-12-18
CY,Cyprus,9,2021-12-25
CY,Cyprus,10,2022-01-01
CY,Cyprus,16,2022-01-08
CY,Cyprus,19,2022-01-15
CY,Cyprus,36,2022-01-22
CY,Cyprus,21,2022-01-29
CY,Cyprus,11,2022-02-05
CY,Cyprus,44,2022-02-12
CY,Cyprus,26,2022-02-19
CY,Cyprus,41,2022-02-26
CY,Cyprus,23,2022-03-05
CY,Cyprus,24,2022-03-12
CY,Cyprus,17,2022-03-19
CY,Cyprus,16,2022-03-26
CY,Cyprus,13,2022-04-02
CY,Cyprus,35,2022-04-09
CY,Cyprus,13,2022-04-16
CY,Cyprus,18,2022-04-23
CZ,Czechia,0,2020-02-01
CZ,Czechia,0,2020-02-08
CZ,Czechia,0,2020-02-15
CZ,Czechia,0,2020-02-22
CZ,Czechia,0,2020-02-29
CZ,Czechia,0,2020-03-07
CZ,Czechia,0,2020-03-14
CZ,Czechia,0,2020-03-21
CZ,Czechia,11,2020-03-28
CZ,Czechia,48,2020-04-04
CZ,Czechia,70,2020-04-11
CZ,Czechia,52,2020-04-18
CZ,Czechia,37,2020-04-25
CZ,Czechia,27,2020-05-02
CZ,Czechia,31,2020-05-09
CZ,Czechia,20,2020-05-16
CZ,Czechia,18,2020-05-23
CZ,Czechia,5,2020-05-30
CZ,Czechia,8,2020-06-06
CZ,Czechia,1,2020-06-13
CZ,Czechia,8,2020-06-20
CZ,Czechia,13,2020-06-27
CZ,Czechia,2,2020-07-04
CZ,Czechia,1,2020-07-11
CZ,Czechia,6,2020-07-18
CZ,Czechia,11,2020-07-25
CZ,Czechia,14,2020-08-01
CZ,Czechia,6,2020-08-08
CZ,Czechia,6,2020-08-15
CZ,Czechia,16,2020-08-22
CZ,Czechia,10,2020-08-29
CZ,Czechia,10,2020-09-05
CZ,Czechia,22,2020-09-12
CZ,Czechia,46,2020-09-19
CZ,Czechia,92,2020-09-26
CZ,Czechia,120,2020-10-03
CZ,Czechia,237,2020-10-10
CZ,Czechia,404,2020-10-17
CZ,Czechia,725,2020-10-24
CZ,Czechia,1174,2020-10-31
CZ,Czechia,1430,2020-11-07
CZ,Czechia,1377,2020-11-14
CZ,Czechia,1037,2020-11-21
CZ,Czechia,959,2020-11-28
CZ,Czechia,761,2020-12-05
CZ,Czechia,635,2020-12-12
CZ,Czechia,821,2020-12-19
CZ,Czechia,679,2020-12-26
CZ,Czechia,877,2021-01-02
CZ,Czechia,1151,2021-01-09
CZ,Czechia,1237,2021-01-16
CZ,Czechia,1055,2021-01-23
CZ,Czechia,941,2021-01-30
CZ,Czechia,918,2021-02-06
CZ,Czechia,929,2021-02-13
CZ,Czechia,1039,2021-02-20
CZ,Czechia,1097,2021-02-27
CZ,Czechia,1364,2021-03-06
CZ,Czechia,1525,2021-03-13
CZ,Czechia,1447,2021-03-20
CZ,Czechia,1248,2021-03-27
CZ,Czechia,1089,2021-04-03
CZ,Czechia,867,2021-04-10
CZ,Czechia,662,2021-04-17
CZ,Czechia,524,2021-04-24
CZ,Czechia,396,2021-05-01
CZ,Czechia,331,2021-05-08
CZ,Czechia,239,2021-05-15
CZ,Czechia,126,2021-05-22
CZ,Czechia,89,2021-05-29
CZ,Czechia,56,2021-06-05
CZ,Czechia,67,2021-06-12
CZ,Czechia,54,2021-06-19
CZ,Czechia,18,2021-06-26
CZ,Czechia,14,2021-07-03
CZ,Czechia,21,2021-07-10
CZ,Czechia,5,2021-07-17
CZ,Czechia,21,2021-07-24
CZ,Czechia,16,2021-07-31
CZ,Czechia,-10,2021-08-07
CZ,Czechia,10,2021-08-14
CZ,Czechia,11,2021-08-21
CZ,Czechia,17,2021-08-28
CZ,Czechia,5,2021-09-04
CZ,Czechia,7,2021-09-11
CZ,Czechia,16,2021-09-18
CZ,Czechia,23,2021-09-25
CZ,Czechia,25,2021-10-02
CZ,Czechia,22,2021-10-09
CZ,Czechia,40,2021-10-16
CZ,Czechia,69,2021-10-23
CZ,Czechia,128,2021-10-30
CZ,Czechia,249,2021-11-06
CZ,Czechia,446,2021-11-13
CZ,Czechia,574,2021-11-20
CZ,Czechia,739,2021-11-27
CZ,Czechia,832,2021-12-04
CZ,Czechia,801,2021-12-11
CZ,Czechia,772,2021-12-18
CZ,Czechia,543,2021-12-25
CZ,Czechia,490,2022-01-01
CZ,Czechia,376,2022-01-08
CZ,Czechia,270,2022-01-15
CZ,Czechia,193,2022-01-22
CZ,Czechia,147,2022-01-29
CZ,Czechia,242,2022-02-05
CZ,Czechia,355,2022-02-12
CZ,Czechia,423,2022-02-19
CZ,Czechia,370,2022-02-26
CZ,Czechia,334,2022-03-05
CZ,Czechia,234,2022-03-12
CZ,Czechia,226,2022-03-19
CZ,Czechia,175,2022-03-26
CZ,Czechia,188,2022-04-02
CZ,Czechia,165,2022-04-09
CZ,Czechia,100,2022-04-16
CZ,Czechia,101,2022-04-23
DE,Germany,0,2020-02-01
DE,Germany,0,2020-02-08
DE,Germany,0,2020-02-15
DE,Germany,0,2020-02-22
DE,Germany,0,2020-02-29
DE,Germany,0,2020-03-07
DE,Germany,8,2020-03-14
DE,Germany,39,2020-03-21
DE,Germany,278,2020-03-28
DE,Germany,833,2020-04-04
DE,Germany,1386,2020-04-11
DE,Germany,1566,2020-04-18
DE,Germany,1390,2020-04-25
DE,Germany,1075,2020-05-02
DE,Germany,794,2020-05-09
DE,Germany,512,2020-05-16
DE,Germany,335,2020-05-23
DE,Germany,273,2020-05-30
DE,Germany,157,2020-06-06
DE,Germany,135,2020-06-13
DE,Germany,102,2020-06-20
DE,Germany,71,2020-06-27
DE,Germany,56,2020-07-04
DE,Germany,50,2020-07-11
DE,Germany,23,2020-07-18
DE,Germany,35,2020-07-25
DE,Germany,30,2020-08-01
DE,Germany,47,2020-08-08
DE,Germany,36,2020-08-15
DE,Germany,36,2020-08-22
DE,Germany,22,2020-08-29
DE,Germany,35,2020-09-05
DE,Germany,23,2020-09-12
DE,Germany,37,2020-09-19
DE,Germany,68,2020-09-26
DE,Germany,75,2020-10-03
DE,Germany,77,2020-10-10
DE,Germany,163,2020-10-17
DE,Germany,236,2020-10-24
DE,Germany,449,2020-10-31
DE,Germany,774,2020-11-07
DE,Germany,1152,2020-11-14
DE,Germany,1506,2020-11-21
DE,Germany,2081,2020-11-28
DE,Germany,2552,2020-12-05
DE,Germany,2949,2020-12-12
DE,Germany,4174,2020-12-19
DE,Germany,3782,2020-12-26
DE,Germany,4538,2021-01-02
DE,Germany,5918,2021-01-09
DE,Germany,6096,2021-01-16
DE,Germany,5547,2021-01-23
DE,Germany,5025,2021-01-30
DE,Germany,4740,2021-02-06
DE,Germany,3456,2021-02-13
DE,Germany,2954,2021-02-20
DE,Germany,2192,2021-02-27
DE,Germany,1916,2021-03-06
DE,Germany,1497,2021-03-13
DE,Germany,1264,2021-03-20
DE,Germany,1215,2021-03-27
DE,Germany,1115,2021-04-03
DE,Germany,1354,2021-04-10
DE,Germany,1598,2021-04-17
DE,Germany,1597,2021-04-24
DE,Germany,1638,2021-05-01
DE,Germany,1566,2021-05-08
DE,Germany,1377,2021-05-15
DE,Germany,1273,2021-05-22
DE,Germany,1052,2021-05-29
DE,Germany,798,2021-06-05
DE,Germany,668,2021-06-12
DE,Germany,553,2021-06-19
DE,Germany,377,2021-06-26
DE,Germany,277,2021-07-03
DE,Germany,202,2021-07-10
DE,Germany,134,2021-07-17
DE,Germany,161,2021-07-24
DE,Germany,138,2021-07-31
DE,Germany,120,2021-08-07
DE,Germany,86,2021-08-14
DE,Germany,109,2021-08-21
DE,Germany,145,2021-08-28
DE,Germany,207,2021-09-04
DE,Germany,273,2021-09-11
DE,Germany,322,2021-09-18
DE,Germany,445,2021-09-25
DE,Germany,412,2021-10-02
DE,Germany,401,2021-10-09
DE,Germany,423,2021-10-16
DE,Germany,476,2021-10-23
DE,Germany,619,2021-10-30
DE,Germany,792,2021-11-06
DE,Germany,1129,2021-11-13
DE,Germany,1370,2021-11-20
DE,Germany,1792,2021-11-27
DE,Germany,2167,2021-12-04
DE,Germany,2560,2021-12-11
DE,Germany,2547,2021-12-18
DE,Germany,2223,2021-12-25
DE,Germany,1833,2022-01-01
DE,Germany,1791,2022-01-08
DE,Germany,1672,2022-01-15
DE,Germany,1092,2022-01-22
DE,Germany,1002,2022-01-29
DE,Germany,1010,2022-02-05
DE,Germany,1201,2022-02-12
DE,Germany,1325,2022-02-19
DE,Germany,1419,2022-02-26
DE,Germany,1430,2022-03-05
DE,Germany,1470,2022-03-12
DE,Germany,1346,2022-03-19
DE,Germany,1521,2022-03-26
DE,Germany,1599,2022-04-02
DE,Germany,1728,2022-04-09
DE,Germany,1227,2022-04-16
DE,Germany,1237,2022-04-23
DK,Denmark,0,2020-02-01
DK,Denmark,0,2020-02-08
DK,Denmark,0,2020-02-15
DK,Denmark,0,2020-02-22
DK,Denmark,0,2020-02-29
DK,Denmark,0,2020-03-07
DK,Denmark,1,2020-03-14
DK,Denmark,12,2020-03-21
DK,Denmark,52,2020-03-28
DK,Denmark,96,2020-04-04
DK,Denmark,99,2020-04-11
DK,Denmark,86,2020-04-18
DK,Denmark,72,2020-04-25
DK,Denmark,57,2020-05-02
DK,Denmark,51,2020-05-09
DK,Denmark,17,2020-05-16
DK,Denmark,18,2020-05-23
DK,Denmark,10,2020-05-30
DK,Denmark,16,2020-06-06
DK,Denmark,10,2020-06-13
DK,Denmark,3,2020-06-20
DK,Denmark,4,2020-06-27
DK,Denmark,2,2020-07-04
DK,Denmark,3,2020-07-11
DK,Denmark,2,2020-07-18
DK,Denmark,2,2020-07-25
DK,Denmark,2,2020-08-01
DK,Denmark,2,2020-08-08
DK,Denmark,4,2020-08-15
DK,Denmark,1,2020-08-22
DK,Denmark,2,2020-08-29
DK,Denmark,3,2020-09-05
DK,Denmark,3,2020-09-12
DK,Denmark,5,2020-09-19
DK,Denmark,13,2020-09-26
DK,Denmark,6,2020-10-03
DK,Denmark,13,2020-10-10
DK,Denmark,12,2020-10-17
DK,Denmark,21,2020-10-24
DK,Denmark,21,2020-10-31
DK,Denmark,19,2020-11-07
DK,Denmark,17,2020-11-14
DK,Denmark,24,2020-11-21
DK,Denmark,42,2020-11-28
DK,Denmark,55,2020-12-05
DK,Denmark,57,2020-12-12
DK,Denmark,84,2020-12-19
DK,Denmark,134,2020-12-26
DK,Denmark,192,2021-01-02
DK,Denmark,197,2021-01-09
DK,Denmark,205,2021-01-16
DK,Denmark,222,2021-01-23
DK,Denmark,137,2021-01-30
DK,Denmark,109,2021-02-06
DK,Denmark,69,2021-02-13
DK,Denmark,49,2021-02-20
DK,Denmark,25,2021-02-27
DK,Denmark,19,2021-03-06
DK,Denmark,13,2021-03-13
DK,Denmark,9,2021-03-20
DK,Denmark,14,2021-03-27
DK,Denmark,15,2021-04-03
DK,Denmark,11,2021-04-10
DK,Denmark,13,2021-04-17
DK,Denmark,22,2021-04-24
DK,Denmark,15,2021-05-01
DK,Denmark,8,2021-05-08
DK,Denmark,5,2021-05-15
DK,Denmark,5,2021-05-22
DK,Denmark,9,2021-05-29
DK,Denmark,2,2021-06-05
DK,Denmark,7,2021-06-12
DK,Denmark,5,2021-06-19
DK,Denmark,1,2021-06-26
DK,Denmark,6,2021-07-03
DK,Denmark,2,2021-07-10
DK,Denmark,3,2021-07-17
DK,Denmark,0,2021-07-24
DK,Denmark,7,2021-07-31
DK,Denmark,3,2021-08-07
DK,Denmark,7,2021-08-14
DK,Denmark,5,2021-08-21
DK,Denmark,13,2021-08-28
DK,Denmark,13,2021-09-04
DK,Denmark,21,2021-09-11
DK,Denmark,14,2021-09-18
DK,Denmark,15,2021-09-25
DK,Denmark,23,2021-10-02
DK,Denmark,6,2021-10-09
DK,Denmark,11,2021-10-16
DK,Denmark,17,2021-10-23
DK,Denmark,16,2021-10-30
DK,Denmark,22,2021-11-06
DK,Denmark,25,2021-11-13
DK,Denmark,47,2021-11-20
DK,Denmark,56,2021-11-27
DK,Denmark,76,2021-12-04
DK,Denmark,66,2021-12-11
DK,Denmark,62,2021-12-18
DK,Denmark,120,2021-12-25
DK,Denmark,85,2022-01-01
DK,Denmark,99,2022-01-08
DK,Denmark,113,2022-01-15
DK,Denmark,112,2022-01-22
DK,Denmark,121,2022-01-29
DK,Denmark,146,2022-02-05
DK,Denmark,175,2022-02-12
DK,Denmark,240,2022-02-19
DK,Denmark,260,2022-02-26
DK,Denmark,292,2022-03-05
DK,Denmark,298,2022-03-12
DK,Denmark,247,2022-03-19
DK,Denmark,208,2022-03-26
DK,Denmark,162,2022-04-02
DK,Denmark,140,2022-04-09
DK,Denmark,100,2022-04-16
DK,Denmark,87,2022-04-23
EE,Estonia,0,2020-02-01
EE,Estonia,0,2020-02-08
EE,Estonia,0,2020-02-15
EE,Estonia,0,2020-02-22
EE,Estonia,0,2020-02-29
EE,Estonia,0,2020-03-07
EE,Estonia,0,2020-03-14
EE,Estonia,0,2020-03-21
EE,Estonia,1,2020-03-28
EE,Estonia,12,2020-04-04
EE,Estonia,11,2020-04-11
EE,Estonia,14,2020-04-18
EE,Estonia,8,2020-04-25
EE,Estonia,7,2020-05-02
EE,Estonia,7,2020-05-09
EE,Estonia,3,2020-05-16
EE,Estonia,1,2020-05-23
EE,Estonia,3,2020-05-30
EE,Estonia,2,2020-06-06
EE,Estonia,0,2020-06-13
EE,Estonia,0,2020-06-20
EE,Estonia,0,2020-06-27
EE,Estonia,0,2020-07-04
EE,Estonia,0,2020-07-11
EE,Estonia,0,2020-07-18
EE,Estonia,0,2020-07-25
EE,Estonia,0,2020-08-01
EE,Estonia,-6,2020-08-08
EE,Estonia,0,2020-08-15
EE,Estonia,0,2020-08-22
EE,Estonia,1,2020-08-29
EE,Estonia,0,2020-09-05
EE,Estonia,0,2020-09-12
EE,Estonia,0,2020-09-19
EE,Estonia,0,2020-09-26
EE,Estonia,3,2020-10-03
EE,Estonia,1,2020-10-10
EE,Estonia,0,2020-10-17
EE,Estonia,5,2020-10-24
EE,Estonia,0,2020-10-31
EE,Estonia,0,2020-11-07
EE,Estonia,7,2020-11-14
EE,Estonia,7,2020-11-21
EE,Estonia,22,2020-11-28
EE,Estonia,17,2020-12-05
EE,Estonia,22,2020-12-12
EE,Estonia,22,2020-12-19
EE,Estonia,34,2020-12-26
EE,Estonia,37,2021-01-02
EE,Estonia,37,2021-01-09
EE,Estonia,42,2021-01-16
EE,Estonia,48,2021-01-23
EE,Estonia,43,2021-01-30
EE,Estonia,45,2021-02-06
EE,Estonia,35,2021-02-13
EE,Estonia,37,2021-02-20
EE,Estonia,56,2021-02-27
EE,Estonia,60,2021-03-06
EE,Estonia,66,2021-03-13
EE,Estonia,70,2021-03-20
EE,Estonia,80,2021-03-27
EE,Estonia,71,2021-04-03
EE,Estonia,89,2021-04-10
EE,Estonia,62,2021-04-17
EE,Estonia,55,2021-04-24
EE,Estonia,29,2021-05-01
EE,Estonia,29,2021-05-08
EE,Estonia,25,2021-05-15
EE,Estonia,20,2021-05-22
EE,Estonia,10,2021-05-29
EE,Estonia,12,2021-06-05
EE,Estonia,4,2021-06-12
EE,Estonia,1,2021-06-19
EE,Estonia,2,2021-06-26
EE,Estonia,0,2021-07-03
EE,Estonia,1,2021-07-10
EE,Estonia,1,2021-07-17
EE,Estonia,0,2021-07-24
EE,Estonia,1,2021-07-31
EE,Estonia,5,2021-08-07
EE,Estonia,2,2021-08-14
EE,Estonia,2,2021-08-21
EE,Estonia,6,2021-08-28
EE,Estonia,10,2021-09-04
EE,Estonia,13,2021-09-11
EE,Estonia,15,2021-09-18
EE,Estonia,18,2021-09-25
EE,Estonia,17,2021-10-02
EE,Estonia,34,2021-10-09
EE,Estonia,28,2021-10-16
EE,Estonia,32,2021-10-23
EE,Estonia,62,2021-10-30
EE,Estonia,82,2021-11-06
EE,Estonia,70,2021-11-13
EE,Estonia,60,2021-11-20
EE,Estonia,61,2021-11-27
EE,Estonia,26,2021-12-04
EE,Estonia,33,2021-12-11
EE,Estonia,34,2021-12-18
EE,Estonia,25,2021-12-25
EE,Estonia,31,2022-01-01
EE,Estonia,16,2022-01-08
EE,Estonia,22,2022-01-15
EE,Estonia,27,2022-01-22
EE,Estonia,22,2022-01-29
EE,Estonia,31,2022-02-05
EE,Estonia,50,2022-02-12
EE,Estonia,52,2022-02-19
EE,Estonia,55,2022-02-26
EE,Estonia,77,2022-03-05
EE,Estonia,56,2022-03-12
EE,Estonia,39,2022-03-19
EE,Estonia,51,2022-03-26
EE,Estonia,30,2022-04-02
EE,Estonia,24,2022-04-09
EE,Estonia,21,2022-04-16
EE,Estonia,20,2022-04-23
ES,Spain,0,2020-02-01
ES,Spain,0,2020-02-08
ES,Spain,0,2020-02-15
ES,Spain,0,2020-02-22
ES,Spain,0,2020-02-29
ES,Spain,10,2020-03-07
ES,Spain,185,2020-03-14
ES,Spain,1180,2020-03-21
ES,Spain,4607,2020-03-28
ES,Spain,5965,2020-04-04
ES,Spain,4659,2020-04-11
ES,Spain,3437,2020-04-18
ES,Spain,2859,2020-04-25
ES,Spain,2198,2020-05-02
ES,Spain,1378,2020-05-09
ES,Spain,1085,2020-05-16
ES,Spain,1115,2020-05-23
ES,Spain,-1553,2020-05-30
ES,Spain,10,2020-06-06
ES,Spain,1,2020-06-13
ES,Spain,1186,2020-06-20
ES,Spain,19,2020-06-27
ES,Spain,44,2020-07-04
ES,Spain,18,2020-07-11
ES,Spain,17,2020-07-18
ES,Spain,12,2020-07-25
ES,Spain,13,2020-08-01
ES,Spain,58,2020-08-08
ES,Spain,114,2020-08-15
ES,Spain,221,2020-08-22
ES,Spain,173,2020-08-29
ES,Spain,407,2020-09-05
ES,Spain,329,2020-09-12
ES,Spain,748,2020-09-19
ES,Spain,737,2020-09-26
ES,Spain,854,2020-10-03
ES,Spain,843,2020-10-10
ES,Spain,846,2020-10-17
ES,Spain,977,2020-10-24
ES,Spain,1126,2020-10-31
ES,Spain,2955,2020-11-07
ES,Spain,1936,2020-11-14
ES,Spain,1850,2020-11-21
ES,Spain,2049,2020-11-28
ES,Spain,1584,2020-12-05
ES,Spain,1372,2020-12-12
ES,Spain,1302,2020-12-19
ES,Spain,898,2020-12-26
ES,Spain,1013,2021-01-02
ES,Spain,1037,2021-01-09
ES,Spain,1440,2021-01-16
ES,Spain,2127,2021-01-23
ES,Spain,2878,2021-01-30
ES,Spain,3067,2021-02-06
ES,Spain,3361,2021-02-13
ES,Spain,2354,2021-02-20
ES,Spain,2041,2021-02-27
ES,Spain,1996,2021-03-06
ES,Spain,1120,2021-03-13
ES,Spain,652,2021-03-20
ES,Spain,2100,2021-03-27
ES,Spain,688,2021-04-03
ES,Spain,630,2021-04-10
ES,Spain,653,2021-04-17
ES,Spain,610,2021-04-24
ES,Spain,625,2021-05-01
ES,Spain,576,2021-05-08
ES,Spain,547,2021-05-15
ES,Spain,281,2021-05-22
ES,Spain,285,2021-05-29
ES,Spain,291,2021-06-05
ES,Spain,305,2021-06-12
ES,Spain,151,2021-06-19
ES,Spain,127,2021-06-26
ES,Spain,132,2021-07-03
ES,Spain,92,2021-07-10
ES,Spain,93,2021-07-17
ES,Spain,125,2021-07-24
ES,Spain,265,2021-07-31
ES,Spain,520,2021-08-07
ES,Spain,464,2021-08-14
ES,Spain,666,2021-08-21
ES,Spain,864,2021-08-28
ES,Spain,795,2021-09-04
ES,Spain,495,2021-09-11
ES,Spain,493,2021-09-18
ES,Spain,446,2021-09-25
ES,Spain,234,2021-10-02
ES,Spain,315,2021-10-09
ES,Spain,196,2021-10-16
ES,Spain,158,2021-10-23
ES,Spain,236,2021-10-30
ES,Spain,136,2021-11-06
ES,Spain,169,2021-11-13
ES,Spain,137,2021-11-20
ES,Spain,145,2021-11-27
ES,Spain,204,2021-12-04
ES,Spain,222,2021-12-11
ES,Spain,327,2021-12-18
ES,Spain,311,2021-12-25
ES,Spain,386,2022-01-01
ES,Spain,529,2022-01-08
ES,Spain,825,2022-01-15
ES,Spain,982,2022-01-22
ES,Spain,1225,2022-01-29
ES,Spain,1074,2022-02-05
ES,Spain,1955,2022-02-12
ES,Spain,2003,2022-02-19
ES,Spain,1412,2022-02-26
ES,Spain,1003,2022-03-05
ES,Spain,722,2022-03-12
ES,Spain,568,2022-03-19
ES,Spain,689,2022-03-26
ES,Spain,149,2022-04-02
ES,Spain,563,2022-04-09
ES,Spain,0,2022-04-16
ES,Spain,617,2022-04-23
FI,Finland,0,2020-02-01
FI,Finland,0,2020-02-08
FI,Finland,0,2020-02-15
FI,Finland,0,2020-02-22
FI,Finland,0,2020-02-29
FI,Finland,1,2020-03-07
FI,Finland,1,2020-03-14
FI,Finland,6,2020-03-21
FI,Finland,19,2020-03-28
FI,Finland,46,2020-04-04
FI,Finland,60,2020-04-11
FI,Finland,72,2020-04-18
FI,Finland,36,2020-04-25
FI,Finland,21,2020-05-02
FI,Finland,27,2020-05-09
FI,Finland,8,2020-05-16
FI,Finland,6,2020-05-23
FI,Finland,2,2020-05-30
FI,Finland,0,2020-06-06
FI,Finland,0,2020-06-13
FI,Finland,0,2020-06-20
FI,Finland,3,2020-06-27
FI,Finland,1,2020-07-04
FI,Finland,0,2020-07-11
FI,Finland,0,2020-07-18
FI,Finland,1,2020-07-25
FI,Finland,2,2020-08-01
FI,Finland,1,2020-08-08
FI,Finland,0,2020-08-15
FI,Finland,1,2020-08-22
FI,Finland,0,2020-08-29
FI,Finland,3,2020-09-05
FI,Finland,6,2020-09-12
FI,Finland,2,2020-09-19
FI,Finland,4,2020-09-26
FI,Finland,2,2020-10-03
FI,Finland,5,2020-10-10
FI,Finland,6,2020-10-17
FI,Finland,5,2020-10-24
FI,Finland,3,2020-10-31
FI,Finland,2,2020-11-07
FI,Finland,24,2020-11-14
FI,Finland,18,2020-11-21
FI,Finland,41,2020-11-28
FI,Finland,36,2020-12-05
FI,Finland,46,2020-12-12
FI,Finland,36,2020-12-19
FI,Finland,24,2020-12-26
FI,Finland,24,2021-01-02
FI,Finland,28,2021-01-09
FI,Finland,33,2021-01-16
FI,Finland,24,2021-01-23
FI,Finland,16,2021-01-30
FI,Finland,15,2021-02-06
FI,Finland,16,2021-02-13
FI,Finland,21,2021-02-20
FI,Finland,29,2021-02-27
FI,Finland,17,2021-03-06
FI,Finland,28,2021-03-13
FI,Finland,20,2021-03-20
FI,Finland,24,2021-03-27
FI,Finland,15,2021-04-03
FI,Finland,12,2021-04-10
FI,Finland,15,2021-04-17
FI,Finland,9,2021-04-24
FI,Finland,11,2021-05-01
FI,Finland,6,2021-05-08
FI,Finland,11,2021-05-15
FI,Finland,17,2021-05-22
FI,Finland,5,2021-05-29
FI,Finland,4,2021-06-05
FI,Finland,3,2021-06-12
FI,Finland,2,2021-06-19
FI,Finland,2,2021-06-26
FI,Finland,0,2021-07-03
FI,Finland,2,2021-07-10
FI,Finland,5,2021-07-17
FI,Finland,4,2021-07-24
FI,Finland,10,2021-07-31
FI,Finland,14,2021-08-07
FI,Finland,10,2021-08-14
FI,Finland,9,2021-08-21
FI,Finland,12,2021-08-28
FI,Finland,13,2021-09-04
FI,Finland,12,2021-09-11
FI,Finland,12,2021-09-18
FI,Finland,16,2021-09-25
FI,Finland,23,2021-10-02
FI,Finland,32,2021-10-09
FI,Finland,25,2021-10-16
FI,Finland,24,2021-10-23
FI,Finland,35,2021-10-30
FI,Finland,50,2021-11-06
FI,Finland,49,2021-11-13
FI,Finland,50,2021-11-20
FI,Finland,61,2021-11-27
FI,Finland,56,2021-12-04
FI,Finland,44,2021-12-11
FI,Finland,49,2021-12-18
FI,Finland,42,2021-12-25
FI,Finland,85,2022-01-01
FI,Finland,84,2022-01-08
FI,Finland,52,2022-01-15
FI,Finland,30,2022-01-22
FI,Finland,48,2022-01-29
FI,Finland,116,2022-02-05
FI,Finland,112,2022-02-12
FI,Finland,107,2022-02-19
FI,Finland,87,2022-02-26
FI,Finland,23,2022-03-05
FI,Finland,266,2022-03-12
FI,Finland,130,2022-03-19
FI,Finland,202,2022-03-26
FI,Finland,193,2022-04-02
FI,Finland,156,2022-04-09
FI,Finland,183,2022-04-16
FI,Finland,121,2022-04-23
FR,France,0,2020-02-01
FR,France,0,2020-02-08
FR,France,1,2020-02-15
FR,France,0,2020-02-22
FR,France,1,2020-02-29
FR,France,14,2020-03-07
FR,France,75,2020-03-14
FR,France,471,2020-03-21
FR,France,1749,2020-03-28
FR,France,5237,2020-04-04
FR,France,6268,2020-04-11
FR,France,5467,2020-04-18
FR,France,3271,2020-04-25
FR,France,2175,2020-05-02
FR,France,1542,2020-05-09
FR,France,1310,2020-05-16
FR,France,820,2020-05-23
FR,France,319,2020-05-30
FR,France,367,2020-06-06
FR,France,252,2020-06-13
FR,France,231,2020-06-20
FR,France,134,2020-06-27
FR,France,108,2020-07-04
FR,France,102,2020-07-11
FR,France,135,2020-07-18
FR,France,33,2020-07-25
FR,France,68,2020-08-01
FR,France,54,2020-08-08
FR,France,78,2020-08-15
FR,France,100,2020-08-22
FR,France,89,2020-08-29
FR,France,82,2020-09-05
FR,France,204,2020-09-12
FR,France,358,2020-09-19
FR,France,407,2020-09-26
FR,France,455,2020-10-03
FR,France,462,2020-10-10
FR,France,688,2020-10-17
FR,France,1243,2020-10-24
FR,France,2125,2020-10-31
FR,France,3366,2020-11-07
FR,France,4064,2020-11-14
FR,France,4257,2020-11-21
FR,France,3597,2020-11-28
FR,France,2851,2020-12-05
FR,France,2774,2020-12-12
FR,France,2652,2020-12-19
FR,France,2153,2020-12-26
FR,France,2346,2021-01-02
FR,France,2674,2021-01-09
FR,France,2537,2021-01-16
FR,France,2731,2021-01-23
FR,France,2981,2021-01-30
FR,France,2923,2021-02-06
FR,France,2843,2021-02-13
FR,France,2449,2021-02-20
FR,France,2165,2021-02-27
FR,France,2100,2021-03-06
FR,France,1829,2021-03-13
FR,France,1813,2021-03-20
FR,France,2304,2021-03-27
FR,France,1957,2021-04-03
FR,France,2081,2021-04-10
FR,France,2005,2021-04-17
FR,France,2099,2021-04-24
FR,France,1961,2021-05-01
FR,France,1523,2021-05-08
FR,France,1234,2021-05-15
FR,France,968,2021-05-22
FR,France,802,2021-05-29
FR,France,592,2021-06-05
FR,France,377,2021-06-12
FR,France,327,2021-06-19
FR,France,214,2021-06-26
FR,France,186,2021-07-03
FR,France,149,2021-07-10
FR,France,123,2021-07-17
FR,France,125,2021-07-24
FR,France,229,2021-07-31
FR,France,253,2021-08-07
FR,France,398,2021-08-14
FR,France,563,2021-08-21
FR,France,534,2021-08-28
FR,France,521,2021-09-04
FR,France,490,2021-09-11
FR,France,350,2021-09-18
FR,France,297,2021-09-25
FR,France,306,2021-10-02
FR,France,197,2021-10-09
FR,France,171,2021-10-16
FR,France,171,2021-10-23
FR,France,175,2021-10-30
FR,France,224,2021-11-06
FR,France,201,2021-11-13
FR,France,310,2021-11-20
FR,France,431,2021-11-27
FR,France,616,2021-12-04
FR,France,854,2021-12-11
FR,France,1003,2021-12-18
FR,France,1103,2021-12-25
FR,France,1287,2022-01-01
FR,France,1471,2022-01-08
FR,France,1495,2022-01-15
FR,France,1580,2022-01-22
FR,France,1878,2022-01-29
FR,France,1846,2022-02-05
FR,France,2252,2022-02-12
FR,France,1837,2022-02-19
FR,France,1391,2022-02-26
FR,France,1124,2022-03-05
FR,France,812,2022-03-12
FR,France,804,2022-03-19
FR,France,709,2022-03-26
FR,France,830,2022-04-02
FR,France,746,2022-04-09
FR,France,866,2022-04-16
FR,France,886,2022-04-23
GB,United Kingdom,0,2020-02-01
GB,United Kingdom,0,2020-02-08
GB,United Kingdom,0,2020-02-15
GB,United Kingdom,0,2020-02-22
GB,United Kingdom,0,2020-02-29
GB,United Kingdom,2,2020-03-07
GB,United Kingdom,27,2020-03-14
GB,United Kingdom,223,2020-03-21
GB,United Kingdom,1212,2020-03-28
GB,United Kingdom,3810,2020-04-04
GB,United Kingdom,6382,2020-04-11
GB,United Kingdom,6391,2020-04-18
GB,United Kingdom,5580,2020-04-25
GB,United Kingdom,4338,2020-05-02
GB,United Kingdom,3210,2020-05-09
GB,United Kingdom,2578,2020-05-16
GB,United Kingdom,1825,2020-05-23
GB,United Kingdom,1807,2020-05-30
GB,United Kingdom,1180,2020-06-06
GB,United Kingdom,774,2020-06-13
GB,United Kingdom,508,2020-06-20
GB,United Kingdom,442,2020-06-27
GB,United Kingdom,324,2020-07-04
GB,United Kingdom,223,2020-07-11
GB,United Kingdom,148,2020-07-18
GB,United Kingdom,119,2020-07-25
GB,United Kingdom,99,2020-08-01
GB,United Kingdom,71,2020-08-08
GB,United Kingdom,88,2020-08-15
GB,United Kingdom,62,2020-08-22
GB,United Kingdom,75,2020-08-29
GB,United Kingdom,51,2020-09-05
GB,United Kingdom,74,2020-09-12
GB,United Kingdom,136,2020-09-19
GB,United Kingdom,212,2020-09-26
GB,United Kingdom,346,2020-10-03
GB,United Kingdom,443,2020-10-10
GB,United Kingdom,819,2020-10-17
GB,United Kingdom,1166,2020-10-24
GB,United Kingdom,1810,2020-10-31
GB,United Kingdom,2333,2020-11-07
GB,United Kingdom,2878,2020-11-14
GB,United Kingdom,2860,2020-11-21
GB,United Kingdom,3404,2020-11-28
GB,United Kingdom,2984,2020-12-05
GB,United Kingdom,3012,2020-12-12
GB,United Kingdom,3049,2020-12-19
GB,United Kingdom,3330,2020-12-26
GB,United Kingdom,4165,2021-01-02
GB,United Kingdom,6298,2021-01-09
GB,United Kingdom,7722,2021-01-16
GB,United Kingdom,8739,2021-01-23
GB,United Kingdom,8242,2021-01-30
GB,United Kingdom,6521,2021-02-06
GB,United Kingdom,4816,2021-02-13
GB,United Kingdom,3457,2021-02-20
GB,United Kingdom,2340,2021-02-27
GB,United Kingdom,1714,2021-03-06
GB,United Kingdom,1045,2021-03-13
GB,United Kingdom,658,2021-03-20
GB,United Kingdom,451,2021-03-27
GB,United Kingdom,253,2021-04-03
GB,United Kingdom,254,2021-04-10
GB,United Kingdom,180,2021-04-17
GB,United Kingdom,157,2021-04-24
GB,United Kingdom,107,2021-05-01
GB,United Kingdom,79,2021-05-08
GB,United Kingdom,72,2021-05-15
GB,United Kingdom,41,2021-05-22
GB,United Kingdom,59,2021-05-29
GB,United Kingdom,61,2021-06-05
GB,United Kingdom,60,2021-06-12
GB,United Kingdom,74,2021-06-19
GB,United Kingdom,119,2021-06-26
GB,United Kingdom,118,2021-07-03
GB,United Kingdom,192,2021-07-10
GB,United Kingdom,284,2021-07-17
GB,United Kingdom,447,2021-07-24
GB,United Kingdom,524,2021-07-31
GB,United Kingdom,627,2021-08-07
GB,United Kingdom,613,2021-08-14
GB,United Kingdom,697,2021-08-21
GB,United Kingdom,785,2021-08-28
GB,United Kingdom,785,2021-09-04
GB,United Kingdom,983,2021-09-11
GB,United Kingdom,1003,2021-09-18
GB,United Kingdom,958,2021-09-25
GB,United Kingdom,805,2021-10-02
GB,United Kingdom,787,2021-10-09
GB,United Kingdom,830,2021-10-16
GB,United Kingdom,934,2021-10-23
GB,United Kingdom,1097,2021-10-30
GB,United Kingdom,1185,2021-11-06
GB,United Kingdom,1092,2021-11-13
GB,United Kingdom,1031,2021-11-20
GB,United Kingdom,858,2021-11-27
GB,United Kingdom,827,2021-12-04
GB,United Kingdom,836,2021-12-11
GB,United Kingdom,786,2021-12-18
GB,United Kingdom,694,2021-12-25
GB,United Kingdom,911,2022-01-01
GB,United Kingdom,1279,2022-01-08
GB,United Kingdom,1842,2022-01-15
GB,United Kingdom,1888,2022-01-22
GB,United Kingdom,1826,2022-01-29
GB,United Kingdom,2630,2022-02-05
GB,United Kingdom,1275,2022-02-12
GB,United Kingdom,989,2022-02-19
GB,United Kingdom,717,2022-02-26
GB,United Kingdom,784,2022-03-05
GB,United Kingdom,730,2022-03-12
GB,United Kingdom,773,2022-03-19
GB,United Kingdom,943,2022-03-26
GB,United Kingdom,1116,2022-04-02
GB,United Kingdom,4189,2022-04-09
GB,United Kingdom,1637,2022-04-16
GB,United Kingdom,1956,2022-04-23
GR,Greece,0,2020-02-01
GR,Greece,0,2020-02-08
GR,Greece,0,2020-02-15
GR,Greece,0,2020-02-22
GR,Greece,0,2020-02-29
GR,Greece,0,2020-03-07
GR,Greece,3,2020-03-14
GR,Greece,10,2020-03-21
GR,Greece,9,2020-03-28
GR,Greece,46,2020-04-04
GR,Greece,25,2020-04-11
GR,Greece,17,2020-04-18
GR,Greece,20,2020-04-25
GR,Greece,13,2020-05-02
GR,Greece,8,2020-05-09
GR,Greece,11,2020-05-16
GR,Greece,9,2020-05-23
GR,Greece,4,2020-05-30
GR,Greece,7,2020-06-06
GR,Greece,1,2020-06-13
GR,Greece,7,2020-06-20
GR,Greece,1,2020-06-27
GR,Greece,1,2020-07-04
GR,Greece,1,2020-07-11
GR,Greece,1,2020-07-18
GR,Greece,7,2020-07-25
GR,Greece,5,2020-08-01
GR,Greece,5,2020-08-08
GR,Greece,15,2020-08-15
GR,Greece,14,2020-08-22
GR,Greece,20,2020-08-29
GR,Greece,20,2020-09-05
GR,Greece,22,2020-09-12
GR,Greece,29,2020-09-19
GR,Greece,45,2020-09-26
GR,Greece,29,2020-10-03
GR,Greece,31,2020-10-10
GR,Greece,64,2020-10-17
GR,Greece,64,2020-10-24
GR,Greece,62,2020-10-31
GR,Greece,123,2020-11-07
GR,Greece,286,2020-11-14
GR,Greece,492,2020-11-21
GR,Greece,696,2020-11-28
GR,Greece,679,2020-12-05
GR,Greece,638,2020-12-12
GR,Greece,562,2020-12-19
GR,Greece,451,2020-12-26
GR,Greece,368,2021-01-02
GR,Greece,306,2021-01-09
GR,Greece,214,2021-01-16
GR,Greece,181,2021-01-23
GR,Greece,157,2021-01-30
GR,Greece,172,2021-02-06
GR,Greece,152,2021-02-13
GR,Greece,169,2021-02-20
GR,Greece,196,2021-02-27
GR,Greece,237,2021-03-06
GR,Greece,333,2021-03-13
GR,Greece,383,2021-03-20
GR,Greece,405,2021-03-27
GR,Greece,476,2021-04-03
GR,Greece,531,2021-04-10
GR,Greece,564,2021-04-17
GR,Greece,553,2021-04-24
GR,Greece,503,2021-05-01
GR,Greece,525,2021-05-08
GR,Greece,387,2021-05-15
GR,Greece,369,2021-05-22
GR,Greece,290,2021-05-29
GR,Greece,229,2021-06-05
GR,Greece,152,2021-06-12
GR,Greece,129,2021-06-19
GR,Greece,112,2021-06-26
GR,Greece,85,2021-07-03
GR,Greece,56,2021-07-10
GR,Greece,53,2021-07-17
GR,Greece,50,2021-07-24
GR,Greece,75,2021-07-31
GR,Greece,93,2021-08-07
GR,Greece,148,2021-08-14
GR,Greece,145,2021-08-21
GR,Greece,248,2021-08-28
GR,Greece,244,2021-09-04
GR,Greece,298,2021-09-11
GR,Greece,292,2021-09-18
GR,Greece,222,2021-09-25
GR,Greece,234,2021-10-02
GR,Greece,216,2021-10-09
GR,Greece,243,2021-10-16
GR,Greece,250,2021-10-23
GR,Greece,296,2021-10-30
GR,Greece,349,2021-11-06
GR,Greece,443,2021-11-13
GR,Greece,551,2021-11-20
GR,Greece,624,2021-11-27
GR,Greece,655,2021-12-04
GR,Greece,641,2021-12-11
GR,Greece,642,2021-12-18
GR,Greece,551,2021-12-25
GR,Greece,499,2022-01-01
GR,Greece,479,2022-01-08
GR,Greece,560,2022-01-15
GR,Greece,661,2022-01-22
GR,Greece,726,2022-01-29
GR,Greece,724,2022-02-05
GR,Greece,680,2022-02-12
GR,Greece,581,2022-02-19
GR,Greece,459,2022-02-26
GR,Greece,424,2022-03-05
GR,Greece,370,2022-03-12
GR,Greece,380,2022-03-19
GR,Greece,323,2022-03-26
GR,Greece,407,2022-04-02
GR,Greece,453,2022-04-09
GR,Greece,461,2022-04-16
GR,Greece,330,2022-04-23
HR,Croatia,0,2020-02-01
HR,Croatia,0,2020-02-08
HR,Croatia,0,2020-02-15
HR,Croatia,0,2020-02-22
HR,Croatia,0,2020-02-29
HR,Croatia,0,2020-03-07
HR,Croatia,0,2020-03-14
HR,Croatia,1,2020-03-21
HR,Croatia,4,2020-03-28
HR,Croatia,7,2020-04-04
HR,Croatia,9,2020-04-11
HR,Croatia,18,2020-04-18
HR,Croatia,15,2020-04-25
HR,Croatia,23,2020-05-02
HR,Croatia,10,2020-05-09
HR,Croatia,8,2020-05-16
HR,Croatia,4,2020-05-23
HR,Croatia,4,2020-05-30
HR,Croatia,1,2020-06-06
HR,Croatia,3,2020-06-13
HR,Croatia,0,2020-06-20
HR,Croatia,0,2020-06-27
HR,Croatia,6,2020-07-04
HR,Croatia,5,2020-07-11
HR,Croatia,2,2020-07-18
HR,Croatia,13,2020-07-25
HR,Croatia,12,2020-08-01
HR,Croatia,12,2020-08-08
HR,Croatia,8,2020-08-15
HR,Croatia,5,2020-08-22
HR,Croatia,13,2020-08-29
HR,Croatia,14,2020-09-05
HR,Croatia,21,2020-09-12
HR,Croatia,26,2020-09-19
HR,Croatia,25,2020-09-26
HR,Croatia,24,2020-10-03
HR,Croatia,24,2020-10-10
HR,Croatia,38,2020-10-17
HR,Croatia,74,2020-10-24
HR,Croatia,117,2020-10-31
HR,Croatia,206,2020-11-07
HR,Croatia,254,2020-11-14
HR,Croatia,298,2020-11-21
HR,Croatia,351,2020-11-28
HR,Croatia,447,2020-12-05
HR,Croatia,460,2020-12-12
HR,Croatia,539,2020-12-19
HR,Croatia,512,2020-12-26
HR,Croatia,403,2021-01-02
HR,Croatia,326,2021-01-09
HR,Croatia,246,2021-01-16
HR,Croatia,211,2021-01-23
HR,Croatia,199,2021-01-30
HR,Croatia,146,2021-02-06
HR,Croatia,155,2021-02-13
HR,Croatia,121,2021-02-20
HR,Croatia,91,2021-02-27
HR,Croatia,74,2021-03-06
HR,Croatia,85,2021-03-13
HR,Croatia,83,2021-03-20
HR,Croatia,119,2021-03-27
HR,Croatia,153,2021-04-03
HR,Croatia,244,2021-04-10
HR,Croatia,254,2021-04-17
HR,Croatia,292,2021-04-24
HR,Croatia,315,2021-05-01
HR,Croatia,294,2021-05-08
HR,Croatia,263,2021-05-15
HR,Croatia,196,2021-05-22
HR,Croatia,119,2021-05-29
HR,Croatia,78,2021-06-05
HR,Croatia,52,2021-06-12
HR,Croatia,37,2021-06-19
HR,Croatia,28,2021-06-26
HR,Croatia,18,2021-07-03
HR,Croatia,12,2021-07-10
HR,Croatia,9,2021-07-17
HR,Croatia,9,2021-07-24
HR,Croatia,14,2021-07-31
HR,Croatia,12,2021-08-07
HR,Croatia,11,2021-08-14
HR,Croatia,16,2021-08-21
HR,Croatia,26,2021-08-28
HR,Croatia,38,2021-09-04
HR,Croatia,65,2021-09-11
HR,Croatia,66,2021-09-18
HR,Croatia,87,2021-09-25
HR,Croatia,84,2021-10-02
HR,Croatia,99,2021-10-09
HR,Croatia,114,2021-10-16
HR,Croatia,133,2021-10-23
HR,Croatia,188,2021-10-30
HR,Croatia,252,2021-11-06
HR,Croatia,390,2021-11-13
HR,Croatia,403,2021-11-20
HR,Croatia,452,2021-11-27
HR,Croatia,455,2021-12-04
HR,Croatia,424,2021-12-11
HR,Croatia,356,2021-12-18
HR,Croatia,349,2021-12-25
HR,Croatia,292,2022-01-01
HR,Croatia,270,2022-01-08
HR,Croatia,232,2022-01-15
HR,Croatia,298,2022-01-22
HR,Croatia,360,2022-01-29
HR,Croatia,347,2022-02-05
HR,Croatia,346,2022-02-12
HR,Croatia,349,2022-02-19
HR,Croatia,239,2022-02-26
HR,Croatia,182,2022-03-05
HR,Croatia,127,2022-03-12
HR,Croatia,104,2022-03-19
HR,Croatia,84,2022-03-26
HR,Croatia,83,2022-04-02
HR,Croatia,83,2022-04-09
HR,Croatia,50,2022-04-16
HR,Croatia,53,2022-04-23
HU,Hungary,0,2020-02-01
HU,Hungary,0,2020-02-08
HU,Hungary,0,2020-02-15
HU,Hungary,0,2020-02-22
HU,Hungary,0,2020-02-29
HU,Hungary,0,2020-03-07
HU,Hungary,0,2020-03-14
HU,Hungary,4,2020-03-21
HU,Hungary,7,2020-03-28
HU,Hungary,21,2020-04-04
HU,Hungary,53,2020-04-11
HU,Hungary,87,2020-04-18
HU,Hungary,90,2020-04-25
HU,Hungary,73,2020-05-02
HU,Hungary,70,2020-05-09
HU,Hungary,43,2020-05-16
HU,Hungary,34,2020-05-23
HU,Hungary,42,2020-05-30
HU,Hungary,21,2020-06-06
HU,Hungary,14,2020-06-13
HU,Hungary,11,2020-06-20
HU,Hungary,8,2020-06-27
HU,Hungary,11,2020-07-04
HU,Hungary,6,2020-07-11
HU,Hungary,1,2020-07-18
HU,Hungary,0,2020-07-25
HU,Hungary,1,2020-08-01
HU,Hungary,5,2020-08-08
HU,Hungary,5,2020-08-15
HU,Hungary,4,2020-08-22
HU,Hungary,3,2020-08-29
HU,Hungary,10,2020-09-05
HU,Hungary,9,2020-09-12
HU,Hungary,42,2020-09-19
HU,Hungary,55,2020-09-26
HU,Hungary,82,2020-10-03
HU,Hungary,121,2020-10-10
HU,Hungary,176,2020-10-17
HU,Hungary,281,2020-10-24
HU,Hungary,360,2020-10-31
HU,Hungary,607,2020-11-07
HU,Hungary,633,2020-11-14
HU,Hungary,699,2020-11-21
HU,Hungary,827,2020-11-28
HU,Hungary,1190,2020-12-05
HU,Hungary,1078,2020-12-12
HU,Hungary,1130,2020-12-19
HU,Hungary,1037,2020-12-26
HU,Hungary,830,2021-01-02
HU,Hungary,773,2021-01-09
HU,Hungary,710,2021-01-16
HU,Hungary,640,2021-01-23
HU,Hungary,559,2021-01-30
HU,Hungary,563,2021-02-06
HU,Hungary,610,2021-02-13
HU,Hungary,616,2021-02-20
HU,Hungary,650,2021-02-27
HU,Hungary,863,2021-03-06
HU,Hungary,1025,2021-03-13
HU,Hungary,1278,2021-03-20
HU,Hungary,1684,2021-03-27
HU,Hungary,1752,2021-04-03
HU,Hungary,1707,2021-04-10
HU,Hungary,1768,2021-04-17
HU,Hungary,1441,2021-04-24
HU,Hungary,1281,2021-05-01
HU,Hungary,803,2021-05-08
HU,Hungary,610,2021-05-15
HU,Hungary,361,2021-05-22
HU,Hungary,234,2021-05-29
HU,Hungary,133,2021-06-05
HU,Hungary,62,2021-06-12
HU,Hungary,46,2021-06-19
HU,Hungary,30,2021-06-26
HU,Hungary,12,2021-07-03
HU,Hungary,12,2021-07-10
HU,Hungary,11,2021-07-17
HU,Hungary,5,2021-07-24
HU,Hungary,6,2021-07-31
HU,Hungary,7,2021-08-07
HU,Hungary,5,2021-08-14
HU,Hungary,8,2021-08-21
HU,Hungary,11,2021-08-28
HU,Hungary,4,2021-09-04
HU,Hungary,25,2021-09-11
HU,Hungary,37,2021-09-18
HU,Hungary,28,2021-09-25
HU,Hungary,48,2021-10-02
HU,Hungary,76,2021-10-09
HU,Hungary,76,2021-10-16
HU,Hungary,141,2021-10-23
HU,Hungary,237,2021-10-30
HU,Hungary,455,2021-11-06
HU,Hungary,683,2021-11-13
HU,Hungary,913,2021-11-20
HU,Hungary,1086,2021-11-27
HU,Hungary,1256,2021-12-04
HU,Hungary,1307,2021-12-11
HU,Hungary,1101,2021-12-18
HU,Hungary,777,2021-12-25
HU,Hungary,879,2022-01-01
HU,Hungary,594,2022-01-08
HU,Hungary,457,2022-01-15
HU,Hungary,585,2022-01-22
HU,Hungary,407,2022-01-29
HU,Hungary,512,2022-02-05
HU,Hungary,619,2022-02-12
HU,Hungary,706,2022-02-19
HU,Hungary,686,2022-02-26
HU,Hungary,534,2022-03-05
HU,Hungary,367,2022-03-12
HU,Hungary,308,2022-03-19
HU,Hungary,297,2022-03-26
HU,Hungary,252,2022-04-02
HU,Hungary,211,2022-04-09
HU,Hungary,144,2022-04-16
HU,Hungary,183,2022-04-23
IE,Ireland,0,2020-02-01
IE,Ireland,0,2020-02-08
IE,Ireland,0,2020-02-15
IE,Ireland,0,2020-02-22
IE,Ireland,0,2020-02-29
IE,Ireland,0,2020-03-07
IE,Ireland,2,2020-03-14
IE,Ireland,1,2020-03-21
IE,Ireland,33,2020-03-28
IE,Ireland,101,2020-04-04
IE,Ireland,183,2020-04-11
IE,Ireland,251,2020-04-18
IE,Ireland,492,2020-04-25
IE,Ireland,223,2020-05-02
IE,Ireland,160,2020-05-09
IE,Ireland,87,2020-05-16
IE,Ireland,71,2020-05-23
IE,Ireland,47,2020-05-30
IE,Ireland,27,2020-06-06
IE,Ireland,27,2020-06-13
IE,Ireland,10,2020-06-20
IE,Ireland,19,2020-06-27
IE,Ireland,7,2020-07-04
IE,Ireland,5,2020-07-11
IE,Ireland,7,2020-07-18
IE,Ireland,11,2020-07-25
IE,Ireland,-1,2020-08-01
IE,Ireland,9,2020-08-08
IE,Ireland,2,2020-08-15
IE,Ireland,3,2020-08-22
IE,Ireland,0,2020-08-29
IE,Ireland,0,2020-09-05
IE,Ireland,6,2020-09-12
IE,Ireland,9,2020-09-19
IE,Ireland,10,2020-09-26
IE,Ireland,8,2020-10-03
IE,Ireland,14,2020-10-10
IE,Ireland,25,2020-10-17
IE,Ireland,33,2020-10-24
IE,Ireland,31,2020-10-31
IE,Ireland,32,2020-11-07
IE,Ireland,33,2020-11-14
IE,Ireland,44,2020-11-21
IE,Ireland,28,2020-11-28
IE,Ireland,49,2020-12-05
IE,Ireland,24,2020-12-12
IE,Ireland,31,2020-12-19
IE,Ireland,46,2020-12-26
IE,Ireland,52,2021-01-02
IE,Ireland,84,2021-01-09
IE,Ireland,259,2021-01-16
IE,Ireland,352,2021-01-23
IE,Ireland,345,2021-01-30
IE,Ireland,382,2021-02-06
IE,Ireland,257,2021-02-13
IE,Ireland,204,2021-02-20
IE,Ireland,178,2021-02-27
IE,Ireland,106,2021-03-06
IE,Ireland,115,2021-03-13
IE,Ireland,51,2021-03-20
IE,Ireland,68,2021-03-27
IE,Ireland,62,2021-04-03
IE,Ireland,68,2021-04-10
IE,Ireland,52,2021-04-17
IE,Ireland,37,2021-04-24
IE,Ireland,34,2021-05-01
IE,Ireland,13,2021-05-08
IE,Ireland,22,2021-05-15
IE,Ireland,0,2021-05-22
IE,Ireland,0,2021-05-29
IE,Ireland,0,2021-06-05
IE,Ireland,0,2021-06-12
IE,Ireland,38,2021-06-19
IE,Ireland,10,2021-06-26
IE,Ireland,11,2021-07-03
IE,Ireland,6,2021-07-10
IE,Ireland,12,2021-07-17
IE,Ireland,8,2021-07-24
IE,Ireland,9,2021-07-31
IE,Ireland,9,2021-08-07
IE,Ireland,15,2021-08-14
IE,Ireland,15,2021-08-21
IE,Ireland,18,2021-08-28
IE,Ireland,20,2021-09-04
IE,Ireland,43,2021-09-11
IE,Ireland,24,2021-09-18
IE,Ireland,30,2021-09-25
IE,Ireland,40,2021-10-02
IE,Ireland,31,2021-10-09
IE,Ireland,26,2021-10-16
IE,Ireland,63,2021-10-23
IE,Ireland,67,2021-10-30
IE,Ireland,56,2021-11-06
IE,Ireland,74,2021-11-13
IE,Ireland,43,2021-11-20
IE,Ireland,43,2021-11-27
IE,Ireland,55,2021-12-04
IE,Ireland,81,2021-12-11
IE,Ireland,47,2021-12-18
IE,Ireland,55,2021-12-25
IE,Ireland,22,2022-01-01
IE,Ireland,40,2022-01-08
IE,Ireland,83,2022-01-15
IE,Ireland,52,2022-01-22
IE,Ireland,49,2022-01-29
IE,Ireland,92,2022-02-05
IE,Ireland,63,2022-02-12
IE,Ireland,126,2022-02-19
IE,Ireland,58,2022-02-26
IE,Ireland,56,2022-03-05
IE,Ireland,80,2022-03-12
IE,Ireland,27,2022-03-19
IE,Ireland,72,2022-03-26
IE,Ireland,76,2022-04-02
IE,Ireland,77,2022-04-09
IE,Ireland,69,2022-04-16
IE,Ireland,64,2022-04-23
IS,Iceland,0,2020-02-01
IS,Iceland,0,2020-02-08
IS,Iceland,0,2020-02-15
IS,Iceland,0,2020-02-22
IS,Iceland,0,2020-02-29
IS,Iceland,0,2020-03-07
IS,Iceland,0,2020-03-14
IS,Iceland,1,2020-03-21
IS,Iceland,1,2020-03-28
IS,Iceland,2,2020-04-04
IS,Iceland,4,2020-04-11
IS,Iceland,1,2020-04-18
IS,Iceland,1,2020-04-25
IS,Iceland,0,2020-05-02
IS,Iceland,0,2020-05-09
IS,Iceland,0,2020-05-16
IS,Iceland,0,2020-05-23
IS,Iceland,0,2020-05-30
IS,Iceland,0,2020-06-06
IS,Iceland,0,2020-06-13
IS,Iceland,0,2020-06-20
IS,Iceland,0,2020-06-27
IS,Iceland,0,2020-07-04
IS,Iceland,0,2020-07-11
IS,Iceland,0,2020-07-18
IS,Iceland,0,2020-07-25
IS,Iceland,0,2020-08-01
IS,Iceland,0,2020-08-08
IS,Iceland,0,2020-08-15
IS,Iceland,0,2020-08-22
IS,Iceland,0,2020-08-29
IS,Iceland,0,2020-09-05
IS,Iceland,0,2020-09-12
IS,Iceland,0,2020-09-19
IS,Iceland,0,2020-09-26
IS,Iceland,0,2020-10-03
IS,Iceland,0,2020-10-10
IS,Iceland,1,2020-10-17
IS,Iceland,0,2020-10-24
IS,Iceland,1,2020-10-31
IS,Iceland,6,2020-11-07
IS,Iceland,7,2020-11-14
IS,Iceland,1,2020-11-21
IS,Iceland,0,2020-11-28
IS,Iceland,1,2020-12-05
IS,Iceland,1,2020-12-12
IS,Iceland,0,2020-12-19
IS,Iceland,0,2020-12-26
IS,Iceland,1,2021-01-02
IS,Iceland,0,2021-01-09
IS,Iceland,0,2021-01-16
IS,Iceland,0,2021-01-23
IS,Iceland,0,2021-01-30
IS,Iceland,0,2021-02-06
IS,Iceland,0,2021-02-13
IS,Iceland,0,2021-02-20
IS,Iceland,0,2021-02-27
IS,Iceland,0,2021-03-06
IS,Iceland,0,2021-03-13
IS,Iceland,0,2021-03-20
IS,Iceland,0,2021-03-27
IS,Iceland,0,2021-04-03
IS,Iceland,0,2021-04-10
IS,Iceland,0,2021-04-17
IS,Iceland,0,2021-04-24
IS,Iceland,0,2021-05-01
IS,Iceland,0,2021-05-08
IS,Iceland,0,2021-05-15
IS,Iceland,0,2021-05-22
IS,Iceland,1,2021-05-29
IS,Iceland,0,2021-06-05
IS,Iceland,0,2021-06-12
IS,Iceland,0,2021-06-19
IS,Iceland,0,2021-06-26
IS,Iceland,0,2021-07-03
IS,Iceland,0,2021-07-10
IS,Iceland,0,2021-07-17
IS,Iceland,0,2021-07-24
IS,Iceland,0,2021-07-31
IS,Iceland,0,2021-08-07
IS,Iceland,0,2021-08-14
IS,Iceland,0,2021-08-21
IS,Iceland,2,2021-08-28
IS,Iceland,1,2021-09-04
IS,Iceland,0,2021-09-11
IS,Iceland,0,2021-09-18
IS,Iceland,0,2021-09-25
IS,Iceland,0,2021-10-02
IS,Iceland,0,2021-10-09
IS,Iceland,0,2021-10-16
IS,Iceland,0,2021-10-23
IS,Iceland,0,2021-10-30
IS,Iceland,1,2021-11-06
IS,Iceland,0,2021-11-13
IS,Iceland,0,2021-11-20
IS,Iceland,1,2021-11-27
IS,Iceland,0,2021-12-04
IS,Iceland,0,2021-12-11
IS,Iceland,1,2021-12-18
IS,Iceland,1,2021-12-25
IS,Iceland,0,2022-01-01
IS,Iceland,2,2022-01-08
IS,Iceland,5,2022-01-15
IS,Iceland,0,2022-01-22
IS,Iceland,2,2022-01-29
IS,Iceland,3,2022-02-05
IS,Iceland,5,2022-02-12
IS,Iceland,4,2022-02-19
IS,Iceland,3,2022-02-26
IS,Iceland,7,2022-03-05
IS,Iceland,11,2022-03-12
IS,Iceland,12,2022-03-19
IS,Iceland,6,2022-03-26
IS,Iceland,4,2022-04-02
IS,Iceland,4,2022-04-09
IS,Iceland,5,2022-04-16
IS,Iceland,4,2022-04-23
IT,Italy,0,2020-02-01
IT,Italy,0,2020-02-08
IT,Italy,0,2020-02-15
IT,Italy,2,2020-02-22
IT,Italy,27,2020-02-29
IT,Italy,204,2020-03-07
IT,Italy,1208,2020-03-14
IT,Italy,3384,2020-03-21
IT,Italy,5198,2020-03-28
IT,Italy,5339,2020-04-04
IT,Italy,4106,2020-04-11
IT,Italy,3759,2020-04-18
IT,Italy,3157,2020-04-25
IT,Italy,2326,2020-05-02
IT,Italy,1685,2020-05-09
IT,Italy,1368,2020-05-16
IT,Italy,972,2020-05-23
IT,Italy,605,2020-05-30
IT,Italy,506,2020-06-06
IT,Italy,455,2020-06-13
IT,Italy,309,2020-06-20
IT,Italy,106,2020-06-27
IT,Italy,138,2020-07-04
IT,Italy,91,2020-07-11
IT,Italy,97,2020-07-18
IT,Italy,60,2020-07-25
IT,Italy,44,2020-08-01
IT,Italy,57,2020-08-08
IT,Italy,189,2020-08-15
IT,Italy,38,2020-08-22
IT,Italy,43,2020-08-29
IT,Italy,61,2020-09-05
IT,Italy,69,2020-09-12
IT,Italy,89,2020-09-19
IT,Italy,126,2020-09-26
IT,Italy,150,2020-10-03
IT,Italy,172,2020-10-10
IT,Italy,334,2020-10-17
IT,Italy,736,2020-10-24
IT,Italy,1408,2020-10-31
IT,Italy,2445,2020-11-07
IT,Italy,3620,2020-11-14
IT,Italy,4578,2020-11-21
IT,Italy,5102,2020-11-28
IT,Italy,5151,2020-12-05
IT,Italy,4522,2020-12-12
IT,Italy,4411,2020-12-19
IT,Italy,3173,2020-12-26
IT,Italy,3365,2021-01-02
IT,Italy,3409,2021-01-09
IT,Italy,3406,2021-01-16
IT,Italy,3362,2021-01-23
IT,Italy,3117,2021-01-30
IT,Italy,2724,2021-02-06
IT,Italy,2353,2021-02-13
IT,Italy,2130,2021-02-20
IT,Italy,2021,2021-02-27
IT,Italy,2071,2021-03-06
IT,Italy,2303,2021-03-13
IT,Italy,2761,2021-03-20
IT,Italy,2994,2021-03-27
IT,Italy,3068,2021-04-03
IT,Italy,3219,2021-04-10
IT,Italy,2753,2021-04-17
IT,Italy,2345,2021-04-24
IT,Italy,2012,2021-05-01
IT,Italy,1661,2021-05-08
IT,Italy,1369,2021-05-15
IT,Italy,1090,2021-05-22
IT,Italy,849,2021-05-29
IT,Italy,470,2021-06-05
IT,Italy,504,2021-06-12
IT,Italy,277,2021-06-19
IT,Italy,205,2021-06-26
IT,Italy,179,2021-07-03
IT,Italy,131,2021-07-10
IT,Italy,96,2021-07-17
IT,Italy,78,2021-07-24
IT,Italy,121,2021-07-31
IT,Italy,146,2021-08-07
IT,Italy,204,2021-08-14
IT,Italy,315,2021-08-21
IT,Italy,328,2021-08-28
IT,Italy,410,2021-09-04
IT,Italy,419,2021-09-11
IT,Italy,399,2021-09-18
IT,Italy,369,2021-09-25
IT,Italy,345,2021-10-02
IT,Italy,276,2021-10-09
IT,Italy,243,2021-10-16
IT,Italy,285,2021-10-23
IT,Italy,272,2021-10-30
IT,Italy,291,2021-11-06
IT,Italy,374,2021-11-13
IT,Italy,392,2021-11-20
IT,Italy,496,2021-11-27
IT,Italy,525,2021-12-04
IT,Italy,613,2021-12-11
IT,Italy,779,2021-12-18
IT,Italy,986,2021-12-25
IT,Italy,983,2022-01-01
IT,Italy,1368,2022-01-08
IT,Italy,1975,2022-01-15
IT,Italy,2440,2022-01-22
IT,Italy,2618,2022-01-29
IT,Italy,2628,2022-02-05
IT,Italy,2282,2022-02-12
IT,Italy,2024,2022-02-19
IT,Italy,1568,2022-02-26
IT,Italy,1366,2022-03-05
IT,Italy,1000,2022-03-12
IT,Italy,910,2022-03-19
IT,Italy,1008,2022-03-26
IT,Italy,966,2022-04-02
IT,Italy,992,2022-04-09
IT,Italy,944,2022-04-16
IT,Italy,1007,2022-04-23
LI,Liechtenstein,0,2020-02-01
LI,Liechtenstein,0,2020-02-08
LI,Liechtenstein,0,2020-02-15
LI,Liechtenstein,0,2020-02-22
LI,Liechtenstein,0,2020-02-29
LI,Liechtenstein,0,2020-03-07
LI,Liechtenstein,0,2020-03-14
LI,Liechtenstein,0,2020-03-21
LI,Liechtenstein,0,2020-03-28
LI,Liechtenstein,1,2020-04-04
LI,Liechtenstein,0,2020-04-11
LI,Liechtenstein,0,2020-04-18
LI,Liechtenstein,0,2020-04-25
LI,Liechtenstein,0,2020-05-02
LI,Liechtenstein,0,2020-05-09
LI,Liechtenstein,0,2020-05-16
LI,Liechtenstein,0,2020-05-23
LI,Liechtenstein,0,2020-05-30
LI,Liechtenstein,0,2020-06-06
LI,Liechtenstein,0,2020-06-13
LI,Liechtenstein,0,2020-06-20
LI,Liechtenstein,0,2020-06-27
LI,Liechtenstein,0,2020-07-04
LI,Liechtenstein,0,2020-07-11
LI,Liechtenstein,0,2020-07-18
LI,Liechtenstein,0,2020-07-25
LI,Liechtenstein,0,2020-08-01
LI,Liechtenstein,0,2020-08-08
LI,Liechtenstein,0,2020-08-15
LI,Liechtenstein,0,2020-08-22
LI,Liechtenstein,0,2020-08-29
LI,Liechtenstein,0,2020-09-05
LI,Liechtenstein,0,2020-09-12
LI,Liechtenstein,0,2020-09-19
LI,Liechtenstein,0,2020-09-26
LI,Liechtenstein,0,2020-10-03
LI,Liechtenstein,0,2020-10-10
LI,Liechtenstein,0,2020-10-17
LI,Liechtenstein,0,2020-10-24
LI,Liechtenstein,2,2020-10-31
LI,Liechtenstein,0,2020-11-07
LI,Liechtenstein,2,2020-11-14
LI,Liechtenstein,4,2020-11-21
LI,Liechtenstein,8,2020-11-28
LI,Liechtenstein,1,2020-12-05
LI,Liechtenstein,3,2020-12-12
LI,Liechtenstein,5,2020-12-19
LI,Liechtenstein,12,2020-12-26
LI,Liechtenstein,6,2021-01-02
LI,Liechtenstein,6,2021-01-09
LI,Liechtenstein,0,2021-01-16
LI,Liechtenstein,3,2021-01-23
LI,Liechtenstein,0,2021-01-30
LI,Liechtenstein,0,2021-02-06
LI,Liechtenstein,2,2021-02-13
LI,Liechtenstein,0,2021-02-20
LI,Liechtenstein,0,2021-02-27
LI,Liechtenstein,1,2021-03-06
LI,Liechtenstein,0,2021-03-13
LI,Liechtenstein,0,2021-03-20
LI,Liechtenstein,0,2021-03-27
LI,Liechtenstein,0,2021-04-03
LI,Liechtenstein,0,2021-04-10
LI,Liechtenstein,0,2021-04-17
LI,Liechtenstein,0,2021-04-24
LI,Liechtenstein,0,2021-05-01
LI,Liechtenstein,1,2021-05-08
LI,Liechtenstein,0,2021-05-15
LI,Liechtenstein,0,2021-05-22
LI,Liechtenstein,0,2021-05-29
LI,Liechtenstein,0,2021-06-05
LI,Liechtenstein,1,2021-06-12
LI,Liechtenstein,0,2021-06-19
LI,Liechtenstein,0,2021-06-26
LI,Liechtenstein,0,2021-07-03
LI,Liechtenstein,0,2021-07-10
LI,Liechtenstein,0,2021-07-17
LI,Liechtenstein,0,2021-07-24
LI,Liechtenstein,0,2021-07-31
LI,Liechtenstein,0,2021-08-07
LI,Liechtenstein,0,2021-08-14
LI,Liechtenstein,0,2021-08-21
LI,Liechtenstein,0,2021-08-28
LI,Liechtenstein,0,2021-09-04
LI,Liechtenstein,0,2021-09-11
LI,Liechtenstein,0,2021-09-18
LI,Liechtenstein,0,2021-09-25
LI,Liechtenstein,0,2021-10-02
LI,Liechtenstein,0,2021-10-09
LI,Liechtenstein,2,2021-10-16
LI,Liechtenstein,0,2021-10-23
LI,Liechtenstein,1,2021-10-30
LI,Liechtenstein,0,2021-11-06
LI,Liechtenstein,0,2021-11-13
LI,Liechtenstein,0,2021-11-20
LI,Liechtenstein,0,2021-11-27
LI,Liechtenstein,1,2021-12-04
LI,Liechtenstein,5,2021-12-11
LI,Liechtenstein,1,2021-12-18
LI,Liechtenstein,1,2021-12-25
LI,Liechtenstein,0,2022-01-01
LI,Liechtenstein,2,2022-01-08
LI,Liechtenstein,1,2022-01-15
LI,Liechtenstein,1,2022-01-22
LI,Liechtenstein,0,2022-01-29
LI,Liechtenstein,1,2022-02-05
LI,Liechtenstein,0,2022-02-12
LI,Liechtenstein,1,2022-02-19
LI,Liechtenstein,3,2022-02-26
LI,Liechtenstein,0,2022-03-05
LI,Liechtenstein,1,2022-03-12
LI,Liechtenstein,2,2022-03-19
LI,Liechtenstein,2,2022-03-26
LI,Liechtenstein,1,2022-04-02
LI,Liechtenstein,0,2022-04-09
LI,Liechtenstein,0,2022-04-16
LI,Liechtenstein,0,2022-04-23
LT,Lithuania,0,2020-02-01
LT,Lithuania,0,2020-02-08
LT,Lithuania,0,2020-02-15
LT,Lithuania,0,2020-02-22
LT,Lithuania,0,2020-02-29
LT,Lithuania,0,2020-03-07
LT,Lithuania,0,2020-03-14
LT,Lithuania,0,2020-03-21
LT,Lithuania,4,2020-03-28
LT,Lithuania,3,2020-04-04
LT,Lithuania,6,2020-04-11
LT,Lithuania,9,2020-04-18
LT,Lithuania,7,2020-04-25
LT,Lithuania,4,2020-05-02
LT,Lithuania,2,2020-05-09
LT,Lithuania,7,2020-05-16
LT,Lithuania,5,2020-05-23
LT,Lithuania,7,2020-05-30
LT,Lithuania,1,2020-06-06
LT,Lithuania,4,2020-06-13
LT,Lithuania,1,2020-06-20
LT,Lithuania,1,2020-06-27
LT,Lithuania,1,2020-07-04
LT,Lithuania,0,2020-07-11
LT,Lithuania,1,2020-07-18
LT,Lithuania,0,2020-07-25
LT,Lithuania,0,2020-08-01
LT,Lithuania,1,2020-08-08
LT,Lithuania,0,2020-08-15
LT,Lithuania,3,2020-08-22
LT,Lithuania,2,2020-08-29
LT,Lithuania,0,2020-09-05
LT,Lithuania,1,2020-09-12
LT,Lithuania,1,2020-09-19
LT,Lithuania,3,2020-09-26
LT,Lithuania,6,2020-10-03
LT,Lithuania,7,2020-10-10
LT,Lithuania,11,2020-10-17
LT,Lithuania,18,2020-10-24
LT,Lithuania,36,2020-10-31
LT,Lithuania,43,2020-11-07
LT,Lithuania,86,2020-11-14
LT,Lithuania,131,2020-11-21
LT,Lithuania,159,2020-11-28
LT,Lithuania,195,2020-12-05
LT,Lithuania,219,2020-12-12
LT,Lithuania,280,2020-12-19
LT,Lithuania,306,2020-12-26
LT,Lithuania,317,2021-01-02
LT,Lithuania,286,2021-01-09
LT,Lithuania,245,2021-01-16
LT,Lithuania,212,2021-01-23
LT,Lithuania,160,2021-01-30
LT,Lithuania,136,2021-02-06
LT,Lithuania,130,2021-02-13
LT,Lithuania,105,2021-02-20
LT,Lithuania,72,2021-02-27
LT,Lithuania,87,2021-03-06
LT,Lithuania,68,2021-03-13
LT,Lithuania,75,2021-03-20
LT,Lithuania,75,2021-03-27
LT,Lithuania,63,2021-04-03
LT,Lithuania,69,2021-04-10
LT,Lithuania,80,2021-04-17
LT,Lithuania,90,2021-04-24
LT,Lithuania,96,2021-05-01
LT,Lithuania,87,2021-05-08
LT,Lithuania,64,2021-05-15
LT,Lithuania,85,2021-05-22
LT,Lithuania,72,2021-05-29
LT,Lithuania,57,2021-06-05
LT,Lithuania,33,2021-06-12
LT,Lithuania,29,2021-06-19
LT,Lithuania,15,2021-06-26
LT,Lithuania,10,2021-07-03
LT,Lithuania,9,2021-07-10
LT,Lithuania,6,2021-07-17
LT,Lithuania,6,2021-07-24
LT,Lithuania,5,2021-07-31
LT,Lithuania,9,2021-08-07
LT,Lithuania,22,2021-08-14
LT,Lithuania,35,2021-08-21
LT,Lithuania,51,2021-08-28
LT,Lithuania,66,2021-09-04
LT,Lithuania,71,2021-09-11
LT,Lithuania,108,2021-09-18
LT,Lithuania,119,2021-09-25
LT,Lithuania,145,2021-10-02
LT,Lithuania,168,2021-10-09
LT,Lithuania,197,2021-10-16
LT,Lithuania,196,2021-10-23
LT,Lithuania,231,2021-10-30
LT,Lithuania,251,2021-11-06
LT,Lithuania,209,2021-11-13
LT,Lithuania,201,2021-11-20
LT,Lithuania,178,2021-11-27
LT,Lithuania,153,2021-12-04
LT,Lithuania,131,2021-12-11
LT,Lithuania,141,2021-12-18
LT,Lithuania,168,2021-12-25
LT,Lithuania,138,2022-01-01
LT,Lithuania,121,2022-01-08
LT,Lithuania,119,2022-01-15
LT,Lithuania,105,2022-01-22
LT,Lithuania,97,2022-01-29
LT,Lithuania,124,2022-02-05
LT,Lithuania,121,2022-02-12
LT,Lithuania,146,2022-02-19
LT,Lithuania,151,2022-02-26
LT,Lithuania,116,2022-03-05
LT,Lithuania,121,2022-03-12
LT,Lithuania,92,2022-03-19
LT,Lithuania,101,2022-03-26
LT,Lithuania,82,2022-04-02
LT,Lithuania,62,2022-04-09
LT,Lithuania,50,2022-04-16
LT,Lithuania,42,2022-04-23
LU,Luxembourg,0,2020-02-01
LU,Luxembourg,0,2020-02-08
LU,Luxembourg,0,2020-02-15
LU,Luxembourg,0,2020-02-22
LU,Luxembourg,0,2020-02-29
LU,Luxembourg,0,2020-03-07
LU,Luxembourg,1,2020-03-14
LU,Luxembourg,7,2020-03-21
LU,Luxembourg,10,2020-03-28
LU,Luxembourg,13,2020-04-04
LU,Luxembourg,31,2020-04-11
LU,Luxembourg,10,2020-04-18
LU,Luxembourg,13,2020-04-25
LU,Luxembourg,7,2020-05-02
LU,Luxembourg,9,2020-05-09
LU,Luxembourg,3,2020-05-16
LU,Luxembourg,5,2020-05-23
LU,Luxembourg,1,2020-05-30
LU,Luxembourg,0,2020-06-06
LU,Luxembourg,0,2020-06-13
LU,Luxembourg,0,2020-06-20
LU,Luxembourg,0,2020-06-27
LU,Luxembourg,0,2020-07-04
LU,Luxembourg,0,2020-07-11
LU,Luxembourg,1,2020-07-18
LU,Luxembourg,1,2020-07-25
LU,Luxembourg,4,2020-08-01
LU,Luxembourg,4,2020-08-08
LU,Luxembourg,3,2020-08-15
LU,Luxembourg,1,2020-08-22
LU,Luxembourg,0,2020-08-29
LU,Luxembourg,0,2020-09-05
LU,Luxembourg,0,2020-09-12
LU,Luxembourg,0,2020-09-19
LU,Luxembourg,0,2020-09-26
LU,Luxembourg,1,2020-10-03
LU,Luxembourg,6,2020-10-10
LU,Luxembourg,2,2020-10-17
LU,Luxembourg,8,2020-10-24
LU,Luxembourg,11,2020-10-31
LU,Luxembourg,28,2020-11-07
LU,Luxembourg,39,2020-11-14
LU,Luxembourg,41,2020-11-21
LU,Luxembourg,40,2020-11-28
LU,Luxembourg,45,2020-12-05
LU,Luxembourg,47,2020-12-12
LU,Luxembourg,42,2020-12-19
LU,Luxembourg,24,2020-12-26
LU,Luxembourg,37,2021-01-02
LU,Luxembourg,32,2021-01-09
LU,Luxembourg,22,2021-01-16
LU,Luxembourg,13,2021-01-23
LU,Luxembourg,15,2021-01-30
LU,Luxembourg,13,2021-02-06
LU,Luxembourg,16,2021-02-13
LU,Luxembourg,16,2021-02-20
LU,Luxembourg,15,2021-02-27
LU,Luxembourg,15,2021-03-06
LU,Luxembourg,29,2021-03-13
LU,Luxembourg,33,2021-03-20
LU,Luxembourg,24,2021-03-27
LU,Luxembourg,12,2021-04-03
LU,Luxembourg,13,2021-04-10
LU,Luxembourg,22,2021-04-17
LU,Luxembourg,5,2021-04-24
LU,Luxembourg,6,2021-05-01
LU,Luxembourg,5,2021-05-08
LU,Luxembourg,5,2021-05-15
LU,Luxembourg,4,2021-05-22
LU,Luxembourg,4,2021-05-29
LU,Luxembourg,4,2021-06-05
LU,Luxembourg,0,2021-06-12
LU,Luxembourg,0,2021-06-19
LU,Luxembourg,0,2021-06-26
LU,Luxembourg,0,2021-07-03
LU,Luxembourg,1,2021-07-10
LU,Luxembourg,1,2021-07-17
LU,Luxembourg,1,2021-07-24
LU,Luxembourg,1,2021-07-31
LU,Luxembourg,2,2021-08-07
LU,Luxembourg,4,2021-08-14
LU,Luxembourg,2,2021-08-21
LU,Luxembourg,0,2021-08-28
LU,Luxembourg,0,2021-09-04
LU,Luxembourg,4,2021-09-11
LU,Luxembourg,0,2021-09-18
LU,Luxembourg,1,2021-09-25
LU,Luxembourg,0,2021-10-02
LU,Luxembourg,1,2021-10-09
LU,Luxembourg,3,2021-10-16
LU,Luxembourg,3,2021-10-23
LU,Luxembourg,1,2021-10-30
LU,Luxembourg,6,2021-11-06
LU,Luxembourg,6,2021-11-13
LU,Luxembourg,7,2021-11-20
LU,Luxembourg,4,2021-11-27
LU,Luxembourg,14,2021-12-04
LU,Luxembourg,10,2021-12-11
LU,Luxembourg,8,2021-12-18
LU,Luxembourg,9,2021-12-25
LU,Luxembourg,8,2022-01-01
LU,Luxembourg,7,2022-01-08
LU,Luxembourg,12,2022-01-15
LU,Luxembourg,9,2022-01-22
LU,Luxembourg,5,2022-01-29
LU,Luxembourg,10,2022-02-05
LU,Luxembourg,11,2022-02-12
LU,Luxembourg,14,2022-02-19
LU,Luxembourg,5,2022-02-26
LU,Luxembourg,8,2022-03-05
LU,Luxembourg,8,2022-03-12
LU,Luxembourg,6,2022-03-19
LU,Luxembourg,15,2022-03-26
LU,Luxembourg,12,2022-04-02
LU,Luxembourg,8,2022-04-09
LU,Luxembourg,9,2022-04-16
LU,Luxembourg,4,2022-04-23
LV,Latvia,0,2020-02-01
LV,Latvia,0,2020-02-08
LV,Latvia,0,2020-02-15
LV,Latvia,0,2020-02-22
LV,Latvia,0,2020-02-29
LV,Latvia,0,2020-03-07
LV,Latvia,0,2020-03-14
LV,Latvia,0,2020-03-21
LV,Latvia,0,2020-03-28
LV,Latvia,1,2020-04-04
LV,Latvia,2,2020-04-11
LV,Latvia,2,2020-04-18
LV,Latvia,7,2020-04-25
LV,Latvia,4,2020-05-02
LV,Latvia,2,2020-05-09
LV,Latvia,1,2020-05-16
LV,Latvia,3,2020-05-23
LV,Latvia,2,2020-05-30
LV,Latvia,1,2020-06-06
LV,Latvia,3,2020-06-13
LV,Latvia,2,2020-06-20
LV,Latvia,0,2020-06-27
LV,Latvia,0,2020-07-04
LV,Latvia,0,2020-07-11
LV,Latvia,1,2020-07-18
LV,Latvia,0,2020-07-25
LV,Latvia,1,2020-08-01
LV,Latvia,0,2020-08-08
LV,Latvia,0,2020-08-15
LV,Latvia,1,2020-08-22
LV,Latvia,1,2020-08-29
LV,Latvia,1,2020-09-05
LV,Latvia,0,2020-09-12
LV,Latvia,1,2020-09-19
LV,Latvia,0,2020-09-26
LV,Latvia,2,2020-10-03
LV,Latvia,2,2020-10-10
LV,Latvia,3,2020-10-17
LV,Latvia,11,2020-10-24
LV,Latvia,17,2020-10-31
LV,Latvia,25,2020-11-07
LV,Latvia,25,2020-11-14
LV,Latvia,32,2020-11-21
LV,Latvia,40,2020-11-28
LV,Latvia,60,2020-12-05
LV,Latvia,71,2020-12-12
LV,Latvia,103,2020-12-19
LV,Latvia,88,2020-12-26
LV,Latvia,153,2021-01-02
LV,Latvia,150,2021-01-09
LV,Latvia,143,2021-01-16
LV,Latvia,136,2021-01-23
LV,Latvia,83,2021-01-30
LV,Latvia,147,2021-02-06
LV,Latvia,116,2021-02-13
LV,Latvia,95,2021-02-20
LV,Latvia,76,2021-02-27
LV,Latvia,73,2021-03-06
LV,Latvia,70,2021-03-13
LV,Latvia,64,2021-03-20
LV,Latvia,51,2021-03-27
LV,Latvia,51,2021-04-03
LV,Latvia,63,2021-04-10
LV,Latvia,62,2021-04-17
LV,Latvia,53,2021-04-24
LV,Latvia,38,2021-05-01
LV,Latvia,69,2021-05-08
LV,Latvia,49,2021-05-15
LV,Latvia,66,2021-05-22
LV,Latvia,47,2021-05-29
LV,Latvia,37,2021-06-05
LV,Latvia,44,2021-06-12
LV,Latvia,42,2021-06-19
LV,Latvia,10,2021-06-26
LV,Latvia,23,2021-07-03
LV,Latvia,10,2021-07-10
LV,Latvia,7,2021-07-17
LV,Latvia,7,2021-07-24
LV,Latvia,6,2021-07-31
LV,Latvia,3,2021-08-07
LV,Latvia,2,2021-08-14
LV,Latvia,7,2021-08-21
LV,Latvia,5,2021-08-28
LV,Latvia,11,2021-09-04
LV,Latvia,23,2021-09-11
LV,Latvia,33,2021-09-18
LV,Latvia,42,2021-09-25
LV,Latvia,49,2021-10-02
LV,Latvia,63,2021-10-09
LV,Latvia,87,2021-10-16
LV,Latvia,137,2021-10-23
LV,Latvia,219,2021-10-30
LV,Latvia,235,2021-11-06
LV,Latvia,262,2021-11-13
LV,Latvia,206,2021-11-20
LV,Latvia,190,2021-11-27
LV,Latvia,131,2021-12-04
LV,Latvia,105,2021-12-11
LV,Latvia,72,2021-12-18
LV,Latvia,62,2021-12-25
LV,Latvia,77,2022-01-01
LV,Latvia,73,2022-01-08
LV,Latvia,76,2022-01-15
LV,Latvia,67,2022-01-22
LV,Latvia,69,2022-01-29
LV,Latvia,83,2022-02-05
LV,Latvia,75,2022-02-12
LV,Latvia,79,2022-02-19
LV,Latvia,124,2022-02-26
LV,Latvia,125,2022-03-05
LV,Latvia,86,2022-03-12
LV,Latvia,73,2022-03-19
LV,Latvia,65,2022-03-26
LV,Latvia,67,2022-04-02
LV,Latvia,39,2022-04-09
LV,Latvia,36,2022-04-16
LV,Latvia,29,2022-04-23
MT,Malta,0,2020-02-01
MT,Malta,0,2020-02-08
MT,Malta,0,2020-02-15
MT,Malta,0,2020-02-22
MT,Malta,0,2020-02-29
MT,Malta,0,2020-03-07
MT,Malta,0,2020-03-14
MT,Malta,0,2020-03-21
MT,Malta,0,2020-03-28
MT,Malta,0,2020-04-04
MT,Malta,3,2020-04-11
MT,Malta,0,2020-04-18
MT,Malta,1,2020-04-25
MT,Malta,0,2020-05-02
MT,Malta,1,2020-05-09
MT,Malta,1,2020-05-16
MT,Malta,0,2020-05-23
MT,Malta,3,2020-05-30
MT,Malta,0,2020-06-06
MT,Malta,0,2020-06-13
MT,Malta,0,2020-06-20
MT,Malta,0,2020-06-27
MT,Malta,0,2020-07-04
MT,Malta,0,2020-07-11
MT,Malta,0,2020-07-18
MT,Malta,0,2020-07-25
MT,Malta,0,2020-08-01
MT,Malta,0,2020-08-08
MT,Malta,0,2020-08-15
MT,Malta,1,2020-08-22
MT,Malta,0,2020-08-29
MT,Malta,4,2020-09-05
MT,Malta,1,2020-09-12
MT,Malta,4,2020-09-19
MT,Malta,12,2020-09-26
MT,Malta,7,2020-10-03
MT,Malta,3,2020-10-10
MT,Malta,4,2020-10-17
MT,Malta,5,2020-10-24
MT,Malta,12,2020-10-31
MT,Malta,12,2020-11-07
MT,Malta,21,2020-11-14
MT,Malta,16,2020-11-21
MT,Malta,21,2020-11-28
MT,Malta,17,2020-12-05
MT,Malta,17,2020-12-12
MT,Malta,21,2020-12-19
MT,Malta,19,2020-12-26
MT,Malta,14,2021-01-02
MT,Malta,12,2021-01-09
MT,Malta,6,2021-01-16
MT,Malta,12,2021-01-23
MT,Malta,15,2021-01-30
MT,Malta,14,2021-02-06
MT,Malta,11,2021-02-13
MT,Malta,13,2021-02-20
MT,Malta,10,2021-02-27
MT,Malta,16,2021-03-06
MT,Malta,21,2021-03-13
MT,Malta,19,2021-03-20
MT,Malta,16,2021-03-27
MT,Malta,12,2021-04-03
MT,Malta,5,2021-04-10
MT,Malta,7,2021-04-17
MT,Malta,3,2021-04-24
MT,Malta,3,2021-05-01
MT,Malta,2,2021-05-08
MT,Malta,0,2021-05-15
MT,Malta,0,2021-05-22
MT,Malta,2,2021-05-29
MT,Malta,0,2021-06-05
MT,Malta,0,2021-06-12
MT,Malta,1,2021-06-19
MT,Malta,0,2021-06-26
MT,Malta,0,2021-07-03
MT,Malta,0,2021-07-10
MT,Malta,0,2021-07-17
MT,Malta,1,2021-07-24
MT,Malta,2,2021-07-31
MT,Malta,1,2021-08-07
MT,Malta,6,2021-08-14
MT,Malta,6,2021-08-21
MT,Malta,4,2021-08-28
MT,Malta,2,2021-09-04
MT,Malta,5,2021-09-11
MT,Malta,6,2021-09-18
MT,Malta,4,2021-09-25
MT,Malta,2,2021-10-02
MT,Malta,0,2021-10-09
MT,Malta,0,2021-10-16
MT,Malta,0,2021-10-23
MT,Malta,2,2021-10-30
MT,Malta,1,2021-11-06
MT,Malta,0,2021-11-13
MT,Malta,1,2021-11-20
MT,Malta,5,2021-11-27
MT,Malta,0,2021-12-04
MT,Malta,2,2021-12-11
MT,Malta,1,2021-12-18
MT,Malta,3,2021-12-25
MT,Malta,3,2022-01-01
MT,Malta,10,2022-01-08
MT,Malta,17,2022-01-15
MT,Malta,21,2022-01-22
MT,Malta,20,2022-01-29
MT,Malta,20,2022-02-05
MT,Malta,20,2022-02-12
MT,Malta,9,2022-02-19
MT,Malta,8,2022-02-26
MT,Malta,6,2022-03-05
MT,Malta,6,2022-03-12
MT,Malta,7,2022-03-19
MT,Malta,9,2022-03-26
MT,Malta,9,2022-04-02
MT,Malta,20,2022-04-09
MT,Malta,14,2022-04-16
MT,Malta,14,2022-04-23
NL,Netherlands,0,2020-02-01
NL,Netherlands,0,2020-02-08
NL,Netherlands,0,2020-02-15
NL,Netherlands,0,2020-02-22
NL,Netherlands,0,2020-02-29
NL,Netherlands,1,2020-03-07
NL,Netherlands,11,2020-03-14
NL,Netherlands,124,2020-03-21
NL,Netherlands,503,2020-03-28
NL,Netherlands,1012,2020-04-04
NL,Netherlands,992,2020-04-11
NL,Netherlands,958,2020-04-18
NL,Netherlands,808,2020-04-25
NL,Netherlands,578,2020-05-02
NL,Netherlands,435,2020-05-09
NL,Netherlands,248,2020-05-16
NL,Netherlands,141,2020-05-23
NL,Netherlands,140,2020-05-30
NL,Netherlands,60,2020-06-06
NL,Netherlands,46,2020-06-13
NL,Netherlands,32,2020-06-20
NL,Netherlands,16,2020-06-27
NL,Netherlands,21,2020-07-04
NL,Netherlands,11,2020-07-11
NL,Netherlands,-1,2020-07-18
NL,Netherlands,4,2020-07-25
NL,Netherlands,8,2020-08-01
NL,Netherlands,9,2020-08-08
NL,Netherlands,12,2020-08-15
NL,Netherlands,31,2020-08-22
NL,Netherlands,24,2020-08-29
NL,Netherlands,17,2020-09-05
NL,Netherlands,12,2020-09-12
NL,Netherlands,22,2020-09-19
NL,Netherlands,91,2020-09-26
NL,Netherlands,83,2020-10-03
NL,Netherlands,118,2020-10-10
NL,Netherlands,170,2020-10-17
NL,Netherlands,282,2020-10-24
NL,Netherlands,376,2020-10-31
NL,Netherlands,565,2020-11-07
NL,Netherlands,483,2020-11-14
NL,Netherlands,427,2020-11-21
NL,Netherlands,456,2020-11-28
NL,Netherlands,336,2020-12-05
NL,Netherlands,357,2020-12-12
NL,Netherlands,440,2020-12-19
NL,Netherlands,511,2020-12-26
NL,Netherlands,595,2021-01-02
NL,Netherlands,742,2021-01-09
NL,Netherlands,658,2021-01-16
NL,Netherlands,545,2021-01-23
NL,Netherlands,449,2021-01-30
NL,Netherlands,396,2021-02-06
NL,Netherlands,438,2021-02-13
NL,Netherlands,407,2021-02-20
NL,Netherlands,343,2021-02-27
NL,Netherlands,260,2021-03-06
NL,Netherlands,243,2021-03-13
NL,Netherlands,214,2021-03-20
NL,Netherlands,190,2021-03-27
NL,Netherlands,156,2021-04-03
NL,Netherlands,148,2021-04-10
NL,Netherlands,150,2021-04-17
NL,Netherlands,134,2021-04-24
NL,Netherlands,131,2021-05-01
NL,Netherlands,150,2021-05-08
NL,Netherlands,117,2021-05-15
NL,Netherlands,101,2021-05-22
NL,Netherlands,78,2021-05-29
NL,Netherlands,60,2021-06-05
NL,Netherlands,34,2021-06-12
NL,Netherlands,17,2021-06-19
NL,Netherlands,14,2021-06-26
NL,Netherlands,16,2021-07-03
NL,Netherlands,9,2021-07-10
NL,Netherlands,10,2021-07-17
NL,Netherlands,21,2021-07-24
NL,Netherlands,31,2021-07-31
NL,Netherlands,40,2021-08-07
NL,Netherlands,39,2021-08-14
NL,Netherlands,41,2021-08-21
NL,Netherlands,47,2021-08-28
NL,Netherlands,41,2021-09-04
NL,Netherlands,33,2021-09-11
NL,Netherlands,43,2021-09-18
NL,Netherlands,38,2021-09-25
NL,Netherlands,32,2021-10-02
NL,Netherlands,23,2021-10-09
NL,Netherlands,38,2021-10-16
NL,Netherlands,71,2021-10-23
NL,Netherlands,84,2021-10-30
NL,Netherlands,156,2021-11-06
NL,Netherlands,175,2021-11-13
NL,Netherlands,227,2021-11-20
NL,Netherlands,317,2021-11-27
NL,Netherlands,370,2021-12-04
NL,Netherlands,432,2021-12-11
NL,Netherlands,346,2021-12-18
NL,Netherlands,285,2021-12-25
NL,Netherlands,246,2022-01-01
NL,Netherlands,122,2022-01-08
NL,Netherlands,75,2022-01-15
NL,Netherlands,62,2022-01-22
NL,Netherlands,60,2022-01-29
NL,Netherlands,53,2022-02-05
NL,Netherlands,66,2022-02-12
NL,Netherlands,86,2022-02-19
NL,Netherlands,43,2022-02-26
NL,Netherlands,111,2022-03-05
NL,Netherlands,91,2022-03-12
NL,Netherlands,86,2022-03-19
NL,Netherlands,106,2022-03-26
NL,Netherlands,116,2022-04-02
NL,Netherlands,73,2022-04-09
NL,Netherlands,76,2022-04-16
NL,Netherlands,50,2022-04-23
NO,Norway,0,2020-02-01
NO,Norway,0,2020-02-08
NO,Norway,0,2020-02-15
NO,Norway,0,2020-02-22
NO,Norway,0,2020-02-29
NO,Norway,0,2020-03-07
NO,Norway,3,2020-03-14
NO,Norway,4,2020-03-21
NO,Norway,16,2020-03-28
NO,Norway,39,2020-04-04
NO,Norway,57,2020-04-11
NO,Norway,45,2020-04-18
NO,Norway,37,2020-04-25
NO,Norway,10,2020-05-02
NO,Norway,8,2020-05-09
NO,Norway,13,2020-05-16
NO,Norway,3,2020-05-23
NO,Norway,1,2020-05-30
NO,Norway,2,2020-06-06
NO,Norway,4,2020-06-13
NO,Norway,2,2020-06-20
NO,Norway,5,2020-06-27
NO,Norway,2,2020-07-04
NO,Norway,1,2020-07-11
NO,Norway,3,2020-07-18
NO,Norway,0,2020-07-25
NO,Norway,0,2020-08-01
NO,Norway,1,2020-08-08
NO,Norway,5,2020-08-15
NO,Norway,3,2020-08-22
NO,Norway,0,2020-08-29
NO,Norway,0,2020-09-05
NO,Norway,1,2020-09-12
NO,Norway,2,2020-09-19
NO,Norway,3,2020-09-26
NO,Norway,5,2020-10-03
NO,Norway,0,2020-10-10
NO,Norway,3,2020-10-17
NO,Norway,1,2020-10-24
NO,Norway,3,2020-10-31
NO,Norway,3,2020-11-07
NO,Norway,9,2020-11-14
NO,Norway,12,2020-11-21
NO,Norway,22,2020-11-28
NO,Norway,26,2020-12-05
NO,Norway,33,2020-12-12
NO,Norway,17,2020-12-19
NO,Norway,17,2020-12-26
NO,Norway,15,2021-01-02
NO,Norway,36,2021-01-09
NO,Norway,45,2021-01-16
NO,Norway,27,2021-01-23
NO,Norway,20,2021-01-30
NO,Norway,18,2021-02-06
NO,Norway,10,2021-02-13
NO,Norway,15,2021-02-20
NO,Norway,15,2021-02-27
NO,Norway,10,2021-03-06
NO,Norway,7,2021-03-13
NO,Norway,9,2021-03-20
NO,Norway,8,2021-03-27
NO,Norway,17,2021-04-03
NO,Norway,11,2021-04-10
NO,Norway,24,2021-04-17
NO,Norway,28,2021-04-24
NO,Norway,20,2021-05-01
NO,Norway,11,2021-05-08
NO,Norway,7,2021-05-15
NO,Norway,7,2021-05-22
NO,Norway,2,2021-05-29
NO,Norway,2,2021-06-05
NO,Norway,4,2021-06-12
NO,Norway,1,2021-06-19
NO,Norway,2,2021-06-26
NO,Norway,2,2021-07-03
NO,Norway,2,2021-07-10
NO,Norway,0,2021-07-17
NO,Norway,3,2021-07-24
NO,Norway,0,2021-07-31
NO,Norway,5,2021-08-07
NO,Norway,4,2021-08-14
NO,Norway,3,2021-08-21
NO,Norway,3,2021-08-28
NO,Norway,8,2021-09-04
NO,Norway,5,2021-09-11
NO,Norway,14,2021-09-18
NO,Norway,9,2021-09-25
NO,Norway,11,2021-10-02
NO,Norway,10,2021-10-09
NO,Norway,13,2021-10-16
NO,Norway,10,2021-10-23
NO,Norway,6,2021-10-30
NO,Norway,22,2021-11-06
NO,Norway,28,2021-11-13
NO,Norway,49,2021-11-20
NO,Norway,51,2021-11-27
NO,Norway,43,2021-12-04
NO,Norway,43,2021-12-11
NO,Norway,68,2021-12-18
NO,Norway,53,2021-12-25
NO,Norway,48,2022-01-01
NO,Norway,45,2022-01-08
NO,Norway,31,2022-01-15
NO,Norway,33,2022-01-22
NO,Norway,25,2022-01-29
NO,Norway,28,2022-02-05
NO,Norway,46,2022-02-12
NO,Norway,35,2022-02-19
NO,Norway,50,2022-02-26
NO,Norway,66,2022-03-05
NO,Norway,89,2022-03-12
NO,Norway,416,2022-03-19
NO,Norway,170,2022-03-26
NO,Norway,179,2022-04-02
NO,Norway,149,2022-04-09
NO,Norway,116,2022-04-16
NO,Norway,88,2022-04-23
PL,Poland,0,2020-02-01
PL,Poland,0,2020-02-08
PL,Poland,0,2020-02-15
PL,Poland,0,2020-02-22
PL,Poland,0,2020-02-29
PL,Poland,0,2020-03-07
PL,Poland,3,2020-03-14
PL,Poland,2,2020-03-21
PL,Poland,13,2020-03-28
PL,Poland,61,2020-04-04
PL,Poland,129,2020-04-11
PL,Poland,139,2020-04-18
PL,Poland,177,2020-04-25
PL,Poland,140,2020-05-02
PL,Poland,121,2020-05-09
PL,Poland,130,2020-05-16
PL,Poland,78,2020-05-23
PL,Poland,68,2020-05-30
PL,Poland,92,2020-06-06
PL,Poland,84,2020-06-13
PL,Poland,109,2020-06-20
PL,Poland,89,2020-06-27
PL,Poland,77,2020-07-04
PL,Poland,56,2020-07-11
PL,Poland,50,2020-07-18
PL,Poland,46,2020-07-25
PL,Poland,57,2020-08-01
PL,Poland,79,2020-08-08
PL,Poland,69,2020-08-15
PL,Poland,82,2020-08-22
PL,Poland,81,2020-08-29
PL,Poland,81,2020-09-05
PL,Poland,69,2020-09-12
PL,Poland,100,2020-09-19
PL,Poland,142,2020-09-26
PL,Poland,180,2020-10-03
PL,Poland,368,2020-10-10
PL,Poland,552,2020-10-17
PL,Poland,827,2020-10-24
PL,Poland,1280,2020-10-31
PL,Poland,2005,2020-11-07
PL,Poland,2409,2020-11-14
PL,Poland,3243,2020-11-21
PL,Poland,3458,2020-11-28
PL,Poland,3115,2020-12-05
PL,Poland,2815,2020-12-12
PL,Poland,2578,2020-12-19
PL,Poland,1807,2020-12-26
PL,Poland,1997,2021-01-02
PL,Poland,1953,2021-01-09
PL,Poland,2202,2021-01-16
PL,Poland,2040,2021-01-23
PL,Poland,1829,2021-01-30
PL,Poland,1912,2021-02-06
PL,Poland,1715,2021-02-13
PL,Poland,1368,2021-02-20
PL,Poland,1579,2021-02-27
PL,Poland,1503,2021-03-06
PL,Poland,1909,2021-03-13
PL,Poland,2091,2021-03-20
PL,Poland,2594,2021-03-27
PL,Poland,2984,2021-04-03
PL,Poland,3439,2021-04-10
PL,Poland,3649,2021-04-17
PL,Poland,3397,2021-04-24
PL,Poland,2702,2021-05-01
PL,Poland,1942,2021-05-08
PL,Poland,1743,2021-05-15
PL,Poland,1273,2021-05-22
PL,Poland,800,2021-05-29
PL,Poland,457,2021-06-05
PL,Poland,423,2021-06-12
PL,Poland,261,2021-06-19
PL,Poland,151,2021-06-26
PL,Poland,109,2021-07-03
PL,Poland,76,2021-07-10
PL,Poland,53,2021-07-17
PL,Poland,29,2021-07-24
PL,Poland,20,2021-07-31
PL,Poland,24,2021-08-07
PL,Poland,14,2021-08-14
PL,Poland,17,2021-08-21
PL,Poland,24,2021-08-28
PL,Poland,39,2021-09-04
PL,Poland,46,2021-09-11
PL,Poland,62,2021-09-18
PL,Poland,84,2021-09-25
PL,Poland,118,2021-10-02
PL,Poland,175,2021-10-09
PL,Poland,247,2021-10-16
PL,Poland,323,2021-10-23
PL,Poland,556,2021-10-30
PL,Poland,743,2021-11-06
PL,Poland,1088,2021-11-13
PL,Poland,1960,2021-11-20
PL,Poland,2205,2021-11-27
PL,Poland,2644,2021-12-04
PL,Poland,2784,2021-12-11
PL,Poland,3001,2021-12-18
PL,Poland,2896,2021-12-25
PL,Poland,3248,2022-01-01
PL,Poland,2161,2022-01-08
PL,Poland,2550,2022-01-15
PL,Poland,1549,2022-01-22
PL,Poland,1319,2022-01-29
PL,Poland,1440,2022-02-05
PL,Poland,1511,2022-02-12
PL,Poland,1703,2022-02-19
PL,Poland,1485,2022-02-26
PL,Poland,1258,2022-03-05
PL,Poland,899,2022-03-12
PL,Poland,772,2022-03-19
PL,Poland,615,2022-03-26
PL,Poland,522,2022-04-02
PL,Poland,292,2022-04-09
PL,Poland,203,2022-04-16
PL,Poland,110,2022-04-23
PT,Portugal,0,2020-02-01
PT,Portugal,0,2020-02-08
PT,Portugal,0,2020-02-15
PT,Portugal,0,2020-02-22
PT,Portugal,0,2020-02-29
PT,Portugal,0,2020-03-07
PT,Portugal,0,2020-03-14
PT,Portugal,12,2020-03-21
PT,Portugal,88,2020-03-28
PT,Portugal,166,2020-04-04
PT,Portugal,204,2020-04-11
PT,Portugal,217,2020-04-18
PT,Portugal,193,2020-04-25
PT,Portugal,143,2020-05-02
PT,Portugal,103,2020-05-09
PT,Portugal,77,2020-05-16
PT,Portugal,99,2020-05-23
PT,Portugal,94,2020-05-30
PT,Portugal,78,2020-06-06
PT,Portugal,38,2020-06-13
PT,Portugal,16,2020-06-20
PT,Portugal,33,2020-06-27
PT,Portugal,44,2020-07-04
PT,Portugal,49,2020-07-11
PT,Portugal,30,2020-07-18
PT,Portugal,32,2020-07-25
PT,Portugal,21,2020-08-01
PT,Portugal,13,2020-08-08
PT,Portugal,25,2020-08-15
PT,Portugal,19,2020-08-22
PT,Portugal,24,2020-08-29
PT,Portugal,20,2020-09-05
PT,Portugal,22,2020-09-12
PT,Portugal,39,2020-09-19
PT,Portugal,45,2020-09-26
PT,Portugal,51,2020-10-03
PT,Portugal,72,2020-10-10
PT,Portugal,95,2020-10-17
PT,Portugal,135,2020-10-24
PT,Portugal,210,2020-10-31
PT,Portugal,341,2020-11-07
PT,Portugal,457,2020-11-14
PT,Portugal,519,2020-11-21
PT,Portugal,539,2020-11-28
PT,Portugal,513,2020-12-05
PT,Portugal,585,2020-12-12
PT,Portugal,602,2020-12-19
PT,Portugal,493,2020-12-26
PT,Portugal,489,2021-01-02
PT,Portugal,656,2021-01-09
PT,Portugal,1008,2021-01-16
PT,Portugal,1485,2021-01-23
PT,Portugal,1985,2021-01-30
PT,Portugal,1775,2021-02-06
PT,Portugal,1229,2021-02-13
PT,Portugal,714,2021-02-20
PT,Portugal,379,2021-02-27
PT,Portugal,236,2021-03-06
PT,Portugal,157,2021-03-13
PT,Portugal,93,2021-03-20
PT,Portugal,65,2021-03-27
PT,Portugal,48,2021-04-03
PT,Portugal,35,2021-04-10
PT,Portugal,32,2021-04-17
PT,Portugal,17,2021-04-24
PT,Portugal,17,2021-05-01
PT,Portugal,15,2021-05-08
PT,Portugal,15,2021-05-15
PT,Portugal,11,2021-05-22
PT,Portugal,6,2021-05-29
PT,Portugal,9,2021-06-05
PT,Portugal,13,2021-06-12
PT,Portugal,17,2021-06-19
PT,Portugal,21,2021-06-26
PT,Portugal,29,2021-07-03
PT,Portugal,36,2021-07-10
PT,Portugal,51,2021-07-17
PT,Portugal,85,2021-07-24
PT,Portugal,77,2021-07-31
PT,Portugal,96,2021-08-07
PT,Portugal,92,2021-08-14
PT,Portugal,81,2021-08-21
PT,Portugal,81,2021-08-28
PT,Portugal,74,2021-09-04
PT,Portugal,68,2021-09-11
PT,Portugal,49,2021-09-18
PT,Portugal,50,2021-09-25
PT,Portugal,34,2021-10-02
PT,Portugal,48,2021-10-09
PT,Portugal,54,2021-10-16
PT,Portugal,41,2021-10-23
PT,Portugal,27,2021-10-30
PT,Portugal,42,2021-11-06
PT,Portugal,44,2021-11-13
PT,Portugal,68,2021-11-20
PT,Portugal,95,2021-11-27
PT,Portugal,109,2021-12-04
PT,Portugal,131,2021-12-11
PT,Portugal,108,2021-12-18
PT,Portugal,108,2021-12-25
PT,Portugal,115,2022-01-01
PT,Portugal,115,2022-01-08
PT,Portugal,179,2022-01-15
PT,Portugal,269,2022-01-22
PT,Portugal,288,2022-01-29
PT,Portugal,344,2022-02-05
PT,Portugal,321,2022-02-12
PT,Portugal,304,2022-02-19
PT,Portugal,205,2022-02-26
PT,Portugal,181,2022-03-05
PT,Portugal,103,2022-03-12
PT,Portugal,123,2022-03-19
PT,Portugal,137,2022-03-26
PT,Portugal,171,2022-04-02
PT,Portugal,158,2022-04-09
PT,Portugal,119,2022-04-16
PT,Portugal,169,2022-04-23
RO,Romania,0,2020-02-01
RO,Romania,0,2020-02-08
RO,Romania,0,2020-02-15
RO,Romania,0,2020-02-22
RO,Romania,0,2020-02-29
RO,Romania,0,2020-03-07
RO,Romania,0,2020-03-14
RO,Romania,0,2020-03-21
RO,Romania,37,2020-03-28
RO,Romania,109,2020-04-04
RO,Romania,145,2020-04-11
RO,Romania,130,2020-04-18
RO,Romania,180,2020-04-25
RO,Romania,170,2020-05-02
RO,Romania,168,2020-05-09
RO,Romania,155,2020-05-16
RO,Romania,82,2020-05-23
RO,Romania,83,2020-05-30
RO,Romania,63,2020-06-06
RO,Romania,72,2020-06-13
RO,Romania,106,2020-06-20
RO,Romania,89,2020-06-27
RO,Romania,142,2020-07-04
RO,Romania,140,2020-07-11
RO,Romania,138,2020-07-18
RO,Romania,156,2020-07-25
RO,Romania,214,2020-08-01
RO,Romania,280,2020-08-08
RO,Romania,295,2020-08-15
RO,Romania,279,2020-08-22
RO,Romania,306,2020-08-29
RO,Romania,311,2020-09-05
RO,Romania,277,2020-09-12
RO,Romania,275,2020-09-19
RO,Romania,285,2020-09-26
RO,Romania,260,2020-10-03
RO,Romania,411,2020-10-10
RO,Romania,454,2020-10-17
RO,Romania,506,2020-10-24
RO,Romania,650,2020-10-31
RO,Romania,825,2020-11-07
RO,Romania,1020,2020-11-14
RO,Romania,1103,2020-11-21
RO,Romania,1129,2020-11-28
RO,Romania,1141,2020-12-05
RO,Romania,1078,2020-12-12
RO,Romania,1032,2020-12-19
RO,Romania,812,2020-12-26
RO,Romania,811,2021-01-02
RO,Romania,673,2021-01-09
RO,Romania,572,2021-01-16
RO,Romania,558,2021-01-23
RO,Romania,542,2021-01-30
RO,Romania,545,2021-02-06
RO,Romania,516,2021-02-13
RO,Romania,470,2021-02-20
RO,Romania,492,2021-02-27
RO,Romania,567,2021-03-06
RO,Romania,585,2021-03-13
RO,Romania,693,2021-03-20
RO,Romania,865,2021-03-27
RO,Romania,976,2021-04-03
RO,Romania,1033,2021-04-10
RO,Romania,1066,2021-04-17
RO,Romania,1195,2021-04-24
RO,Romania,927,2021-05-01
RO,Romania,709,2021-05-08
RO,Romania,582,2021-05-15
RO,Romania,400,2021-05-22
RO,Romania,362,2021-05-29
RO,Romania,478,2021-06-05
RO,Romania,1079,2021-06-12
RO,Romania,504,2021-06-19
RO,Romania,869,2021-06-26
RO,Romania,748,2021-07-03
RO,Romania,291,2021-07-10
RO,Romania,36,2021-07-17
RO,Romania,15,2021-07-24
RO,Romania,14,2021-07-31
RO,Romania,32,2021-08-07
RO,Romania,29,2021-08-14
RO,Romania,61,2021-08-21
RO,Romania,106,2021-08-28
RO,Romania,169,2021-09-04
RO,Romania,283,2021-09-11
RO,Romania,495,2021-09-18
RO,Romania,774,2021-09-25
RO,Romania,1164,2021-10-02
RO,Romania,1815,2021-10-09
RO,Romania,2273,2021-10-16
RO,Romania,2808,2021-10-23
RO,Romania,3034,2021-10-30
RO,Romania,3158,2021-11-06
RO,Romania,2354,2021-11-13
RO,Romania,2002,2021-11-20
RO,Romania,1331,2021-11-27
RO,Romania,852,2021-12-04
RO,Romania,510,2021-12-11
RO,Romania,612,2021-12-18
RO,Romania,393,2021-12-25
RO,Romania,243,2022-01-01
RO,Romania,218,2022-01-08
RO,Romania,215,2022-01-15
RO,Romania,313,2022-01-22
RO,Romania,407,2022-01-29
RO,Romania,628,2022-02-05
RO,Romania,960,2022-02-12
RO,Romania,951,2022-02-19
RO,Romania,823,2022-02-26
RO,Romania,637,2022-03-05
RO,Romania,404,2022-03-12
RO,Romania,334,2022-03-19
RO,Romania,226,2022-03-26
RO,Romania,184,2022-04-02
RO,Romania,119,2022-04-09
RO,Romania,133,2022-04-16
RO,Romania,90,2022-04-23
SE,Sweden,0,2020-02-01
SE,Sweden,0,2020-02-08
SE,Sweden,0,2020-02-15
SE,Sweden,0,2020-02-22
SE,Sweden,0,2020-02-29
SE,Sweden,0,2020-03-07
SE,Sweden,5,2020-03-14
SE,Sweden,44,2020-03-21
SE,Sweden,190,2020-03-28
SE,Sweden,134,2020-04-04
SE,Sweden,514,2020-04-11
SE,Sweden,624,2020-04-18
SE,Sweden,681,2020-04-25
SE,Sweden,477,2020-05-02
SE,Sweden,551,2020-05-09
SE,Sweden,454,2020-05-16
SE,Sweden,318,2020-05-23
SE,Sweden,403,2020-05-30
SE,Sweden,261,2020-06-06
SE,Sweden,218,2020-06-13
SE,Sweden,179,2020-06-20
SE,Sweden,227,2020-06-27
SE,Sweden,140,2020-07-04
SE,Sweden,106,2020-07-11
SE,Sweden,93,2020-07-18
SE,Sweden,78,2020-07-25
SE,Sweden,46,2020-08-01
SE,Sweden,20,2020-08-08
SE,Sweden,20,2020-08-15
SE,Sweden,27,2020-08-22
SE,Sweden,11,2020-08-29
SE,Sweden,14,2020-09-05
SE,Sweden,11,2020-09-12
SE,Sweden,19,2020-09-19
SE,Sweden,15,2020-09-26
SE,Sweden,15,2020-10-03
SE,Sweden,-1,2020-10-10
SE,Sweden,24,2020-10-17
SE,Sweden,15,2020-10-24
SE,Sweden,5,2020-10-31
SE,Sweden,84,2020-11-07
SE,Sweden,142,2020-11-14
SE,Sweden,242,2020-11-21
SE,Sweden,275,2020-11-28
SE,Sweden,386,2020-12-05
SE,Sweden,447,2020-12-12
SE,Sweden,479,2020-12-19
SE,Sweden,286,2020-12-26
SE,Sweden,448,2021-01-02
SE,Sweden,706,2021-01-09
SE,Sweden,890,2021-01-16
SE,Sweden,682,2021-01-23
SE,Sweden,586,2021-01-30
SE,Sweden,524,2021-02-06
SE,Sweden,313,2021-02-13
SE,Sweden,221,2021-02-20
SE,Sweden,177,2021-02-27
SE,Sweden,177,2021-03-06
SE,Sweden,143,2021-03-13
SE,Sweden,116,2021-03-20
SE,Sweden,140,2021-03-27
SE,Sweden,96,2021-04-03
SE,Sweden,123,2021-04-10
SE,Sweden,167,2021-04-17
SE,Sweden,135,2021-04-24
SE,Sweden,125,2021-05-01
SE,Sweden,125,2021-05-08
SE,Sweden,102,2021-05-15
SE,Sweden,91,2021-05-22
SE,Sweden,85,2021-05-29
SE,Sweden,72,2021-06-05
SE,Sweden,51,2021-06-12
SE,Sweden,0,2021-06-19
SE,Sweden,45,2021-06-26
SE,Sweden,12,2021-07-03
SE,Sweden,12,2021-07-10
SE,Sweden,3,2021-07-17
SE,Sweden,5,2021-07-24
SE,Sweden,4,2021-07-31
SE,Sweden,2,2021-08-07
SE,Sweden,1,2021-08-14
SE,Sweden,10,2021-08-21
SE,Sweden,17,2021-08-28
SE,Sweden,7,2021-09-04
SE,Sweden,11,2021-09-11
SE,Sweden,72,2021-09-18
SE,Sweden,46,2021-09-25
SE,Sweden,47,2021-10-02
SE,Sweden,37,2021-10-09
SE,Sweden,51,2021-10-16
SE,Sweden,37,2021-10-23
SE,Sweden,32,2021-10-30
SE,Sweden,32,2021-11-06
SE,Sweden,25,2021-11-13
SE,Sweden,28,2021-11-20
SE,Sweden,35,2021-11-27
SE,Sweden,25,2021-12-04
SE,Sweden,21,2021-12-11
SE,Sweden,40,2021-12-18
SE,Sweden,34,2021-12-25
SE,Sweden,45,2022-01-01
SE,Sweden,67,2022-01-08
SE,Sweden,136,2022-01-15
SE,Sweden,161,2022-01-22
SE,Sweden,181,2022-01-29
SE,Sweden,325,2022-02-05
SE,Sweden,321,2022-02-12
SE,Sweden,351,2022-02-19
SE,Sweden,290,2022-02-26
SE,Sweden,370,2022-03-05
SE,Sweden,286,2022-03-12
SE,Sweden,255,2022-03-19
SE,Sweden,136,2022-03-26
SE,Sweden,176,2022-04-02
SE,Sweden,141,2022-04-09
SE,Sweden,99,2022-04-16
SE,Sweden,84,2022-04-23
SI,Slovenia,0,2020-02-01
SI,Slovenia,0,2020-02-08
SI,Slovenia,0,2020-02-15
SI,Slovenia,0,2020-02-22
SI,Slovenia,0,2020-02-29
SI,Slovenia,0,2020-03-07
SI,Slovenia,1,2020-03-14
SI,Slovenia,0,2020-03-21
SI,Slovenia,8,2020-03-28
SI,Slovenia,13,2020-04-04
SI,Slovenia,28,2020-04-11
SI,Slovenia,20,2020-04-18
SI,Slovenia,11,2020-04-25
SI,Slovenia,13,2020-05-02
SI,Slovenia,7,2020-05-09
SI,Slovenia,2,2020-05-16
SI,Slovenia,3,2020-05-23
SI,Slovenia,2,2020-05-30
SI,Slovenia,1,2020-06-06
SI,Slovenia,0,2020-06-13
SI,Slovenia,0,2020-06-20
SI,Slovenia,0,2020-06-27
SI,Slovenia,2,2020-07-04
SI,Slovenia,0,2020-07-11
SI,Slovenia,0,2020-07-18
SI,Slovenia,5,2020-07-25
SI,Slovenia,3,2020-08-01
SI,Slovenia,7,2020-08-08
SI,Slovenia,3,2020-08-15
SI,Slovenia,2,2020-08-22
SI,Slovenia,2,2020-08-29
SI,Slovenia,2,2020-09-05
SI,Slovenia,0,2020-09-12
SI,Slovenia,6,2020-09-19
SI,Slovenia,5,2020-09-26
SI,Slovenia,9,2020-10-03
SI,Slovenia,12,2020-10-10
SI,Slovenia,17,2020-10-17
SI,Slovenia,51,2020-10-24
SI,Slovenia,103,2020-10-31
SI,Slovenia,193,2020-11-07
SI,Slovenia,234,2020-11-14
SI,Slovenia,261,2020-11-21
SI,Slovenia,310,2020-11-28
SI,Slovenia,364,2020-12-05
SI,Slovenia,341,2020-12-12
SI,Slovenia,273,2020-12-19
SI,Slovenia,218,2020-12-26
SI,Slovenia,242,2021-01-02
SI,Slovenia,199,2021-01-09
SI,Slovenia,167,2021-01-16
SI,Slovenia,189,2021-01-23
SI,Slovenia,161,2021-01-30
SI,Slovenia,122,2021-02-06
SI,Slovenia,93,2021-02-13
SI,Slovenia,64,2021-02-20
SI,Slovenia,67,2021-02-27
SI,Slovenia,52,2021-03-06
SI,Slovenia,41,2021-03-13
SI,Slovenia,38,2021-03-20
SI,Slovenia,44,2021-03-27
SI,Slovenia,57,2021-04-03
SI,Slovenia,44,2021-04-10
SI,Slovenia,41,2021-04-17
SI,Slovenia,50,2021-04-24
SI,Slovenia,55,2021-05-01
SI,Slovenia,28,2021-05-08
SI,Slovenia,34,2021-05-15
SI,Slovenia,29,2021-05-22
SI,Slovenia,23,2021-05-29
SI,Slovenia,15,2021-06-05
SI,Slovenia,14,2021-06-12
SI,Slovenia,11,2021-06-19
SI,Slovenia,7,2021-06-26
SI,Slovenia,0,2021-07-03
SI,Slovenia,4,2021-07-10
SI,Slovenia,2,2021-07-17
SI,Slovenia,2,2021-07-24
SI,Slovenia,2,2021-07-31
SI,Slovenia,2,2021-08-07
SI,Slovenia,2,2021-08-14
SI,Slovenia,5,2021-08-21
SI,Slovenia,10,2021-08-28
SI,Slovenia,7,2021-09-04
SI,Slovenia,14,2021-09-11
SI,Slovenia,25,2021-09-18
SI,Slovenia,37,2021-09-25
SI,Slovenia,38,2021-10-02
SI,Slovenia,38,2021-10-09
SI,Slovenia,28,2021-10-16
SI,Slovenia,43,2021-10-23
SI,Slovenia,61,2021-10-30
SI,Slovenia,81,2021-11-06
SI,Slovenia,100,2021-11-13
SI,Slovenia,124,2021-11-20
SI,Slovenia,121,2021-11-27
SI,Slovenia,125,2021-12-04
SI,Slovenia,104,2021-12-11
SI,Slovenia,89,2021-12-18
SI,Slovenia,52,2021-12-25
SI,Slovenia,62,2022-01-01
SI,Slovenia,53,2022-01-08
SI,Slovenia,46,2022-01-15
SI,Slovenia,55,2022-01-22
SI,Slovenia,95,2022-01-29
SI,Slovenia,113,2022-02-05
SI,Slovenia,115,2022-02-12
SI,Slovenia,110,2022-02-19
SI,Slovenia,92,2022-02-26
SI,Slovenia,75,2022-03-05
SI,Slovenia,53,2022-03-12
SI,Slovenia,31,2022-03-19
SI,Slovenia,36,2022-03-26
SI,Slovenia,27,2022-04-02
SI,Slovenia,33,2022-04-09
SI,Slovenia,25,2022-04-16
SI,Slovenia,20,2022-04-23
SK,Slovakia,0,2020-02-01
SK,Slovakia,0,2020-02-08
SK,Slovakia,0,2020-02-15
SK,Slovakia,0,2020-02-22
SK,Slovakia,0,2020-02-29
SK,Slovakia,0,2020-03-07
SK,Slovakia,0,2020-03-14
SK,Slovakia,1,2020-03-21
SK,Slovakia,-1,2020-03-28
SK,Slovakia,1,2020-04-04
SK,Slovakia,1,2020-04-11
SK,Slovakia,9,2020-04-18
SK,Slovakia,6,2020-04-25
SK,Slovakia,7,2020-05-02
SK,Slovakia,2,2020-05-09
SK,Slovakia,2,2020-05-16
SK,Slovakia,0,2020-05-23
SK,Slovakia,0,2020-05-30
SK,Slovakia,0,2020-06-06
SK,Slovakia,0,2020-06-13
SK,Slovakia,0,2020-06-20
SK,Slovakia,0,2020-06-27
SK,Slovakia,0,2020-07-04
SK,Slovakia,0,2020-07-11
SK,Slovakia,0,2020-07-18
SK,Slovakia,0,2020-07-25
SK,Slovakia,1,2020-08-01
SK,Slovakia,2,2020-08-08
SK,Slovakia,0,2020-08-15
SK,Slovakia,2,2020-08-22
SK,Slovakia,0,2020-08-29
SK,Slovakia,4,2020-09-05
SK,Slovakia,1,2020-09-12
SK,Slovakia,1,2020-09-19
SK,Slovakia,5,2020-09-26
SK,Slovakia,10,2020-10-03
SK,Slovakia,7,2020-10-10
SK,Slovakia,21,2020-10-17
SK,Slovakia,77,2020-10-24
SK,Slovakia,60,2020-10-31
SK,Slovakia,132,2020-11-07
SK,Slovakia,159,2020-11-14
SK,Slovakia,134,2020-11-21
SK,Slovakia,154,2020-11-28
SK,Slovakia,183,2020-12-05
SK,Slovakia,167,2020-12-12
SK,Slovakia,362,2020-12-19
SK,Slovakia,222,2020-12-26
SK,Slovakia,518,2021-01-02
SK,Slovakia,586,2021-01-09
SK,Slovakia,581,2021-01-16
SK,Slovakia,548,2021-01-23
SK,Slovakia,600,2021-01-30
SK,Slovakia,570,2021-02-06
SK,Slovakia,677,2021-02-13
SK,Slovakia,612,2021-02-20
SK,Slovakia,651,2021-02-27
SK,Slovakia,664,2021-03-06
SK,Slovakia,701,2021-03-13
SK,Slovakia,538,2021-03-20
SK,Slovakia,448,2021-03-27
SK,Slovakia,522,2021-04-03
SK,Slovakia,539,2021-04-10
SK,Slovakia,556,2021-04-17
SK,Slovakia,415,2021-04-24
SK,Slovakia,274,2021-05-01
SK,Slovakia,258,2021-05-08
SK,Slovakia,213,2021-05-15
SK,Slovakia,83,2021-05-22
SK,Slovakia,47,2021-05-29
SK,Slovakia,62,2021-06-05
SK,Slovakia,41,2021-06-12
SK,Slovakia,42,2021-06-19
SK,Slovakia,27,2021-06-26
SK,Slovakia,8,2021-07-03
SK,Slovakia,6,2021-07-10
SK,Slovakia,5,2021-07-17
SK,Slovakia,10,2021-07-24
SK,Slovakia,6,2021-07-31
SK,Slovakia,1,2021-08-07
SK,Slovakia,3,2021-08-14
SK,Slovakia,3,2021-08-21
SK,Slovakia,1,2021-08-28
SK,Slovakia,1,2021-09-04
SK,Slovakia,9,2021-09-11
SK,Slovakia,11,2021-09-18
SK,Slovakia,27,2021-09-25
SK,Slovakia,53,2021-10-02
SK,Slovakia,80,2021-10-09
SK,Slovakia,87,2021-10-16
SK,Slovakia,79,2021-10-23
SK,Slovakia,123,2021-10-30
SK,Slovakia,187,2021-11-06
SK,Slovakia,280,2021-11-13
SK,Slovakia,333,2021-11-20
SK,Slovakia,410,2021-11-27
SK,Slovakia,543,2021-12-04
SK,Slovakia,533,2021-12-11
SK,Slovakia,627,2021-12-18
SK,Slovakia,405,2021-12-25
SK,Slovakia,329,2022-01-01
SK,Slovakia,268,2022-01-08
SK,Slovakia,319,2022-01-15
SK,Slovakia,360,2022-01-22
SK,Slovakia,184,2022-01-29
SK,Slovakia,142,2022-02-05
SK,Slovakia,143,2022-02-12
SK,Slovakia,144,2022-02-19
SK,Slovakia,188,2022-02-26
SK,Slovakia,250,2022-03-05
SK,Slovakia,218,2022-03-12
SK,Slovakia,212,2022-03-19
SK,Slovakia,158,2022-03-26
SK,Slovakia,141,2022-04-02
SK,Slovakia,157,2022-04-09
SK,Slovakia,172,2022-04-16
SK,Slovakia,108,2022-04-23
