location,type,quantile,value,target_end_date,forecast_date,target,scenario_id,model
DE,point,,67248,2021-08-28,2021-08-23,1 wk ahead inc case,forecast,seabbs
DE,quantile,0.01,47083,2021-08-28,2021-08-23,1 wk ahead inc case,forecast,seabbs
DE,quantile,0.025,48836,2021-08-28,2021-08-23,1 wk ahead inc case,forecast,seabbs
DE,quantile,0.05,51608,2021-08-28,2021-08-23,1 wk ahead inc case,forecast,seabbs
DE,quantile,0.1,54452,2021-08-28,2021-08-23,1 wk ahead inc case,forecast,seabbs
DE,quantile,0.15,56983,2021-08-28,2021-08-23,1 wk ahead inc case,forecast,seabbs
DE,quantile,0.2,58841,2021-08-28,2021-08-23,1 wk ahead inc case,forecast,seabbs
DE,quantile,0.25,60671,2021-08-28,2021-08-23,1 wk ahead inc case,forecast,seabbs
DE,quantile,0.3,61962,2021-08-28,2021-08-23,1 wk ahead inc case,forecast,seabbs
DE,quantile,0.35,63109,2021-08-28,2021-08-23,1 wk ahead inc case,forecast,seabbs
DE,quantile,0.4,64776,2021-08-28,2021-08-23,1 wk ahead inc case,forecast,seabbs
DE,quantile,0.45,65841,2021-08-28,2021-08-23,1 wk ahead inc case,forecast,seabbs
DE,quantile,0.5,67248,2021-08-28,2021-08-23,1 wk ahead inc case,forecast,seabbs
DE,quantile,0.55,68640,2021-08-28,2021-08-23,1 wk ahead inc case,forecast,seabbs
DE,quantile,0.6,70231,2021-08-28,2021-08-23,1 wk ahead inc case,forecast,seabbs
DE,quantile,0.65,71740,2021-08-28,2021-08-23,1 wk ahead inc case,forecast,seabbs
DE,quantile,0.7,72956,2021-08-28,2021-08-23,1 wk ahead inc case,forecast,seabbs
DE,quantile,0.75,74630,2021-08-28,2021-08-23,1 wk ahead inc case,forecast,seabbs
DE,quantile,0.8,76742,2021-08-28,2021-08-23,1 wk ahead inc case,forecast,seabbs
DE,quantile,0.85,78700,2021-08-28,2021-08-23,1 wk ahead inc case,forecast,seabbs
DE,quantile,0.9,81640,2021-08-28,2021-08-23,1 wk ahead inc case,forecast,seabbs
DE,quantile,0.95,86612,2021-08-28,2021-08-23,1 wk ahead inc case,forecast,seabbs
DE,quantile,0.975,90740,2021-08-28,2021-08-23,1 wk ahead inc case,forecast,seabbs
DE,quantile,0.99,96196,2021-08-28,2021-08-23,1 wk ahead inc case,forecast,seabbs
DE,point,,80228,2021-09-04,2021-08-23,2 wk ahead inc case,forecast,seabbs
DE,quantile,0.01,46614,2021-09-04,2021-08-23,2 wk ahead inc case,forecast,seabbs
DE,quantile,0.025,50526,2021-09-04,2021-08-23,2 wk ahead inc case,forecast,seabbs
DE,quantile,0.05,54261,2021-09-04,2021-08-23,2 wk ahead inc case,forecast,seabbs
DE,quantile,0.1,60019,2021-09-04,2021-08-23,2 wk ahead inc case,forecast,seabbs
DE,quantile,0.15,62686,2021-09-04,2021-08-23,2 wk ahead inc case,forecast,seabbs
DE,quantile,0.2,65715,2021-09-04,2021-08-23,2 wk ahead inc case,forecast,seabbs
DE,quantile,0.25,68304,2021-09-04,2021-08-23,2 wk ahead inc case,forecast,seabbs
DE,quantile,0.3,71134,2021-09-04,2021-08-23,2 wk ahead inc case,forecast,seabbs
DE,quantile,0.35,73270,2021-09-04,2021-08-23,2 wk ahead inc case,forecast,seabbs
DE,quantile,0.4,75908,2021-09-04,2021-08-23,2 wk ahead inc case,forecast,seabbs
DE,quantile,0.45,78131,2021-09-04,2021-08-23,2 wk ahead inc case,forecast,seabbs
DE,quantile,0.5,80228,2021-09-04,2021-08-23,2 wk ahead inc case,forecast,seabbs
DE,quantile,0.55,82624,2021-09-04,2021-08-23,2 wk ahead inc case,forecast,seabbs
DE,quantile,0.6,85045,2021-09-04,2021-08-23,2 wk ahead inc case,forecast,seabbs
DE,quantile,0.65,87502,2021-09-04,2021-08-23,2 wk ahead inc case,forecast,seabbs
DE,quantile,0.7,90190,2021-09-04,2021-08-23,2 wk ahead inc case,forecast,seabbs
DE,quantile,0.75,93599,2021-09-04,2021-08-23,2 wk ahead inc case,forecast,seabbs
DE,quantile,0.8,96986,2021-09-04,2021-08-23,2 wk ahead inc case,forecast,seabbs
DE,quantile,0.85,100741,2021-09-04,2021-08-23,2 wk ahead inc case,forecast,seabbs
DE,quantile,0.9,106008,2021-09-04,2021-08-23,2 wk ahead inc case,forecast,seabbs
DE,quantile,0.95,115928,2021-09-04,2021-08-23,2 wk ahead inc case,forecast,seabbs
DE,quantile,0.975,123952,2021-09-04,2021-08-23,2 wk ahead inc case,forecast,seabbs
DE,quantile,0.99,136415,2021-09-04,2021-08-23,2 wk ahead inc case,forecast,seabbs
DE,point,,82434,2021-09-11,2021-08-23,3 wk ahead inc case,forecast,seabbs
DE,quantile,0.01,36638,2021-09-11,2021-08-23,3 wk ahead inc case,forecast,seabbs
DE,quantile,0.025,42387,2021-09-11,2021-08-23,3 wk ahead inc case,forecast,seabbs
DE,quantile,0.05,47697,2021-09-11,2021-08-23,3 wk ahead inc case,forecast,seabbs
DE,quantile,0.1,53723,2021-09-11,2021-08-23,3 wk ahead inc case,forecast,seabbs
DE,quantile,0.15,58222,2021-09-11,2021-08-23,3 wk ahead inc case,forecast,seabbs
DE,quantile,0.2,62774,2021-09-11,2021-08-23,3 wk ahead inc case,forecast,seabbs
DE,quantile,0.25,66667,2021-09-11,2021-08-23,3 wk ahead inc case,forecast,seabbs
DE,quantile,0.3,70388,2021-09-11,2021-08-23,3 wk ahead inc case,forecast,seabbs
DE,quantile,0.35,73546,2021-09-11,2021-08-23,3 wk ahead inc case,forecast,seabbs
DE,quantile,0.4,76862,2021-09-11,2021-08-23,3 wk ahead inc case,forecast,seabbs
DE,quantile,0.45,80223,2021-09-11,2021-08-23,3 wk ahead inc case,forecast,seabbs
DE,quantile,0.5,82434,2021-09-11,2021-08-23,3 wk ahead inc case,forecast,seabbs
DE,quantile,0.55,86434,2021-09-11,2021-08-23,3 wk ahead inc case,forecast,seabbs
DE,quantile,0.6,90364,2021-09-11,2021-08-23,3 wk ahead inc case,forecast,seabbs
DE,quantile,0.65,94683,2021-09-11,2021-08-23,3 wk ahead inc case,forecast,seabbs
DE,quantile,0.7,98805,2021-09-11,2021-08-23,3 wk ahead inc case,forecast,seabbs
DE,quantile,0.75,103530,2021-09-11,2021-08-23,3 wk ahead inc case,forecast,seabbs
DE,quantile,0.8,109054,2021-09-11,2021-08-23,3 wk ahead inc case,forecast,seabbs
DE,quantile,0.85,116016,2021-09-11,2021-08-23,3 wk ahead inc case,forecast,seabbs
DE,quantile,0.9,124463,2021-09-11,2021-08-23,3 wk ahead inc case,forecast,seabbs
DE,quantile,0.95,137371,2021-09-11,2021-08-23,3 wk ahead inc case,forecast,seabbs
DE,quantile,0.975,154616,2021-09-11,2021-08-23,3 wk ahead inc case,forecast,seabbs
DE,quantile,0.99,170008,2021-09-11,2021-08-23,3 wk ahead inc case,forecast,seabbs
DE,point,,81679,2021-09-18,2021-08-23,4 wk ahead inc case,forecast,seabbs
DE,quantile,0.01,26174,2021-09-18,2021-08-23,4 wk ahead inc case,forecast,seabbs
DE,quantile,0.025,33128,2021-09-18,2021-08-23,4 wk ahead inc case,forecast,seabbs
DE,quantile,0.05,38730,2021-09-18,2021-08-23,4 wk ahead inc case,forecast,seabbs
DE,quantile,0.1,45817,2021-09-18,2021-08-23,4 wk ahead inc case,forecast,seabbs
DE,quantile,0.15,51851,2021-09-18,2021-08-23,4 wk ahead inc case,forecast,seabbs
DE,quantile,0.2,56725,2021-09-18,2021-08-23,4 wk ahead inc case,forecast,seabbs
DE,quantile,0.25,60624,2021-09-18,2021-08-23,4 wk ahead inc case,forecast,seabbs
DE,quantile,0.3,65653,2021-09-18,2021-08-23,4 wk ahead inc case,forecast,seabbs
DE,quantile,0.35,69173,2021-09-18,2021-08-23,4 wk ahead inc case,forecast,seabbs
DE,quantile,0.4,73987,2021-09-18,2021-08-23,4 wk ahead inc case,forecast,seabbs
DE,quantile,0.45,77760,2021-09-18,2021-08-23,4 wk ahead inc case,forecast,seabbs
DE,quantile,0.5,81679,2021-09-18,2021-08-23,4 wk ahead inc case,forecast,seabbs
DE,quantile,0.55,86085,2021-09-18,2021-08-23,4 wk ahead inc case,forecast,seabbs
DE,quantile,0.6,90602,2021-09-18,2021-08-23,4 wk ahead inc case,forecast,seabbs
DE,quantile,0.65,96249,2021-09-18,2021-08-23,4 wk ahead inc case,forecast,seabbs
DE,quantile,0.7,102101,2021-09-18,2021-08-23,4 wk ahead inc case,forecast,seabbs
DE,quantile,0.75,108460,2021-09-18,2021-08-23,4 wk ahead inc case,forecast,seabbs
DE,quantile,0.8,117599,2021-09-18,2021-08-23,4 wk ahead inc case,forecast,seabbs
DE,quantile,0.85,125536,2021-09-18,2021-08-23,4 wk ahead inc case,forecast,seabbs
DE,quantile,0.9,139582,2021-09-18,2021-08-23,4 wk ahead inc case,forecast,seabbs
DE,quantile,0.95,159139,2021-09-18,2021-08-23,4 wk ahead inc case,forecast,seabbs
DE,quantile,0.975,183407,2021-09-18,2021-08-23,4 wk ahead inc case,forecast,seabbs
DE,quantile,0.99,210910,2021-09-18,2021-08-23,4 wk ahead inc case,forecast,seabbs
GB,point,,227814,2021-08-28,2021-08-23,1 wk ahead inc case,forecast,seabbs
GB,quantile,0.01,152765,2021-08-28,2021-08-23,1 wk ahead inc case,forecast,seabbs
GB,quantile,0.025,164476,2021-08-28,2021-08-23,1 wk ahead inc case,forecast,seabbs
GB,quantile,0.05,175364,2021-08-28,2021-08-23,1 wk ahead inc case,forecast,seabbs
GB,quantile,0.1,183907,2021-08-28,2021-08-23,1 wk ahead inc case,forecast,seabbs
GB,quantile,0.15,192585,2021-08-28,2021-08-23,1 wk ahead inc case,forecast,seabbs
GB,quantile,0.2,199661,2021-08-28,2021-08-23,1 wk ahead inc case,forecast,seabbs
GB,quantile,0.25,204660,2021-08-28,2021-08-23,1 wk ahead inc case,forecast,seabbs
GB,quantile,0.3,210404,2021-08-28,2021-08-23,1 wk ahead inc case,forecast,seabbs
GB,quantile,0.35,215301,2021-08-28,2021-08-23,1 wk ahead inc case,forecast,seabbs
GB,quantile,0.4,219460,2021-08-28,2021-08-23,1 wk ahead inc case,forecast,seabbs
GB,quantile,0.45,223884,2021-08-28,2021-08-23,1 wk ahead inc case,forecast,seabbs
GB,quantile,0.5,227814,2021-08-28,2021-08-23,1 wk ahead inc case,forecast,seabbs
GB,quantile,0.55,232542,2021-08-28,2021-08-23,1 wk ahead inc case,forecast,seabbs
GB,quantile,0.6,237690,2021-08-28,2021-08-23,1 wk ahead inc case,forecast,seabbs
GB,quantile,0.65,242548,2021-08-28,2021-08-23,1 wk ahead inc case,forecast,seabbs
GB,quantile,0.7,247242,2021-08-28,2021-08-23,1 wk ahead inc case,forecast,seabbs
GB,quantile,0.75,254168,2021-08-28,2021-08-23,1 wk ahead inc case,forecast,seabbs
GB,quantile,0.8,260700,2021-08-28,2021-08-23,1 wk ahead inc case,forecast,seabbs
GB,quantile,0.85,268658,2021-08-28,2021-08-23,1 wk ahead inc case,forecast,seabbs
GB,quantile,0.9,280600,2021-08-28,2021-08-23,1 wk ahead inc case,forecast,seabbs
GB,quantile,0.95,295351,2021-08-28,2021-08-23,1 wk ahead inc case,forecast,seabbs
GB,quantile,0.975,308672,2021-08-28,2021-08-23,1 wk ahead inc case,forecast,seabbs
GB,quantile,0.99,329324,2021-08-28,2021-08-23,1 wk ahead inc case,forecast,seabbs
GB,point,,220496,2021-09-04,2021-08-23,2 wk ahead inc case,forecast,seabbs
GB,quantile,0.01,122314,2021-09-04,2021-08-23,2 wk ahead inc case,forecast,seabbs
GB,quantile,0.025,136566,2021-09-04,2021-08-23,2 wk ahead inc case,forecast,seabbs
GB,quantile,0.05,148218,2021-09-04,2021-08-23,2 wk ahead inc case,forecast,seabbs
GB,quantile,0.1,161940,2021-09-04,2021-08-23,2 wk ahead inc case,forecast,seabbs
GB,quantile,0.15,172268,2021-09-04,2021-08-23,2 wk ahead inc case,forecast,seabbs
GB,quantile,0.2,179823,2021-09-04,2021-08-23,2 wk ahead inc case,forecast,seabbs
GB,quantile,0.25,189272,2021-09-04,2021-08-23,2 wk ahead inc case,forecast,seabbs
GB,quantile,0.3,196760,2021-09-04,2021-08-23,2 wk ahead inc case,forecast,seabbs
GB,quantile,0.35,203799,2021-09-04,2021-08-23,2 wk ahead inc case,forecast,seabbs
GB,quantile,0.4,209348,2021-09-04,2021-08-23,2 wk ahead inc case,forecast,seabbs
GB,quantile,0.45,213963,2021-09-04,2021-08-23,2 wk ahead inc case,forecast,seabbs
GB,quantile,0.5,220496,2021-09-04,2021-08-23,2 wk ahead inc case,forecast,seabbs
GB,quantile,0.55,226922,2021-09-04,2021-08-23,2 wk ahead inc case,forecast,seabbs
GB,quantile,0.6,232958,2021-09-04,2021-08-23,2 wk ahead inc case,forecast,seabbs
GB,quantile,0.65,241307,2021-09-04,2021-08-23,2 wk ahead inc case,forecast,seabbs
GB,quantile,0.7,249818,2021-09-04,2021-08-23,2 wk ahead inc case,forecast,seabbs
GB,quantile,0.75,258236,2021-09-04,2021-08-23,2 wk ahead inc case,forecast,seabbs
GB,quantile,0.8,269092,2021-09-04,2021-08-23,2 wk ahead inc case,forecast,seabbs
GB,quantile,0.85,278714,2021-09-04,2021-08-23,2 wk ahead inc case,forecast,seabbs
GB,quantile,0.9,297476,2021-09-04,2021-08-23,2 wk ahead inc case,forecast,seabbs
GB,quantile,0.95,318631,2021-09-04,2021-08-23,2 wk ahead inc case,forecast,seabbs
GB,quantile,0.975,343764,2021-09-04,2021-08-23,2 wk ahead inc case,forecast,seabbs
GB,quantile,0.99,370410,2021-09-04,2021-08-23,2 wk ahead inc case,forecast,seabbs
GB,point,,233773,2021-09-11,2021-08-23,3 wk ahead inc case,forecast,seabbs
GB,quantile,0.01,103604,2021-09-11,2021-08-23,3 wk ahead inc case,forecast,seabbs
GB,quantile,0.025,123402,2021-09-11,2021-08-23,3 wk ahead inc case,forecast,seabbs
GB,quantile,0.05,140886,2021-09-11,2021-08-23,3 wk ahead inc case,forecast,seabbs
GB,quantile,0.1,155250,2021-09-11,2021-08-23,3 wk ahead inc case,forecast,seabbs
GB,quantile,0.15,167726,2021-09-11,2021-08-23,3 wk ahead inc case,forecast,seabbs
GB,quantile,0.2,180220,2021-09-11,2021-08-23,3 wk ahead inc case,forecast,seabbs
GB,quantile,0.25,189212,2021-09-11,2021-08-23,3 wk ahead inc case,forecast,seabbs
GB,quantile,0.3,201101,2021-09-11,2021-08-23,3 wk ahead inc case,forecast,seabbs
GB,quantile,0.35,208515,2021-09-11,2021-08-23,3 wk ahead inc case,forecast,seabbs
GB,quantile,0.4,217181,2021-09-11,2021-08-23,3 wk ahead inc case,forecast,seabbs
GB,quantile,0.45,225525,2021-09-11,2021-08-23,3 wk ahead inc case,forecast,seabbs
GB,quantile,0.5,233773,2021-09-11,2021-08-23,3 wk ahead inc case,forecast,seabbs
GB,quantile,0.55,242116,2021-09-11,2021-08-23,3 wk ahead inc case,forecast,seabbs
GB,quantile,0.6,252113,2021-09-11,2021-08-23,3 wk ahead inc case,forecast,seabbs
GB,quantile,0.65,262669,2021-09-11,2021-08-23,3 wk ahead inc case,forecast,seabbs
GB,quantile,0.7,273761,2021-09-11,2021-08-23,3 wk ahead inc case,forecast,seabbs
GB,quantile,0.75,288706,2021-09-11,2021-08-23,3 wk ahead inc case,forecast,seabbs
GB,quantile,0.8,300439,2021-09-11,2021-08-23,3 wk ahead inc case,forecast,seabbs
GB,quantile,0.85,317267,2021-09-11,2021-08-23,3 wk ahead inc case,forecast,seabbs
GB,quantile,0.9,336173,2021-09-11,2021-08-23,3 wk ahead inc case,forecast,seabbs
GB,quantile,0.95,371893,2021-09-11,2021-08-23,3 wk ahead inc case,forecast,seabbs
GB,quantile,0.975,398670,2021-09-11,2021-08-23,3 wk ahead inc case,forecast,seabbs
GB,quantile,0.99,431242,2021-09-11,2021-08-23,3 wk ahead inc case,forecast,seabbs
GB,point,,261104,2021-09-18,2021-08-23,4 wk ahead inc case,forecast,seabbs
GB,quantile,0.01,103395,2021-09-18,2021-08-23,4 wk ahead inc case,forecast,seabbs
GB,quantile,0.025,125461,2021-09-18,2021-08-23,4 wk ahead inc case,forecast,seabbs
GB,quantile,0.05,142733,2021-09-18,2021-08-23,4 wk ahead inc case,forecast,seabbs
GB,quantile,0.1,162833,2021-09-18,2021-08-23,4 wk ahead inc case,forecast,seabbs
GB,quantile,0.15,179364,2021-09-18,2021-08-23,4 wk ahead inc case,forecast,seabbs
GB,quantile,0.2,192051,2021-09-18,2021-08-23,4 wk ahead inc case,forecast,seabbs
GB,quantile,0.25,205528,2021-09-18,2021-08-23,4 wk ahead inc case,forecast,seabbs
GB,quantile,0.3,216941,2021-09-18,2021-08-23,4 wk ahead inc case,forecast,seabbs
GB,quantile,0.35,229043,2021-09-18,2021-08-23,4 wk ahead inc case,forecast,seabbs
GB,quantile,0.4,239849,2021-09-18,2021-08-23,4 wk ahead inc case,forecast,seabbs
GB,quantile,0.45,249808,2021-09-18,2021-08-23,4 wk ahead inc case,forecast,seabbs
GB,quantile,0.5,261104,2021-09-18,2021-08-23,4 wk ahead inc case,forecast,seabbs
GB,quantile,0.55,274321,2021-09-18,2021-08-23,4 wk ahead inc case,forecast,seabbs
GB,quantile,0.6,283544,2021-09-18,2021-08-23,4 wk ahead inc case,forecast,seabbs
GB,quantile,0.65,296857,2021-09-18,2021-08-23,4 wk ahead inc case,forecast,seabbs
GB,quantile,0.7,314467,2021-09-18,2021-08-23,4 wk ahead inc case,forecast,seabbs
GB,quantile,0.75,332171,2021-09-18,2021-08-23,4 wk ahead inc case,forecast,seabbs
GB,quantile,0.8,348924,2021-09-18,2021-08-23,4 wk ahead inc case,forecast,seabbs
GB,quantile,0.85,370939,2021-09-18,2021-08-23,4 wk ahead inc case,forecast,seabbs
GB,quantile,0.9,393333,2021-09-18,2021-08-23,4 wk ahead inc case,forecast,seabbs
GB,quantile,0.95,426140,2021-09-18,2021-08-23,4 wk ahead inc case,forecast,seabbs
GB,quantile,0.975,471824,2021-09-18,2021-08-23,4 wk ahead inc case,forecast,seabbs
GB,quantile,0.99,528533,2021-09-18,2021-08-23,4 wk ahead inc case,forecast,seabbs
PL,point,,1439,2021-08-28,2021-08-23,1 wk ahead inc case,forecast,seabbs
PL,quantile,0.01,1164,2021-08-28,2021-08-23,1 wk ahead inc case,forecast,seabbs
PL,quantile,0.025,1212,2021-08-28,2021-08-23,1 wk ahead inc case,forecast,seabbs
PL,quantile,0.05,1242,2021-08-28,2021-08-23,1 wk ahead inc case,forecast,seabbs
PL,quantile,0.1,1284,2021-08-28,2021-08-23,1 wk ahead inc case,forecast,seabbs
PL,quantile,0.15,1309,2021-08-28,2021-08-23,1 wk ahead inc case,forecast,seabbs
PL,quantile,0.2,1330,2021-08-28,2021-08-23,1 wk ahead inc case,forecast,seabbs
PL,quantile,0.25,1350,2021-08-28,2021-08-23,1 wk ahead inc case,forecast,seabbs
PL,quantile,0.3,1371,2021-08-28,2021-08-23,1 wk ahead inc case,forecast,seabbs
PL,quantile,0.35,1392,2021-08-28,2021-08-23,1 wk ahead inc case,forecast,seabbs
PL,quantile,0.4,1409,2021-08-28,2021-08-23,1 wk ahead inc case,forecast,seabbs
PL,quantile,0.45,1424,2021-08-28,2021-08-23,1 wk ahead inc case,forecast,seabbs
PL,quantile,0.5,1439,2021-08-28,2021-08-23,1 wk ahead inc case,forecast,seabbs
PL,quantile,0.55,1453,2021-08-28,2021-08-23,1 wk ahead inc case,forecast,seabbs
PL,quantile,0.6,1468,2021-08-28,2021-08-23,1 wk ahead inc case,forecast,seabbs
PL,quantile,0.65,1488,2021-08-28,2021-08-23,1 wk ahead inc case,forecast,seabbs
PL,quantile,0.7,1508,2021-08-28,2021-08-23,1 wk ahead inc case,forecast,seabbs
PL,quantile,0.75,1527,2021-08-28,2021-08-23,1 wk ahead inc case,forecast,seabbs
PL,quantile,0.8,1550,2021-08-28,2021-08-23,1 wk ahead inc case,forecast,seabbs
PL,quantile,0.85,1576,2021-08-28,2021-08-23,1 wk ahead inc case,forecast,seabbs
PL,quantile,0.9,1608,2021-08-28,2021-08-23,1 wk ahead inc case,forecast,seabbs
PL,quantile,0.95,1660,2021-08-28,2021-08-23,1 wk ahead inc case,forecast,seabbs
PL,quantile,0.975,1706,2021-08-28,2021-08-23,1 wk ahead inc case,forecast,seabbs
PL,quantile,0.99,1742,2021-08-28,2021-08-23,1 wk ahead inc case,forecast,seabbs
PL,point,,1507,2021-09-04,2021-08-23,2 wk ahead inc case,forecast,seabbs
PL,quantile,0.01,1093,2021-09-04,2021-08-23,2 wk ahead inc case,forecast,seabbs
PL,quantile,0.025,1170,2021-09-04,2021-08-23,2 wk ahead inc case,forecast,seabbs
PL,quantile,0.05,1228,2021-09-04,2021-08-23,2 wk ahead inc case,forecast,seabbs
PL,quantile,0.1,1292,2021-09-04,2021-08-23,2 wk ahead inc case,forecast,seabbs
PL,quantile,0.15,1328,2021-09-04,2021-08-23,2 wk ahead inc case,forecast,seabbs
PL,quantile,0.2,1360,2021-09-04,2021-08-23,2 wk ahead inc case,forecast,seabbs
PL,quantile,0.25,1388,2021-09-04,2021-08-23,2 wk ahead inc case,forecast,seabbs
PL,quantile,0.3,1408,2021-09-04,2021-08-23,2 wk ahead inc case,forecast,seabbs
PL,quantile,0.35,1437,2021-09-04,2021-08-23,2 wk ahead inc case,forecast,seabbs
PL,quantile,0.4,1455,2021-09-04,2021-08-23,2 wk ahead inc case,forecast,seabbs
PL,quantile,0.45,1478,2021-09-04,2021-08-23,2 wk ahead inc case,forecast,seabbs
PL,quantile,0.5,1507,2021-09-04,2021-08-23,2 wk ahead inc case,forecast,seabbs
PL,quantile,0.55,1529,2021-09-04,2021-08-23,2 wk ahead inc case,forecast,seabbs
PL,quantile,0.6,1555,2021-09-04,2021-08-23,2 wk ahead inc case,forecast,seabbs
PL,quantile,0.65,1580,2021-09-04,2021-08-23,2 wk ahead inc case,forecast,seabbs
PL,quantile,0.7,1598,2021-09-04,2021-08-23,2 wk ahead inc case,forecast,seabbs
PL,quantile,0.75,1633,2021-09-04,2021-08-23,2 wk ahead inc case,forecast,seabbs
PL,quantile,0.8,1664,2021-09-04,2021-08-23,2 wk ahead inc case,forecast,seabbs
PL,quantile,0.85,1710,2021-09-04,2021-08-23,2 wk ahead inc case,forecast,seabbs
PL,quantile,0.9,1759,2021-09-04,2021-08-23,2 wk ahead inc case,forecast,seabbs
PL,quantile,0.95,1843,2021-09-04,2021-08-23,2 wk ahead inc case,forecast,seabbs
PL,quantile,0.975,1918,2021-09-04,2021-08-23,2 wk ahead inc case,forecast,seabbs
PL,quantile,0.99,2019,2021-09-04,2021-08-23,2 wk ahead inc case,forecast,seabbs
PL,point,,1567,2021-09-11,2021-08-23,3 wk ahead inc case,forecast,seabbs
PL,quantile,0.01,1025,2021-09-11,2021-08-23,3 wk ahead inc case,forecast,seabbs
PL,quantile,0.025,1105,2021-09-11,2021-08-23,3 wk ahead inc case,forecast,seabbs
PL,quantile,0.05,1158,2021-09-11,2021-08-23,3 wk ahead inc case,forecast,seabbs
PL,quantile,0.1,1228,2021-09-11,2021-08-23,3 wk ahead inc case,forecast,seabbs
PL,quantile,0.15,1287,2021-09-11,2021-08-23,3 wk ahead inc case,forecast,seabbs
PL,quantile,0.2,1355,2021-09-11,2021-08-23,3 wk ahead inc case,forecast,seabbs
PL,quantile,0.25,1398,2021-09-11,2021-08-23,3 wk ahead inc case,forecast,seabbs
PL,quantile,0.3,1430,2021-09-11,2021-08-23,3 wk ahead inc case,forecast,seabbs
PL,quantile,0.35,1460,2021-09-11,2021-08-23,3 wk ahead inc case,forecast,seabbs
PL,quantile,0.4,1493,2021-09-11,2021-08-23,3 wk ahead inc case,forecast,seabbs
PL,quantile,0.45,1529,2021-09-11,2021-08-23,3 wk ahead inc case,forecast,seabbs
PL,quantile,0.5,1567,2021-09-11,2021-08-23,3 wk ahead inc case,forecast,seabbs
PL,quantile,0.55,1606,2021-09-11,2021-08-23,3 wk ahead inc case,forecast,seabbs
PL,quantile,0.6,1643,2021-09-11,2021-08-23,3 wk ahead inc case,forecast,seabbs
PL,quantile,0.65,1682,2021-09-11,2021-08-23,3 wk ahead inc case,forecast,seabbs
PL,quantile,0.7,1724,2021-09-11,2021-08-23,3 wk ahead inc case,forecast,seabbs
PL,quantile,0.75,1770,2021-09-11,2021-08-23,3 wk ahead inc case,forecast,seabbs
PL,quantile,0.8,1826,2021-09-11,2021-08-23,3 wk ahead inc case,forecast,seabbs
PL,quantile,0.85,1863,2021-09-11,2021-08-23,3 wk ahead inc case,forecast,seabbs
PL,quantile,0.9,1949,2021-09-11,2021-08-23,3 wk ahead inc case,forecast,seabbs
PL,quantile,0.95,2044,2021-09-11,2021-08-23,3 wk ahead inc case,forecast,seabbs
PL,quantile,0.975,2203,2021-09-11,2021-08-23,3 wk ahead inc case,forecast,seabbs
PL,quantile,0.99,2365,2021-09-11,2021-08-23,3 wk ahead inc case,forecast,seabbs
PL,point,,1636,2021-09-18,2021-08-23,4 wk ahead inc case,forecast,seabbs
PL,quantile,0.01,893,2021-09-18,2021-08-23,4 wk ahead inc case,forecast,seabbs
PL,quantile,0.025,986,2021-09-18,2021-08-23,4 wk ahead inc case,forecast,seabbs
PL,quantile,0.05,1071,2021-09-18,2021-08-23,4 wk ahead inc case,forecast,seabbs
PL,quantile,0.1,1175,2021-09-18,2021-08-23,4 wk ahead inc case,forecast,seabbs
PL,quantile,0.15,1259,2021-09-18,2021-08-23,4 wk ahead inc case,forecast,seabbs
PL,quantile,0.2,1317,2021-09-18,2021-08-23,4 wk ahead inc case,forecast,seabbs
PL,quantile,0.25,1382,2021-09-18,2021-08-23,4 wk ahead inc case,forecast,seabbs
PL,quantile,0.3,1426,2021-09-18,2021-08-23,4 wk ahead inc case,forecast,seabbs
PL,quantile,0.35,1474,2021-09-18,2021-08-23,4 wk ahead inc case,forecast,seabbs
PL,quantile,0.4,1528,2021-09-18,2021-08-23,4 wk ahead inc case,forecast,seabbs
PL,quantile,0.45,1581,2021-09-18,2021-08-23,4 wk ahead inc case,forecast,seabbs
PL,quantile,0.5,1636,2021-09-18,2021-08-23,4 wk ahead inc case,forecast,seabbs
PL,quantile,0.55,1685,2021-09-18,2021-08-23,4 wk ahead inc case,forecast,seabbs
PL,quantile,0.6,1738,2021-09-18,2021-08-23,4 wk ahead inc case,forecast,seabbs
PL,quantile,0.65,1795,2021-09-18,2021-08-23,4 wk ahead inc case,forecast,seabbs
PL,quantile,0.7,1853,2021-09-18,2021-08-23,4 wk ahead inc case,forecast,seabbs
PL,quantile,0.75,1921,2021-09-18,2021-08-23,4 wk ahead inc case,forecast,seabbs
PL,quantile,0.8,2022,2021-09-18,2021-08-23,4 wk ahead inc case,forecast,seabbs
PL,quantile,0.85,2100,2021-09-18,2021-08-23,4 wk ahead inc case,forecast,seabbs
PL,quantile,0.9,2188,2021-09-18,2021-08-23,4 wk ahead inc case,forecast,seabbs
PL,quantile,0.95,2411,2021-09-18,2021-08-23,4 wk ahead inc case,forecast,seabbs
PL,quantile,0.975,2717,2021-09-18,2021-08-23,4 wk ahead inc case,forecast,seabbs
PL,quantile,0.99,2922,2021-09-18,2021-08-23,4 wk ahead inc case,forecast,seabbs
DE,point,,510,2021-08-28,2021-08-23,1 wk ahead inc death,forecast,seabbs
DE,quantile,0.01,159,2021-08-28,2021-08-23,1 wk ahead inc death,forecast,seabbs
DE,quantile,0.025,181,2021-08-28,2021-08-23,1 wk ahead inc death,forecast,seabbs
DE,quantile,0.05,206,2021-08-28,2021-08-23,1 wk ahead inc death,forecast,seabbs
DE,quantile,0.1,267,2021-08-28,2021-08-23,1 wk ahead inc death,forecast,seabbs
DE,quantile,0.15,313,2021-08-28,2021-08-23,1 wk ahead inc death,forecast,seabbs
DE,quantile,0.2,352,2021-08-28,2021-08-23,1 wk ahead inc death,forecast,seabbs
DE,quantile,0.25,388,2021-08-28,2021-08-23,1 wk ahead inc death,forecast,seabbs
DE,quantile,0.3,410,2021-08-28,2021-08-23,1 wk ahead inc death,forecast,seabbs
DE,quantile,0.35,431,2021-08-28,2021-08-23,1 wk ahead inc death,forecast,seabbs
DE,quantile,0.4,452,2021-08-28,2021-08-23,1 wk ahead inc death,forecast,seabbs
DE,quantile,0.45,482,2021-08-28,2021-08-23,1 wk ahead inc death,forecast,seabbs
DE,quantile,0.5,510,2021-08-28,2021-08-23,1 wk ahead inc death,forecast,seabbs
DE,quantile,0.55,542,2021-08-28,2021-08-23,1 wk ahead inc death,forecast,seabbs
DE,quantile,0.6,569,2021-08-28,2021-08-23,1 wk ahead inc death,forecast,seabbs
DE,quantile,0.65,606,2021-08-28,2021-08-23,1 wk ahead inc death,forecast,seabbs
DE,quantile,0.7,643,2021-08-28,2021-08-23,1 wk ahead inc death,forecast,seabbs
DE,quantile,0.75,693,2021-08-28,2021-08-23,1 wk ahead inc death,forecast,seabbs
DE,quantile,0.8,748,2021-08-28,2021-08-23,1 wk ahead inc death,forecast,seabbs
DE,quantile,0.85,805,2021-08-28,2021-08-23,1 wk ahead inc death,forecast,seabbs
DE,quantile,0.9,913,2021-08-28,2021-08-23,1 wk ahead inc death,forecast,seabbs
DE,quantile,0.95,1120,2021-08-28,2021-08-23,1 wk ahead inc death,forecast,seabbs
DE,quantile,0.975,1302,2021-08-28,2021-08-23,1 wk ahead inc death,forecast,seabbs
DE,quantile,0.99,1475,2021-08-28,2021-08-23,1 wk ahead inc death,forecast,seabbs
DE,point,,762,2021-09-04,2021-08-23,2 wk ahead inc death,forecast,seabbs
DE,quantile,0.01,210,2021-09-04,2021-08-23,2 wk ahead inc death,forecast,seabbs
DE,quantile,0.025,248,2021-09-04,2021-08-23,2 wk ahead inc death,forecast,seabbs
DE,quantile,0.05,313,2021-09-04,2021-08-23,2 wk ahead inc death,forecast,seabbs
DE,quantile,0.1,398,2021-09-04,2021-08-23,2 wk ahead inc death,forecast,seabbs
DE,quantile,0.15,455,2021-09-04,2021-08-23,2 wk ahead inc death,forecast,seabbs
DE,quantile,0.2,513,2021-09-04,2021-08-23,2 wk ahead inc death,forecast,seabbs
DE,quantile,0.25,555,2021-09-04,2021-08-23,2 wk ahead inc death,forecast,seabbs
DE,quantile,0.3,605,2021-09-04,2021-08-23,2 wk ahead inc death,forecast,seabbs
DE,quantile,0.35,637,2021-09-04,2021-08-23,2 wk ahead inc death,forecast,seabbs
DE,quantile,0.4,674,2021-09-04,2021-08-23,2 wk ahead inc death,forecast,seabbs
DE,quantile,0.45,723,2021-09-04,2021-08-23,2 wk ahead inc death,forecast,seabbs
DE,quantile,0.5,762,2021-09-04,2021-08-23,2 wk ahead inc death,forecast,seabbs
DE,quantile,0.55,807,2021-09-04,2021-08-23,2 wk ahead inc death,forecast,seabbs
DE,quantile,0.6,857,2021-09-04,2021-08-23,2 wk ahead inc death,forecast,seabbs
DE,quantile,0.65,913,2021-09-04,2021-08-23,2 wk ahead inc death,forecast,seabbs
DE,quantile,0.7,981,2021-09-04,2021-08-23,2 wk ahead inc death,forecast,seabbs
DE,quantile,0.75,1053,2021-09-04,2021-08-23,2 wk ahead inc death,forecast,seabbs
DE,quantile,0.8,1122,2021-09-04,2021-08-23,2 wk ahead inc death,forecast,seabbs
DE,quantile,0.85,1220,2021-09-04,2021-08-23,2 wk ahead inc death,forecast,seabbs
DE,quantile,0.9,1379,2021-09-04,2021-08-23,2 wk ahead inc death,forecast,seabbs
DE,quantile,0.95,1637,2021-09-04,2021-08-23,2 wk ahead inc death,forecast,seabbs
DE,quantile,0.975,1802,2021-09-04,2021-08-23,2 wk ahead inc death,forecast,seabbs
DE,quantile,0.99,2405,2021-09-04,2021-08-23,2 wk ahead inc death,forecast,seabbs
DE,point,,998,2021-09-11,2021-08-23,3 wk ahead inc death,forecast,seabbs
DE,quantile,0.01,237,2021-09-11,2021-08-23,3 wk ahead inc death,forecast,seabbs
DE,quantile,0.025,323,2021-09-11,2021-08-23,3 wk ahead inc death,forecast,seabbs
DE,quantile,0.05,403,2021-09-11,2021-08-23,3 wk ahead inc death,forecast,seabbs
DE,quantile,0.1,490,2021-09-11,2021-08-23,3 wk ahead inc death,forecast,seabbs
DE,quantile,0.15,561,2021-09-11,2021-08-23,3 wk ahead inc death,forecast,seabbs
DE,quantile,0.2,633,2021-09-11,2021-08-23,3 wk ahead inc death,forecast,seabbs
DE,quantile,0.25,695,2021-09-11,2021-08-23,3 wk ahead inc death,forecast,seabbs
DE,quantile,0.3,749,2021-09-11,2021-08-23,3 wk ahead inc death,forecast,seabbs
DE,quantile,0.35,803,2021-09-11,2021-08-23,3 wk ahead inc death,forecast,seabbs
DE,quantile,0.4,870,2021-09-11,2021-08-23,3 wk ahead inc death,forecast,seabbs
DE,quantile,0.45,947,2021-09-11,2021-08-23,3 wk ahead inc death,forecast,seabbs
DE,quantile,0.5,998,2021-09-11,2021-08-23,3 wk ahead inc death,forecast,seabbs
DE,quantile,0.55,1067,2021-09-11,2021-08-23,3 wk ahead inc death,forecast,seabbs
DE,quantile,0.6,1156,2021-09-11,2021-08-23,3 wk ahead inc death,forecast,seabbs
DE,quantile,0.65,1227,2021-09-11,2021-08-23,3 wk ahead inc death,forecast,seabbs
DE,quantile,0.7,1310,2021-09-11,2021-08-23,3 wk ahead inc death,forecast,seabbs
DE,quantile,0.75,1423,2021-09-11,2021-08-23,3 wk ahead inc death,forecast,seabbs
DE,quantile,0.8,1558,2021-09-11,2021-08-23,3 wk ahead inc death,forecast,seabbs
DE,quantile,0.85,1671,2021-09-11,2021-08-23,3 wk ahead inc death,forecast,seabbs
DE,quantile,0.9,1839,2021-09-11,2021-08-23,3 wk ahead inc death,forecast,seabbs
DE,quantile,0.95,2211,2021-09-11,2021-08-23,3 wk ahead inc death,forecast,seabbs
DE,quantile,0.975,2660,2021-09-11,2021-08-23,3 wk ahead inc death,forecast,seabbs
DE,quantile,0.99,3214,2021-09-11,2021-08-23,3 wk ahead inc death,forecast,seabbs
DE,point,,1104,2021-09-18,2021-08-23,4 wk ahead inc death,forecast,seabbs
DE,quantile,0.01,251,2021-09-18,2021-08-23,4 wk ahead inc death,forecast,seabbs
DE,quantile,0.025,327,2021-09-18,2021-08-23,4 wk ahead inc death,forecast,seabbs
DE,quantile,0.05,382,2021-09-18,2021-08-23,4 wk ahead inc death,forecast,seabbs
DE,quantile,0.1,530,2021-09-18,2021-08-23,4 wk ahead inc death,forecast,seabbs
DE,quantile,0.15,616,2021-09-18,2021-08-23,4 wk ahead inc death,forecast,seabbs
DE,quantile,0.2,693,2021-09-18,2021-08-23,4 wk ahead inc death,forecast,seabbs
DE,quantile,0.25,762,2021-09-18,2021-08-23,4 wk ahead inc death,forecast,seabbs
DE,quantile,0.3,824,2021-09-18,2021-08-23,4 wk ahead inc death,forecast,seabbs
DE,quantile,0.35,893,2021-09-18,2021-08-23,4 wk ahead inc death,forecast,seabbs
DE,quantile,0.4,960,2021-09-18,2021-08-23,4 wk ahead inc death,forecast,seabbs
DE,quantile,0.45,1044,2021-09-18,2021-08-23,4 wk ahead inc death,forecast,seabbs
DE,quantile,0.5,1104,2021-09-18,2021-08-23,4 wk ahead inc death,forecast,seabbs
DE,quantile,0.55,1203,2021-09-18,2021-08-23,4 wk ahead inc death,forecast,seabbs
DE,quantile,0.6,1284,2021-09-18,2021-08-23,4 wk ahead inc death,forecast,seabbs
DE,quantile,0.65,1374,2021-09-18,2021-08-23,4 wk ahead inc death,forecast,seabbs
DE,quantile,0.7,1476,2021-09-18,2021-08-23,4 wk ahead inc death,forecast,seabbs
DE,quantile,0.75,1602,2021-09-18,2021-08-23,4 wk ahead inc death,forecast,seabbs
DE,quantile,0.8,1726,2021-09-18,2021-08-23,4 wk ahead inc death,forecast,seabbs
DE,quantile,0.85,1956,2021-09-18,2021-08-23,4 wk ahead inc death,forecast,seabbs
DE,quantile,0.9,2267,2021-09-18,2021-08-23,4 wk ahead inc death,forecast,seabbs
DE,quantile,0.95,2797,2021-09-18,2021-08-23,4 wk ahead inc death,forecast,seabbs
DE,quantile,0.975,3123,2021-09-18,2021-08-23,4 wk ahead inc death,forecast,seabbs
DE,quantile,0.99,3807,2021-09-18,2021-08-23,4 wk ahead inc death,forecast,seabbs
GB,point,,517,2021-08-28,2021-08-23,1 wk ahead inc death,forecast,seabbs
GB,quantile,0.01,381,2021-08-28,2021-08-23,1 wk ahead inc death,forecast,seabbs
GB,quantile,0.025,397,2021-08-28,2021-08-23,1 wk ahead inc death,forecast,seabbs
GB,quantile,0.05,412,2021-08-28,2021-08-23,1 wk ahead inc death,forecast,seabbs
GB,quantile,0.1,435,2021-08-28,2021-08-23,1 wk ahead inc death,forecast,seabbs
GB,quantile,0.15,448,2021-08-28,2021-08-23,1 wk ahead inc death,forecast,seabbs
GB,quantile,0.2,460,2021-08-28,2021-08-23,1 wk ahead inc death,forecast,seabbs
GB,quantile,0.25,472,2021-08-28,2021-08-23,1 wk ahead inc death,forecast,seabbs
GB,quantile,0.3,483,2021-08-28,2021-08-23,1 wk ahead inc death,forecast,seabbs
GB,quantile,0.35,489,2021-08-28,2021-08-23,1 wk ahead inc death,forecast,seabbs
GB,quantile,0.4,499,2021-08-28,2021-08-23,1 wk ahead inc death,forecast,seabbs
GB,quantile,0.45,508,2021-08-28,2021-08-23,1 wk ahead inc death,forecast,seabbs
GB,quantile,0.5,517,2021-08-28,2021-08-23,1 wk ahead inc death,forecast,seabbs
GB,quantile,0.55,524,2021-08-28,2021-08-23,1 wk ahead inc death,forecast,seabbs
GB,quantile,0.6,532,2021-08-28,2021-08-23,1 wk ahead inc death,forecast,seabbs
GB,quantile,0.65,540,2021-08-28,2021-08-23,1 wk ahead inc death,forecast,seabbs
GB,quantile,0.7,549,2021-08-28,2021-08-23,1 wk ahead inc death,forecast,seabbs
GB,quantile,0.75,557,2021-08-28,2021-08-23,1 wk ahead inc death,forecast,seabbs
GB,quantile,0.8,567,2021-08-28,2021-08-23,1 wk ahead inc death,forecast,seabbs
GB,quantile,0.85,581,2021-08-28,2021-08-23,1 wk ahead inc death,forecast,seabbs
GB,quantile,0.9,595,2021-08-28,2021-08-23,1 wk ahead inc death,forecast,seabbs
GB,quantile,0.95,612,2021-08-28,2021-08-23,1 wk ahead inc death,forecast,seabbs
GB,quantile,0.975,637,2021-08-28,2021-08-23,1 wk ahead inc death,forecast,seabbs
GB,quantile,0.99,664,2021-08-28,2021-08-23,1 wk ahead inc death,forecast,seabbs
GB,point,,550,2021-09-04,2021-08-23,2 wk ahead inc death,forecast,seabbs
GB,quantile,0.01,410,2021-09-04,2021-08-23,2 wk ahead inc death,forecast,seabbs
GB,quantile,0.025,436,2021-09-04,2021-08-23,2 wk ahead inc death,forecast,seabbs
GB,quantile,0.05,455,2021-09-04,2021-08-23,2 wk ahead inc death,forecast,seabbs
GB,quantile,0.1,472,2021-09-04,2021-08-23,2 wk ahead inc death,forecast,seabbs
GB,quantile,0.15,492,2021-09-04,2021-08-23,2 wk ahead inc death,forecast,seabbs
GB,quantile,0.2,502,2021-09-04,2021-08-23,2 wk ahead inc death,forecast,seabbs
GB,quantile,0.25,509,2021-09-04,2021-08-23,2 wk ahead inc death,forecast,seabbs
GB,quantile,0.3,517,2021-09-04,2021-08-23,2 wk ahead inc death,forecast,seabbs
GB,quantile,0.35,525,2021-09-04,2021-08-23,2 wk ahead inc death,forecast,seabbs
GB,quantile,0.4,535,2021-09-04,2021-08-23,2 wk ahead inc death,forecast,seabbs
GB,quantile,0.45,543,2021-09-04,2021-08-23,2 wk ahead inc death,forecast,seabbs
GB,quantile,0.5,550,2021-09-04,2021-08-23,2 wk ahead inc death,forecast,seabbs
GB,quantile,0.55,560,2021-09-04,2021-08-23,2 wk ahead inc death,forecast,seabbs
GB,quantile,0.6,570,2021-09-04,2021-08-23,2 wk ahead inc death,forecast,seabbs
GB,quantile,0.65,580,2021-09-04,2021-08-23,2 wk ahead inc death,forecast,seabbs
GB,quantile,0.7,588,2021-09-04,2021-08-23,2 wk ahead inc death,forecast,seabbs
GB,quantile,0.75,597,2021-09-04,2021-08-23,2 wk ahead inc death,forecast,seabbs
GB,quantile,0.8,612,2021-09-04,2021-08-23,2 wk ahead inc death,forecast,seabbs
GB,quantile,0.85,630,2021-09-04,2021-08-23,2 wk ahead inc death,forecast,seabbs
GB,quantile,0.9,649,2021-09-04,2021-08-23,2 wk ahead inc death,forecast,seabbs
GB,quantile,0.95,682,2021-09-04,2021-08-23,2 wk ahead inc death,forecast,seabbs
GB,quantile,0.975,704,2021-09-04,2021-08-23,2 wk ahead inc death,forecast,seabbs
GB,quantile,0.99,749,2021-09-04,2021-08-23,2 wk ahead inc death,forecast,seabbs
GB,point,,584,2021-09-11,2021-08-23,3 wk ahead inc death,forecast,seabbs
GB,quantile,0.01,415,2021-09-11,2021-08-23,3 wk ahead inc death,forecast,seabbs
GB,quantile,0.025,442,2021-09-11,2021-08-23,3 wk ahead inc death,forecast,seabbs
GB,quantile,0.05,464,2021-09-11,2021-08-23,3 wk ahead inc death,forecast,seabbs
GB,quantile,0.1,488,2021-09-11,2021-08-23,3 wk ahead inc death,forecast,seabbs
GB,quantile,0.15,504,2021-09-11,2021-08-23,3 wk ahead inc death,forecast,seabbs
GB,quantile,0.2,519,2021-09-11,2021-08-23,3 wk ahead inc death,forecast,seabbs
GB,quantile,0.25,530,2021-09-11,2021-08-23,3 wk ahead inc death,forecast,seabbs
GB,quantile,0.3,541,2021-09-11,2021-08-23,3 wk ahead inc death,forecast,seabbs
GB,quantile,0.35,553,2021-09-11,2021-08-23,3 wk ahead inc death,forecast,seabbs
GB,quantile,0.4,565,2021-09-11,2021-08-23,3 wk ahead inc death,forecast,seabbs
GB,quantile,0.45,575,2021-09-11,2021-08-23,3 wk ahead inc death,forecast,seabbs
GB,quantile,0.5,584,2021-09-11,2021-08-23,3 wk ahead inc death,forecast,seabbs
GB,quantile,0.55,595,2021-09-11,2021-08-23,3 wk ahead inc death,forecast,seabbs
GB,quantile,0.6,604,2021-09-11,2021-08-23,3 wk ahead inc death,forecast,seabbs
GB,quantile,0.65,617,2021-09-11,2021-08-23,3 wk ahead inc death,forecast,seabbs
GB,quantile,0.7,629,2021-09-11,2021-08-23,3 wk ahead inc death,forecast,seabbs
GB,quantile,0.75,646,2021-09-11,2021-08-23,3 wk ahead inc death,forecast,seabbs
GB,quantile,0.8,662,2021-09-11,2021-08-23,3 wk ahead inc death,forecast,seabbs
GB,quantile,0.85,679,2021-09-11,2021-08-23,3 wk ahead inc death,forecast,seabbs
GB,quantile,0.9,706,2021-09-11,2021-08-23,3 wk ahead inc death,forecast,seabbs
GB,quantile,0.95,740,2021-09-11,2021-08-23,3 wk ahead inc death,forecast,seabbs
GB,quantile,0.975,778,2021-09-11,2021-08-23,3 wk ahead inc death,forecast,seabbs
GB,quantile,0.99,836,2021-09-11,2021-08-23,3 wk ahead inc death,forecast,seabbs
GB,point,,601,2021-09-18,2021-08-23,4 wk ahead inc death,forecast,seabbs
GB,quantile,0.01,377,2021-09-18,2021-08-23,4 wk ahead inc death,forecast,seabbs
GB,quantile,0.025,398,2021-09-18,2021-08-23,4 wk ahead inc death,forecast,seabbs
GB,quantile,0.05,434,2021-09-18,2021-08-23,4 wk ahead inc death,forecast,seabbs
GB,quantile,0.1,468,2021-09-18,2021-08-23,4 wk ahead inc death,forecast,seabbs
GB,quantile,0.15,490,2021-09-18,2021-08-23,4 wk ahead inc death,forecast,seabbs
GB,quantile,0.2,510,2021-09-18,2021-08-23,4 wk ahead inc death,forecast,seabbs
GB,quantile,0.25,526,2021-09-18,2021-08-23,4 wk ahead inc death,forecast,seabbs
GB,quantile,0.3,541,2021-09-18,2021-08-23,4 wk ahead inc death,forecast,seabbs
GB,quantile,0.35,556,2021-09-18,2021-08-23,4 wk ahead inc death,forecast,seabbs
GB,quantile,0.4,570,2021-09-18,2021-08-23,4 wk ahead inc death,forecast,seabbs
GB,quantile,0.45,588,2021-09-18,2021-08-23,4 wk ahead inc death,forecast,seabbs
GB,quantile,0.5,601,2021-09-18,2021-08-23,4 wk ahead inc death,forecast,seabbs
GB,quantile,0.55,615,2021-09-18,2021-08-23,4 wk ahead inc death,forecast,seabbs
GB,quantile,0.6,631,2021-09-18,2021-08-23,4 wk ahead inc death,forecast,seabbs
GB,quantile,0.65,647,2021-09-18,2021-08-23,4 wk ahead inc death,forecast,seabbs
GB,quantile,0.7,666,2021-09-18,2021-08-23,4 wk ahead inc death,forecast,seabbs
GB,quantile,0.75,689,2021-09-18,2021-08-23,4 wk ahead inc death,forecast,seabbs
GB,quantile,0.8,714,2021-09-18,2021-08-23,4 wk ahead inc death,forecast,seabbs
GB,quantile,0.85,740,2021-09-18,2021-08-23,4 wk ahead inc death,forecast,seabbs
GB,quantile,0.9,774,2021-09-18,2021-08-23,4 wk ahead inc death,forecast,seabbs
GB,quantile,0.95,836,2021-09-18,2021-08-23,4 wk ahead inc death,forecast,seabbs
GB,quantile,0.975,897,2021-09-18,2021-08-23,4 wk ahead inc death,forecast,seabbs
GB,quantile,0.99,992,2021-09-18,2021-08-23,4 wk ahead inc death,forecast,seabbs
PL,point,,35,2021-08-28,2021-08-23,1 wk ahead inc death,forecast,seabbs
PL,quantile,0.01,12,2021-08-28,2021-08-23,1 wk ahead inc death,forecast,seabbs
PL,quantile,0.025,14,2021-08-28,2021-08-23,1 wk ahead inc death,forecast,seabbs
PL,quantile,0.05,17,2021-08-28,2021-08-23,1 wk ahead inc death,forecast,seabbs
PL,quantile,0.1,20,2021-08-28,2021-08-23,1 wk ahead inc death,forecast,seabbs
PL,quantile,0.15,23,2021-08-28,2021-08-23,1 wk ahead inc death,forecast,seabbs
PL,quantile,0.2,25,2021-08-28,2021-08-23,1 wk ahead inc death,forecast,seabbs
PL,quantile,0.25,27,2021-08-28,2021-08-23,1 wk ahead inc death,forecast,seabbs
PL,quantile,0.3,29,2021-08-28,2021-08-23,1 wk ahead inc death,forecast,seabbs
PL,quantile,0.35,31,2021-08-28,2021-08-23,1 wk ahead inc death,forecast,seabbs
PL,quantile,0.4,32,2021-08-28,2021-08-23,1 wk ahead inc death,forecast,seabbs
PL,quantile,0.45,34,2021-08-28,2021-08-23,1 wk ahead inc death,forecast,seabbs
PL,quantile,0.5,35,2021-08-28,2021-08-23,1 wk ahead inc death,forecast,seabbs
PL,quantile,0.55,37,2021-08-28,2021-08-23,1 wk ahead inc death,forecast,seabbs
PL,quantile,0.6,39,2021-08-28,2021-08-23,1 wk ahead inc death,forecast,seabbs
PL,quantile,0.65,41,2021-08-28,2021-08-23,1 wk ahead inc death,forecast,seabbs
PL,quantile,0.7,43,2021-08-28,2021-08-23,1 wk ahead inc death,forecast,seabbs
PL,quantile,0.75,46,2021-08-28,2021-08-23,1 wk ahead inc death,forecast,seabbs
PL,quantile,0.8,48,2021-08-28,2021-08-23,1 wk ahead inc death,forecast,seabbs
PL,quantile,0.85,52,2021-08-28,2021-08-23,1 wk ahead inc death,forecast,seabbs
PL,quantile,0.9,56,2021-08-28,2021-08-23,1 wk ahead inc death,forecast,seabbs
PL,quantile,0.95,63,2021-08-28,2021-08-23,1 wk ahead inc death,forecast,seabbs
PL,quantile,0.975,70,2021-08-28,2021-08-23,1 wk ahead inc death,forecast,seabbs
PL,quantile,0.99,79,2021-08-28,2021-08-23,1 wk ahead inc death,forecast,seabbs
PL,point,,39,2021-09-04,2021-08-23,2 wk ahead inc death,forecast,seabbs
PL,quantile,0.01,13,2021-09-04,2021-08-23,2 wk ahead inc death,forecast,seabbs
PL,quantile,0.025,16,2021-09-04,2021-08-23,2 wk ahead inc death,forecast,seabbs
PL,quantile,0.05,19,2021-09-04,2021-08-23,2 wk ahead inc death,forecast,seabbs
PL,quantile,0.1,23,2021-09-04,2021-08-23,2 wk ahead inc death,forecast,seabbs
PL,quantile,0.15,26,2021-09-04,2021-08-23,2 wk ahead inc death,forecast,seabbs
PL,quantile,0.2,28,2021-09-04,2021-08-23,2 wk ahead inc death,forecast,seabbs
PL,quantile,0.25,30,2021-09-04,2021-08-23,2 wk ahead inc death,forecast,seabbs
PL,quantile,0.3,32,2021-09-04,2021-08-23,2 wk ahead inc death,forecast,seabbs
PL,quantile,0.35,34,2021-09-04,2021-08-23,2 wk ahead inc death,forecast,seabbs
PL,quantile,0.4,35,2021-09-04,2021-08-23,2 wk ahead inc death,forecast,seabbs
PL,quantile,0.45,37,2021-09-04,2021-08-23,2 wk ahead inc death,forecast,seabbs
PL,quantile,0.5,39,2021-09-04,2021-08-23,2 wk ahead inc death,forecast,seabbs
PL,quantile,0.55,41,2021-09-04,2021-08-23,2 wk ahead inc death,forecast,seabbs
PL,quantile,0.6,43,2021-09-04,2021-08-23,2 wk ahead inc death,forecast,seabbs
PL,quantile,0.65,45,2021-09-04,2021-08-23,2 wk ahead inc death,forecast,seabbs
PL,quantile,0.7,48,2021-09-04,2021-08-23,2 wk ahead inc death,forecast,seabbs
PL,quantile,0.75,50,2021-09-04,2021-08-23,2 wk ahead inc death,forecast,seabbs
PL,quantile,0.8,53,2021-09-04,2021-08-23,2 wk ahead inc death,forecast,seabbs
PL,quantile,0.85,57,2021-09-04,2021-08-23,2 wk ahead inc death,forecast,seabbs
PL,quantile,0.9,62,2021-09-04,2021-08-23,2 wk ahead inc death,forecast,seabbs
PL,quantile,0.95,69,2021-09-04,2021-08-23,2 wk ahead inc death,forecast,seabbs
PL,quantile,0.975,76,2021-09-04,2021-08-23,2 wk ahead inc death,forecast,seabbs
PL,quantile,0.99,84,2021-09-04,2021-08-23,2 wk ahead inc death,forecast,seabbs
PL,point,,41,2021-09-11,2021-08-23,3 wk ahead inc death,forecast,seabbs
PL,quantile,0.01,14,2021-09-11,2021-08-23,3 wk ahead inc death,forecast,seabbs
PL,quantile,0.025,17,2021-09-11,2021-08-23,3 wk ahead inc death,forecast,seabbs
PL,quantile,0.05,21,2021-09-11,2021-08-23,3 wk ahead inc death,forecast,seabbs
PL,quantile,0.1,24,2021-09-11,2021-08-23,3 wk ahead inc death,forecast,seabbs
PL,quantile,0.15,27,2021-09-11,2021-08-23,3 wk ahead inc death,forecast,seabbs
PL,quantile,0.2,29,2021-09-11,2021-08-23,3 wk ahead inc death,forecast,seabbs
PL,quantile,0.25,31,2021-09-11,2021-08-23,3 wk ahead inc death,forecast,seabbs
PL,quantile,0.3,34,2021-09-11,2021-08-23,3 wk ahead inc death,forecast,seabbs
PL,quantile,0.35,36,2021-09-11,2021-08-23,3 wk ahead inc death,forecast,seabbs
PL,quantile,0.4,38,2021-09-11,2021-08-23,3 wk ahead inc death,forecast,seabbs
PL,quantile,0.45,39,2021-09-11,2021-08-23,3 wk ahead inc death,forecast,seabbs
PL,quantile,0.5,41,2021-09-11,2021-08-23,3 wk ahead inc death,forecast,seabbs
PL,quantile,0.55,43,2021-09-11,2021-08-23,3 wk ahead inc death,forecast,seabbs
PL,quantile,0.6,46,2021-09-11,2021-08-23,3 wk ahead inc death,forecast,seabbs
PL,quantile,0.65,49,2021-09-11,2021-08-23,3 wk ahead inc death,forecast,seabbs
PL,quantile,0.7,51,2021-09-11,2021-08-23,3 wk ahead inc death,forecast,seabbs
PL,quantile,0.75,55,2021-09-11,2021-08-23,3 wk ahead inc death,forecast,seabbs
PL,quantile,0.8,58,2021-09-11,2021-08-23,3 wk ahead inc death,forecast,seabbs
PL,quantile,0.85,62,2021-09-11,2021-08-23,3 wk ahead inc death,forecast,seabbs
PL,quantile,0.9,68,2021-09-11,2021-08-23,3 wk ahead inc death,forecast,seabbs
PL,quantile,0.95,75,2021-09-11,2021-08-23,3 wk ahead inc death,forecast,seabbs
PL,quantile,0.975,84,2021-09-11,2021-08-23,3 wk ahead inc death,forecast,seabbs
PL,quantile,0.99,94,2021-09-11,2021-08-23,3 wk ahead inc death,forecast,seabbs
PL,point,,44,2021-09-18,2021-08-23,4 wk ahead inc death,forecast,seabbs
PL,quantile,0.01,14,2021-09-18,2021-08-23,4 wk ahead inc death,forecast,seabbs
PL,quantile,0.025,18,2021-09-18,2021-08-23,4 wk ahead inc death,forecast,seabbs
PL,quantile,0.05,21,2021-09-18,2021-08-23,4 wk ahead inc death,forecast,seabbs
PL,quantile,0.1,25,2021-09-18,2021-08-23,4 wk ahead inc death,forecast,seabbs
PL,quantile,0.15,28,2021-09-18,2021-08-23,4 wk ahead inc death,forecast,seabbs
PL,quantile,0.2,31,2021-09-18,2021-08-23,4 wk ahead inc death,forecast,seabbs
PL,quantile,0.25,34,2021-09-18,2021-08-23,4 wk ahead inc death,forecast,seabbs
PL,quantile,0.3,36,2021-09-18,2021-08-23,4 wk ahead inc death,forecast,seabbs
PL,quantile,0.35,37,2021-09-18,2021-08-23,4 wk ahead inc death,forecast,seabbs
PL,quantile,0.4,40,2021-09-18,2021-08-23,4 wk ahead inc death,forecast,seabbs
PL,quantile,0.45,42,2021-09-18,2021-08-23,4 wk ahead inc death,forecast,seabbs
PL,quantile,0.5,44,2021-09-18,2021-08-23,4 wk ahead inc death,forecast,seabbs
PL,quantile,0.55,46,2021-09-18,2021-08-23,4 wk ahead inc death,forecast,seabbs
PL,quantile,0.6,48,2021-09-18,2021-08-23,4 wk ahead inc death,forecast,seabbs
PL,quantile,0.65,51,2021-09-18,2021-08-23,4 wk ahead inc death,forecast,seabbs
PL,quantile,0.7,54,2021-09-18,2021-08-23,4 wk ahead inc death,forecast,seabbs
PL,quantile,0.75,57,2021-09-18,2021-08-23,4 wk ahead inc death,forecast,seabbs
PL,quantile,0.8,60,2021-09-18,2021-08-23,4 wk ahead inc death,forecast,seabbs
PL,quantile,0.85,64,2021-09-18,2021-08-23,4 wk ahead inc death,forecast,seabbs
PL,quantile,0.9,71,2021-09-18,2021-08-23,4 wk ahead inc death,forecast,seabbs
PL,quantile,0.95,83,2021-09-18,2021-08-23,4 wk ahead inc death,forecast,seabbs
PL,quantile,0.975,90,2021-09-18,2021-08-23,4 wk ahead inc death,forecast,seabbs
PL,quantile,0.99,100,2021-09-18,2021-08-23,4 wk ahead inc death,forecast,seabbs
