location,type,quantile,value,target_end_date,forecast_date,target,scenario_id
AT,point,,14132.5,2021-04-17,2021-04-12,1 wk ahead inc case,forecast
AT,quantile,0.01,9564.52,2021-04-17,2021-04-12,1 wk ahead inc case,forecast
AT,quantile,0.025,10080.175,2021-04-17,2021-04-12,1 wk ahead inc case,forecast
AT,quantile,0.05,10611.5,2021-04-17,2021-04-12,1 wk ahead inc case,forecast
AT,quantile,0.1,11411.9,2021-04-17,2021-04-12,1 wk ahead inc case,forecast
AT,quantile,0.15,11843.65,2021-04-17,2021-04-12,1 wk ahead inc case,forecast
AT,quantile,0.2,12248.8,2021-04-17,2021-04-12,1 wk ahead inc case,forecast
AT,quantile,0.25,12541.5,2021-04-17,2021-04-12,1 wk ahead inc case,forecast
AT,quantile,0.3,12847.2,2021-04-17,2021-04-12,1 wk ahead inc case,forecast
AT,quantile,0.35,13185.65,2021-04-17,2021-04-12,1 wk ahead inc case,forecast
AT,quantile,0.4,13500,2021-04-17,2021-04-12,1 wk ahead inc case,forecast
AT,quantile,0.45,13810.65,2021-04-17,2021-04-12,1 wk ahead inc case,forecast
AT,quantile,0.5,14132.5,2021-04-17,2021-04-12,1 wk ahead inc case,forecast
AT,quantile,0.55,14363.9,2021-04-17,2021-04-12,1 wk ahead inc case,forecast
AT,quantile,0.6,14665,2021-04-17,2021-04-12,1 wk ahead inc case,forecast
AT,quantile,0.65,14996.95,2021-04-17,2021-04-12,1 wk ahead inc case,forecast
AT,quantile,0.7,15247.8,2021-04-17,2021-04-12,1 wk ahead inc case,forecast
AT,quantile,0.75,15631.5,2021-04-17,2021-04-12,1 wk ahead inc case,forecast
AT,quantile,0.8,16051.2,2021-04-17,2021-04-12,1 wk ahead inc case,forecast
AT,quantile,0.85,16530.35,2021-04-17,2021-04-12,1 wk ahead inc case,forecast
AT,quantile,0.9,17105.8,2021-04-17,2021-04-12,1 wk ahead inc case,forecast
AT,quantile,0.95,18041.2,2021-04-17,2021-04-12,1 wk ahead inc case,forecast
AT,quantile,0.975,18673.35,2021-04-17,2021-04-12,1 wk ahead inc case,forecast
AT,quantile,0.99,19856.22,2021-04-17,2021-04-12,1 wk ahead inc case,forecast
AT,point,,9653,2021-04-24,2021-04-12,2 wk ahead inc case,forecast
AT,quantile,0.01,4947.89,2021-04-24,2021-04-12,2 wk ahead inc case,forecast
AT,quantile,0.025,5564.675,2021-04-24,2021-04-12,2 wk ahead inc case,forecast
AT,quantile,0.05,5990.8,2021-04-24,2021-04-12,2 wk ahead inc case,forecast
AT,quantile,0.1,6780.3,2021-04-24,2021-04-12,2 wk ahead inc case,forecast
AT,quantile,0.15,7253.1,2021-04-24,2021-04-12,2 wk ahead inc case,forecast
AT,quantile,0.2,7670.4,2021-04-24,2021-04-12,2 wk ahead inc case,forecast
AT,quantile,0.25,8021.75,2021-04-24,2021-04-12,2 wk ahead inc case,forecast
AT,quantile,0.3,8394.1,2021-04-24,2021-04-12,2 wk ahead inc case,forecast
AT,quantile,0.35,8724.3,2021-04-24,2021-04-12,2 wk ahead inc case,forecast
AT,quantile,0.4,8989.6,2021-04-24,2021-04-12,2 wk ahead inc case,forecast
AT,quantile,0.45,9318.1,2021-04-24,2021-04-12,2 wk ahead inc case,forecast
AT,quantile,0.5,9653,2021-04-24,2021-04-12,2 wk ahead inc case,forecast
AT,quantile,0.55,9938.9,2021-04-24,2021-04-12,2 wk ahead inc case,forecast
AT,quantile,0.6,10244,2021-04-24,2021-04-12,2 wk ahead inc case,forecast
AT,quantile,0.65,10590.05,2021-04-24,2021-04-12,2 wk ahead inc case,forecast
AT,quantile,0.7,10900.4,2021-04-24,2021-04-12,2 wk ahead inc case,forecast
AT,quantile,0.75,11406.75,2021-04-24,2021-04-12,2 wk ahead inc case,forecast
AT,quantile,0.8,11882.2,2021-04-24,2021-04-12,2 wk ahead inc case,forecast
AT,quantile,0.85,12475.7,2021-04-24,2021-04-12,2 wk ahead inc case,forecast
AT,quantile,0.9,13134.1,2021-04-24,2021-04-12,2 wk ahead inc case,forecast
AT,quantile,0.95,14313.1,2021-04-24,2021-04-12,2 wk ahead inc case,forecast
AT,quantile,0.975,15254.525,2021-04-24,2021-04-12,2 wk ahead inc case,forecast
AT,quantile,0.99,16414.2,2021-04-24,2021-04-12,2 wk ahead inc case,forecast
AT,point,,6302,2021-05-01,2021-04-12,3 wk ahead inc case,forecast
AT,quantile,0.01,2516.76,2021-05-01,2021-04-12,3 wk ahead inc case,forecast
AT,quantile,0.025,2792.975,2021-05-01,2021-04-12,3 wk ahead inc case,forecast
AT,quantile,0.05,3197.45,2021-05-01,2021-04-12,3 wk ahead inc case,forecast
AT,quantile,0.1,3766.9,2021-05-01,2021-04-12,3 wk ahead inc case,forecast
AT,quantile,0.15,4212.25,2021-05-01,2021-04-12,3 wk ahead inc case,forecast
AT,quantile,0.2,4572.8,2021-05-01,2021-04-12,3 wk ahead inc case,forecast
AT,quantile,0.25,4809.75,2021-05-01,2021-04-12,3 wk ahead inc case,forecast
AT,quantile,0.3,5157.3,2021-05-01,2021-04-12,3 wk ahead inc case,forecast
AT,quantile,0.35,5506.75,2021-05-01,2021-04-12,3 wk ahead inc case,forecast
AT,quantile,0.4,5764.2,2021-05-01,2021-04-12,3 wk ahead inc case,forecast
AT,quantile,0.45,6009.2,2021-05-01,2021-04-12,3 wk ahead inc case,forecast
AT,quantile,0.5,6302,2021-05-01,2021-04-12,3 wk ahead inc case,forecast
AT,quantile,0.55,6607.15,2021-05-01,2021-04-12,3 wk ahead inc case,forecast
AT,quantile,0.6,6941.2,2021-05-01,2021-04-12,3 wk ahead inc case,forecast
AT,quantile,0.65,7418.75,2021-05-01,2021-04-12,3 wk ahead inc case,forecast
AT,quantile,0.7,7804,2021-05-01,2021-04-12,3 wk ahead inc case,forecast
AT,quantile,0.75,8151,2021-05-01,2021-04-12,3 wk ahead inc case,forecast
AT,quantile,0.8,8614,2021-05-01,2021-04-12,3 wk ahead inc case,forecast
AT,quantile,0.85,9289.4,2021-05-01,2021-04-12,3 wk ahead inc case,forecast
AT,quantile,0.9,10059.8,2021-05-01,2021-04-12,3 wk ahead inc case,forecast
AT,quantile,0.95,11468.35,2021-05-01,2021-04-12,3 wk ahead inc case,forecast
AT,quantile,0.975,12431.25,2021-05-01,2021-04-12,3 wk ahead inc case,forecast
AT,quantile,0.99,14239.02,2021-05-01,2021-04-12,3 wk ahead inc case,forecast
AT,point,,4172.5,2021-05-08,2021-04-12,4 wk ahead inc case,forecast
AT,quantile,0.01,1116.7,2021-05-08,2021-04-12,4 wk ahead inc case,forecast
AT,quantile,0.025,1352.85,2021-05-08,2021-04-12,4 wk ahead inc case,forecast
AT,quantile,0.05,1604.95,2021-05-08,2021-04-12,4 wk ahead inc case,forecast
AT,quantile,0.1,2050.4,2021-05-08,2021-04-12,4 wk ahead inc case,forecast
AT,quantile,0.15,2395.4,2021-05-08,2021-04-12,4 wk ahead inc case,forecast
AT,quantile,0.2,2626,2021-05-08,2021-04-12,4 wk ahead inc case,forecast
AT,quantile,0.25,2902,2021-05-08,2021-04-12,4 wk ahead inc case,forecast
AT,quantile,0.3,3172.4,2021-05-08,2021-04-12,4 wk ahead inc case,forecast
AT,quantile,0.35,3387.3,2021-05-08,2021-04-12,4 wk ahead inc case,forecast
AT,quantile,0.4,3635.2,2021-05-08,2021-04-12,4 wk ahead inc case,forecast
AT,quantile,0.45,3918.75,2021-05-08,2021-04-12,4 wk ahead inc case,forecast
AT,quantile,0.5,4172.5,2021-05-08,2021-04-12,4 wk ahead inc case,forecast
AT,quantile,0.55,4445.7,2021-05-08,2021-04-12,4 wk ahead inc case,forecast
AT,quantile,0.6,4751.8,2021-05-08,2021-04-12,4 wk ahead inc case,forecast
AT,quantile,0.65,5105.1,2021-05-08,2021-04-12,4 wk ahead inc case,forecast
AT,quantile,0.7,5459,2021-05-08,2021-04-12,4 wk ahead inc case,forecast
AT,quantile,0.75,5795.5,2021-05-08,2021-04-12,4 wk ahead inc case,forecast
AT,quantile,0.8,6330.4,2021-05-08,2021-04-12,4 wk ahead inc case,forecast
AT,quantile,0.85,7097.8,2021-05-08,2021-04-12,4 wk ahead inc case,forecast
AT,quantile,0.9,7910.30000000001,2021-05-08,2021-04-12,4 wk ahead inc case,forecast
AT,quantile,0.95,9317.15,2021-05-08,2021-04-12,4 wk ahead inc case,forecast
AT,quantile,0.975,10622.875,2021-05-08,2021-04-12,4 wk ahead inc case,forecast
AT,quantile,0.99,12704.01,2021-05-08,2021-04-12,4 wk ahead inc case,forecast
BE,point,,16300.5,2021-04-17,2021-04-12,1 wk ahead inc case,forecast
BE,quantile,0.01,8117.92,2021-04-17,2021-04-12,1 wk ahead inc case,forecast
BE,quantile,0.025,9331.65,2021-04-17,2021-04-12,1 wk ahead inc case,forecast
BE,quantile,0.05,10252.6,2021-04-17,2021-04-12,1 wk ahead inc case,forecast
BE,quantile,0.1,11329.2,2021-04-17,2021-04-12,1 wk ahead inc case,forecast
BE,quantile,0.15,12138.4,2021-04-17,2021-04-12,1 wk ahead inc case,forecast
BE,quantile,0.2,12808.4,2021-04-17,2021-04-12,1 wk ahead inc case,forecast
BE,quantile,0.25,13476,2021-04-17,2021-04-12,1 wk ahead inc case,forecast
BE,quantile,0.3,14051.8,2021-04-17,2021-04-12,1 wk ahead inc case,forecast
BE,quantile,0.35,14554.45,2021-04-17,2021-04-12,1 wk ahead inc case,forecast
BE,quantile,0.4,15182,2021-04-17,2021-04-12,1 wk ahead inc case,forecast
BE,quantile,0.45,15658.6,2021-04-17,2021-04-12,1 wk ahead inc case,forecast
BE,quantile,0.5,16300.5,2021-04-17,2021-04-12,1 wk ahead inc case,forecast
BE,quantile,0.55,16992.45,2021-04-17,2021-04-12,1 wk ahead inc case,forecast
BE,quantile,0.6,17566.2,2021-04-17,2021-04-12,1 wk ahead inc case,forecast
BE,quantile,0.65,18221,2021-04-17,2021-04-12,1 wk ahead inc case,forecast
BE,quantile,0.7,18926.4,2021-04-17,2021-04-12,1 wk ahead inc case,forecast
BE,quantile,0.75,19703.75,2021-04-17,2021-04-12,1 wk ahead inc case,forecast
BE,quantile,0.8,20846.6,2021-04-17,2021-04-12,1 wk ahead inc case,forecast
BE,quantile,0.85,21993.45,2021-04-17,2021-04-12,1 wk ahead inc case,forecast
BE,quantile,0.9,23502,2021-04-17,2021-04-12,1 wk ahead inc case,forecast
BE,quantile,0.95,26062.1,2021-04-17,2021-04-12,1 wk ahead inc case,forecast
BE,quantile,0.975,28114.1,2021-04-17,2021-04-12,1 wk ahead inc case,forecast
BE,quantile,0.99,29720.53,2021-04-17,2021-04-12,1 wk ahead inc case,forecast
BE,point,,11115.5,2021-04-24,2021-04-12,2 wk ahead inc case,forecast
BE,quantile,0.01,4596.44,2021-04-24,2021-04-12,2 wk ahead inc case,forecast
BE,quantile,0.025,5320.1,2021-04-24,2021-04-12,2 wk ahead inc case,forecast
BE,quantile,0.05,5904.4,2021-04-24,2021-04-12,2 wk ahead inc case,forecast
BE,quantile,0.1,6709,2021-04-24,2021-04-12,2 wk ahead inc case,forecast
BE,quantile,0.15,7336,2021-04-24,2021-04-12,2 wk ahead inc case,forecast
BE,quantile,0.2,7937.6,2021-04-24,2021-04-12,2 wk ahead inc case,forecast
BE,quantile,0.25,8444.5,2021-04-24,2021-04-12,2 wk ahead inc case,forecast
BE,quantile,0.3,9023.8,2021-04-24,2021-04-12,2 wk ahead inc case,forecast
BE,quantile,0.35,9505,2021-04-24,2021-04-12,2 wk ahead inc case,forecast
BE,quantile,0.4,10150.8,2021-04-24,2021-04-12,2 wk ahead inc case,forecast
BE,quantile,0.45,10636.75,2021-04-24,2021-04-12,2 wk ahead inc case,forecast
BE,quantile,0.5,11115.5,2021-04-24,2021-04-12,2 wk ahead inc case,forecast
BE,quantile,0.55,11763.5,2021-04-24,2021-04-12,2 wk ahead inc case,forecast
BE,quantile,0.6,12332.8,2021-04-24,2021-04-12,2 wk ahead inc case,forecast
BE,quantile,0.65,12932.7,2021-04-24,2021-04-12,2 wk ahead inc case,forecast
BE,quantile,0.7,13568.1,2021-04-24,2021-04-12,2 wk ahead inc case,forecast
BE,quantile,0.75,14422.25,2021-04-24,2021-04-12,2 wk ahead inc case,forecast
BE,quantile,0.8,15239.2,2021-04-24,2021-04-12,2 wk ahead inc case,forecast
BE,quantile,0.85,16399.55,2021-04-24,2021-04-12,2 wk ahead inc case,forecast
BE,quantile,0.9,17822.3,2021-04-24,2021-04-12,2 wk ahead inc case,forecast
BE,quantile,0.95,19714.8,2021-04-24,2021-04-12,2 wk ahead inc case,forecast
BE,quantile,0.975,21999.9,2021-04-24,2021-04-12,2 wk ahead inc case,forecast
BE,quantile,0.99,24906.44,2021-04-24,2021-04-12,2 wk ahead inc case,forecast
BE,point,,7506,2021-05-01,2021-04-12,3 wk ahead inc case,forecast
BE,quantile,0.01,1883.59,2021-05-01,2021-04-12,3 wk ahead inc case,forecast
BE,quantile,0.025,2388.65,2021-05-01,2021-04-12,3 wk ahead inc case,forecast
BE,quantile,0.05,2976.75,2021-05-01,2021-04-12,3 wk ahead inc case,forecast
BE,quantile,0.1,3777.4,2021-05-01,2021-04-12,3 wk ahead inc case,forecast
BE,quantile,0.15,4285,2021-05-01,2021-04-12,3 wk ahead inc case,forecast
BE,quantile,0.2,4750.2,2021-05-01,2021-04-12,3 wk ahead inc case,forecast
BE,quantile,0.25,5259,2021-05-01,2021-04-12,3 wk ahead inc case,forecast
BE,quantile,0.3,5776.7,2021-05-01,2021-04-12,3 wk ahead inc case,forecast
BE,quantile,0.35,6236.65,2021-05-01,2021-04-12,3 wk ahead inc case,forecast
BE,quantile,0.4,6648,2021-05-01,2021-04-12,3 wk ahead inc case,forecast
BE,quantile,0.45,7044.25,2021-05-01,2021-04-12,3 wk ahead inc case,forecast
BE,quantile,0.5,7506,2021-05-01,2021-04-12,3 wk ahead inc case,forecast
BE,quantile,0.55,8076.55,2021-05-01,2021-04-12,3 wk ahead inc case,forecast
BE,quantile,0.6,8588.4,2021-05-01,2021-04-12,3 wk ahead inc case,forecast
BE,quantile,0.65,9355.75,2021-05-01,2021-04-12,3 wk ahead inc case,forecast
BE,quantile,0.7,9964,2021-05-01,2021-04-12,3 wk ahead inc case,forecast
BE,quantile,0.75,10477.25,2021-05-01,2021-04-12,3 wk ahead inc case,forecast
BE,quantile,0.8,11175.8,2021-05-01,2021-04-12,3 wk ahead inc case,forecast
BE,quantile,0.85,12129.1,2021-05-01,2021-04-12,3 wk ahead inc case,forecast
BE,quantile,0.9,13912.7,2021-05-01,2021-04-12,3 wk ahead inc case,forecast
BE,quantile,0.95,17112.25,2021-05-01,2021-04-12,3 wk ahead inc case,forecast
BE,quantile,0.975,19570.425,2021-05-01,2021-04-12,3 wk ahead inc case,forecast
BE,quantile,0.99,21702.73,2021-05-01,2021-04-12,3 wk ahead inc case,forecast
BE,point,,4994,2021-05-08,2021-04-12,4 wk ahead inc case,forecast
BE,quantile,0.01,966.53,2021-05-08,2021-04-12,4 wk ahead inc case,forecast
BE,quantile,0.025,1274.8,2021-05-08,2021-04-12,4 wk ahead inc case,forecast
BE,quantile,0.05,1606.8,2021-05-08,2021-04-12,4 wk ahead inc case,forecast
BE,quantile,0.1,2140.7,2021-05-08,2021-04-12,4 wk ahead inc case,forecast
BE,quantile,0.15,2511.85,2021-05-08,2021-04-12,4 wk ahead inc case,forecast
BE,quantile,0.2,2889.4,2021-05-08,2021-04-12,4 wk ahead inc case,forecast
BE,quantile,0.25,3157,2021-05-08,2021-04-12,4 wk ahead inc case,forecast
BE,quantile,0.3,3476.4,2021-05-08,2021-04-12,4 wk ahead inc case,forecast
BE,quantile,0.35,3856.9,2021-05-08,2021-04-12,4 wk ahead inc case,forecast
BE,quantile,0.4,4164.6,2021-05-08,2021-04-12,4 wk ahead inc case,forecast
BE,quantile,0.45,4584.95,2021-05-08,2021-04-12,4 wk ahead inc case,forecast
BE,quantile,0.5,4994,2021-05-08,2021-04-12,4 wk ahead inc case,forecast
BE,quantile,0.55,5527.5,2021-05-08,2021-04-12,4 wk ahead inc case,forecast
BE,quantile,0.6,6055.6,2021-05-08,2021-04-12,4 wk ahead inc case,forecast
BE,quantile,0.65,6527.1,2021-05-08,2021-04-12,4 wk ahead inc case,forecast
BE,quantile,0.7,7124.9,2021-05-08,2021-04-12,4 wk ahead inc case,forecast
BE,quantile,0.75,7997,2021-05-08,2021-04-12,4 wk ahead inc case,forecast
BE,quantile,0.8,8963.8,2021-05-08,2021-04-12,4 wk ahead inc case,forecast
BE,quantile,0.85,9846.85,2021-05-08,2021-04-12,4 wk ahead inc case,forecast
BE,quantile,0.9,11411.6,2021-05-08,2021-04-12,4 wk ahead inc case,forecast
BE,quantile,0.95,13852.9,2021-05-08,2021-04-12,4 wk ahead inc case,forecast
BE,quantile,0.975,16187,2021-05-08,2021-04-12,4 wk ahead inc case,forecast
BE,quantile,0.99,20086.07,2021-05-08,2021-04-12,4 wk ahead inc case,forecast
BG,point,,16000,2021-04-17,2021-04-12,1 wk ahead inc case,forecast
BG,quantile,0.01,8830.36,2021-04-17,2021-04-12,1 wk ahead inc case,forecast
BG,quantile,0.025,9811.925,2021-04-17,2021-04-12,1 wk ahead inc case,forecast
BG,quantile,0.05,10695.3,2021-04-17,2021-04-12,1 wk ahead inc case,forecast
BG,quantile,0.1,11677.8,2021-04-17,2021-04-12,1 wk ahead inc case,forecast
BG,quantile,0.15,12336.8,2021-04-17,2021-04-12,1 wk ahead inc case,forecast
BG,quantile,0.2,12975.4,2021-04-17,2021-04-12,1 wk ahead inc case,forecast
BG,quantile,0.25,13515.5,2021-04-17,2021-04-12,1 wk ahead inc case,forecast
BG,quantile,0.3,14073.1,2021-04-17,2021-04-12,1 wk ahead inc case,forecast
BG,quantile,0.35,14592.95,2021-04-17,2021-04-12,1 wk ahead inc case,forecast
BG,quantile,0.4,15043.4,2021-04-17,2021-04-12,1 wk ahead inc case,forecast
BG,quantile,0.45,15553.55,2021-04-17,2021-04-12,1 wk ahead inc case,forecast
BG,quantile,0.5,16000,2021-04-17,2021-04-12,1 wk ahead inc case,forecast
BG,quantile,0.55,16429.8,2021-04-17,2021-04-12,1 wk ahead inc case,forecast
BG,quantile,0.6,16979.4,2021-04-17,2021-04-12,1 wk ahead inc case,forecast
BG,quantile,0.65,17571.8,2021-04-17,2021-04-12,1 wk ahead inc case,forecast
BG,quantile,0.7,18190.2,2021-04-17,2021-04-12,1 wk ahead inc case,forecast
BG,quantile,0.75,19013.25,2021-04-17,2021-04-12,1 wk ahead inc case,forecast
BG,quantile,0.8,19893.4,2021-04-17,2021-04-12,1 wk ahead inc case,forecast
BG,quantile,0.85,20858.6,2021-04-17,2021-04-12,1 wk ahead inc case,forecast
BG,quantile,0.9,22099.7,2021-04-17,2021-04-12,1 wk ahead inc case,forecast
BG,quantile,0.95,24142.4,2021-04-17,2021-04-12,1 wk ahead inc case,forecast
BG,quantile,0.975,25755.45,2021-04-17,2021-04-12,1 wk ahead inc case,forecast
BG,quantile,0.99,27526.42,2021-04-17,2021-04-12,1 wk ahead inc case,forecast
BG,point,,11876,2021-04-24,2021-04-12,2 wk ahead inc case,forecast
BG,quantile,0.01,5566.88,2021-04-24,2021-04-12,2 wk ahead inc case,forecast
BG,quantile,0.025,6294.65,2021-04-24,2021-04-12,2 wk ahead inc case,forecast
BG,quantile,0.05,7033.9,2021-04-24,2021-04-12,2 wk ahead inc case,forecast
BG,quantile,0.1,7761.7,2021-04-24,2021-04-12,2 wk ahead inc case,forecast
BG,quantile,0.15,8351.7,2021-04-24,2021-04-12,2 wk ahead inc case,forecast
BG,quantile,0.2,8836.6,2021-04-24,2021-04-12,2 wk ahead inc case,forecast
BG,quantile,0.25,9332.75,2021-04-24,2021-04-12,2 wk ahead inc case,forecast
BG,quantile,0.3,9812.4,2021-04-24,2021-04-12,2 wk ahead inc case,forecast
BG,quantile,0.35,10255.65,2021-04-24,2021-04-12,2 wk ahead inc case,forecast
BG,quantile,0.4,10731.6,2021-04-24,2021-04-12,2 wk ahead inc case,forecast
BG,quantile,0.45,11249.95,2021-04-24,2021-04-12,2 wk ahead inc case,forecast
BG,quantile,0.5,11876,2021-04-24,2021-04-12,2 wk ahead inc case,forecast
BG,quantile,0.55,12360.75,2021-04-24,2021-04-12,2 wk ahead inc case,forecast
BG,quantile,0.6,12855.8,2021-04-24,2021-04-12,2 wk ahead inc case,forecast
BG,quantile,0.65,13503.05,2021-04-24,2021-04-12,2 wk ahead inc case,forecast
BG,quantile,0.7,14084.2,2021-04-24,2021-04-12,2 wk ahead inc case,forecast
BG,quantile,0.75,14719.75,2021-04-24,2021-04-12,2 wk ahead inc case,forecast
BG,quantile,0.8,15821.6,2021-04-24,2021-04-12,2 wk ahead inc case,forecast
BG,quantile,0.85,16923.2,2021-04-24,2021-04-12,2 wk ahead inc case,forecast
BG,quantile,0.9,18098.1,2021-04-24,2021-04-12,2 wk ahead inc case,forecast
BG,quantile,0.95,20527.55,2021-04-24,2021-04-12,2 wk ahead inc case,forecast
BG,quantile,0.975,22566.2,2021-04-24,2021-04-12,2 wk ahead inc case,forecast
BG,quantile,0.99,24909.39,2021-04-24,2021-04-12,2 wk ahead inc case,forecast
BG,point,,8580.5,2021-05-01,2021-04-12,3 wk ahead inc case,forecast
BG,quantile,0.01,3292.94,2021-05-01,2021-04-12,3 wk ahead inc case,forecast
BG,quantile,0.025,3750.875,2021-05-01,2021-04-12,3 wk ahead inc case,forecast
BG,quantile,0.05,4354.9,2021-05-01,2021-04-12,3 wk ahead inc case,forecast
BG,quantile,0.1,4937.4,2021-05-01,2021-04-12,3 wk ahead inc case,forecast
BG,quantile,0.15,5497.25,2021-05-01,2021-04-12,3 wk ahead inc case,forecast
BG,quantile,0.2,5886,2021-05-01,2021-04-12,3 wk ahead inc case,forecast
BG,quantile,0.25,6379,2021-05-01,2021-04-12,3 wk ahead inc case,forecast
BG,quantile,0.3,6801.1,2021-05-01,2021-04-12,3 wk ahead inc case,forecast
BG,quantile,0.35,7189.55,2021-05-01,2021-04-12,3 wk ahead inc case,forecast
BG,quantile,0.4,7651.6,2021-05-01,2021-04-12,3 wk ahead inc case,forecast
BG,quantile,0.45,8115.3,2021-05-01,2021-04-12,3 wk ahead inc case,forecast
BG,quantile,0.5,8580.5,2021-05-01,2021-04-12,3 wk ahead inc case,forecast
BG,quantile,0.55,9117.25,2021-05-01,2021-04-12,3 wk ahead inc case,forecast
BG,quantile,0.6,9671,2021-05-01,2021-04-12,3 wk ahead inc case,forecast
BG,quantile,0.65,10387.1,2021-05-01,2021-04-12,3 wk ahead inc case,forecast
BG,quantile,0.7,11063.3,2021-05-01,2021-04-12,3 wk ahead inc case,forecast
BG,quantile,0.75,11934.25,2021-05-01,2021-04-12,3 wk ahead inc case,forecast
BG,quantile,0.8,12894.8,2021-05-01,2021-04-12,3 wk ahead inc case,forecast
BG,quantile,0.85,14050.45,2021-05-01,2021-04-12,3 wk ahead inc case,forecast
BG,quantile,0.9,15762.8,2021-05-01,2021-04-12,3 wk ahead inc case,forecast
BG,quantile,0.95,18072.85,2021-05-01,2021-04-12,3 wk ahead inc case,forecast
BG,quantile,0.975,20567.175,2021-05-01,2021-04-12,3 wk ahead inc case,forecast
BG,quantile,0.99,22870.96,2021-05-01,2021-04-12,3 wk ahead inc case,forecast
BG,point,,6568.5,2021-05-08,2021-04-12,4 wk ahead inc case,forecast
BG,quantile,0.01,1655.89,2021-05-08,2021-04-12,4 wk ahead inc case,forecast
BG,quantile,0.025,2035,2021-05-08,2021-04-12,4 wk ahead inc case,forecast
BG,quantile,0.05,2529.4,2021-05-08,2021-04-12,4 wk ahead inc case,forecast
BG,quantile,0.1,3161.4,2021-05-08,2021-04-12,4 wk ahead inc case,forecast
BG,quantile,0.15,3630.85,2021-05-08,2021-04-12,4 wk ahead inc case,forecast
BG,quantile,0.2,4098,2021-05-08,2021-04-12,4 wk ahead inc case,forecast
BG,quantile,0.25,4514.25,2021-05-08,2021-04-12,4 wk ahead inc case,forecast
BG,quantile,0.3,4908.2,2021-05-08,2021-04-12,4 wk ahead inc case,forecast
BG,quantile,0.35,5334.65,2021-05-08,2021-04-12,4 wk ahead inc case,forecast
BG,quantile,0.4,5660,2021-05-08,2021-04-12,4 wk ahead inc case,forecast
BG,quantile,0.45,6064.85,2021-05-08,2021-04-12,4 wk ahead inc case,forecast
BG,quantile,0.5,6568.5,2021-05-08,2021-04-12,4 wk ahead inc case,forecast
BG,quantile,0.55,7111.05,2021-05-08,2021-04-12,4 wk ahead inc case,forecast
BG,quantile,0.6,7771.6,2021-05-08,2021-04-12,4 wk ahead inc case,forecast
BG,quantile,0.65,8422.35,2021-05-08,2021-04-12,4 wk ahead inc case,forecast
BG,quantile,0.7,9087.2,2021-05-08,2021-04-12,4 wk ahead inc case,forecast
BG,quantile,0.75,9788.25,2021-05-08,2021-04-12,4 wk ahead inc case,forecast
BG,quantile,0.8,10690.8,2021-05-08,2021-04-12,4 wk ahead inc case,forecast
BG,quantile,0.85,11729.45,2021-05-08,2021-04-12,4 wk ahead inc case,forecast
BG,quantile,0.9,13194.4,2021-05-08,2021-04-12,4 wk ahead inc case,forecast
BG,quantile,0.95,15729.25,2021-05-08,2021-04-12,4 wk ahead inc case,forecast
BG,quantile,0.975,18397.75,2021-05-08,2021-04-12,4 wk ahead inc case,forecast
BG,quantile,0.99,21019.93,2021-05-08,2021-04-12,4 wk ahead inc case,forecast
DE,point,,145311,2021-04-17,2021-04-12,1 wk ahead inc case,forecast
DE,quantile,0.01,80129.5,2021-04-17,2021-04-12,1 wk ahead inc case,forecast
DE,quantile,0.025,86650.875,2021-04-17,2021-04-12,1 wk ahead inc case,forecast
DE,quantile,0.05,92990.05,2021-04-17,2021-04-12,1 wk ahead inc case,forecast
DE,quantile,0.1,102680,2021-04-17,2021-04-12,1 wk ahead inc case,forecast
DE,quantile,0.15,110162.5,2021-04-17,2021-04-12,1 wk ahead inc case,forecast
DE,quantile,0.2,115995,2021-04-17,2021-04-12,1 wk ahead inc case,forecast
DE,quantile,0.25,122153,2021-04-17,2021-04-12,1 wk ahead inc case,forecast
DE,quantile,0.3,127461,2021-04-17,2021-04-12,1 wk ahead inc case,forecast
DE,quantile,0.35,132017.3,2021-04-17,2021-04-12,1 wk ahead inc case,forecast
DE,quantile,0.4,136194.4,2021-04-17,2021-04-12,1 wk ahead inc case,forecast
DE,quantile,0.45,140471.05,2021-04-17,2021-04-12,1 wk ahead inc case,forecast
DE,quantile,0.5,145311,2021-04-17,2021-04-12,1 wk ahead inc case,forecast
DE,quantile,0.55,149241.8,2021-04-17,2021-04-12,1 wk ahead inc case,forecast
DE,quantile,0.6,154405,2021-04-17,2021-04-12,1 wk ahead inc case,forecast
DE,quantile,0.65,159980.1,2021-04-17,2021-04-12,1 wk ahead inc case,forecast
DE,quantile,0.7,164868.2,2021-04-17,2021-04-12,1 wk ahead inc case,forecast
DE,quantile,0.75,171391.25,2021-04-17,2021-04-12,1 wk ahead inc case,forecast
DE,quantile,0.8,178082.8,2021-04-17,2021-04-12,1 wk ahead inc case,forecast
DE,quantile,0.85,187384.15,2021-04-17,2021-04-12,1 wk ahead inc case,forecast
DE,quantile,0.9,197605.7,2021-04-17,2021-04-12,1 wk ahead inc case,forecast
DE,quantile,0.95,213085.5,2021-04-17,2021-04-12,1 wk ahead inc case,forecast
DE,quantile,0.975,230304.675,2021-04-17,2021-04-12,1 wk ahead inc case,forecast
DE,quantile,0.99,248832.66,2021-04-17,2021-04-12,1 wk ahead inc case,forecast
DE,point,,166302.5,2021-04-24,2021-04-12,2 wk ahead inc case,forecast
DE,quantile,0.01,74113.31,2021-04-24,2021-04-12,2 wk ahead inc case,forecast
DE,quantile,0.025,84221.375,2021-04-24,2021-04-12,2 wk ahead inc case,forecast
DE,quantile,0.05,94917.05,2021-04-24,2021-04-12,2 wk ahead inc case,forecast
DE,quantile,0.1,105009.4,2021-04-24,2021-04-12,2 wk ahead inc case,forecast
DE,quantile,0.15,114299.8,2021-04-24,2021-04-12,2 wk ahead inc case,forecast
DE,quantile,0.2,123638.4,2021-04-24,2021-04-12,2 wk ahead inc case,forecast
DE,quantile,0.25,130964.5,2021-04-24,2021-04-12,2 wk ahead inc case,forecast
DE,quantile,0.3,137030.3,2021-04-24,2021-04-12,2 wk ahead inc case,forecast
DE,quantile,0.35,143850.15,2021-04-24,2021-04-12,2 wk ahead inc case,forecast
DE,quantile,0.4,151263.4,2021-04-24,2021-04-12,2 wk ahead inc case,forecast
DE,quantile,0.45,159258.15,2021-04-24,2021-04-12,2 wk ahead inc case,forecast
DE,quantile,0.5,166302.5,2021-04-24,2021-04-12,2 wk ahead inc case,forecast
DE,quantile,0.55,172742.15,2021-04-24,2021-04-12,2 wk ahead inc case,forecast
DE,quantile,0.6,179312.2,2021-04-24,2021-04-12,2 wk ahead inc case,forecast
DE,quantile,0.65,186226.5,2021-04-24,2021-04-12,2 wk ahead inc case,forecast
DE,quantile,0.7,193786.6,2021-04-24,2021-04-12,2 wk ahead inc case,forecast
DE,quantile,0.75,201965,2021-04-24,2021-04-12,2 wk ahead inc case,forecast
DE,quantile,0.8,210455.6,2021-04-24,2021-04-12,2 wk ahead inc case,forecast
DE,quantile,0.85,221706.3,2021-04-24,2021-04-12,2 wk ahead inc case,forecast
DE,quantile,0.9,234857.2,2021-04-24,2021-04-12,2 wk ahead inc case,forecast
DE,quantile,0.95,254616.4,2021-04-24,2021-04-12,2 wk ahead inc case,forecast
DE,quantile,0.975,276940.2,2021-04-24,2021-04-12,2 wk ahead inc case,forecast
DE,quantile,0.99,304390.68,2021-04-24,2021-04-12,2 wk ahead inc case,forecast
DE,point,,168620,2021-05-01,2021-04-12,3 wk ahead inc case,forecast
DE,quantile,0.01,59732.24,2021-05-01,2021-04-12,3 wk ahead inc case,forecast
DE,quantile,0.025,72050.125,2021-05-01,2021-04-12,3 wk ahead inc case,forecast
DE,quantile,0.05,79247.6,2021-05-01,2021-04-12,3 wk ahead inc case,forecast
DE,quantile,0.1,94627.5,2021-05-01,2021-04-12,3 wk ahead inc case,forecast
DE,quantile,0.15,106068.85,2021-05-01,2021-04-12,3 wk ahead inc case,forecast
DE,quantile,0.2,116314.6,2021-05-01,2021-04-12,3 wk ahead inc case,forecast
DE,quantile,0.25,127299.5,2021-05-01,2021-04-12,3 wk ahead inc case,forecast
DE,quantile,0.3,136206.8,2021-05-01,2021-04-12,3 wk ahead inc case,forecast
DE,quantile,0.35,144102.3,2021-05-01,2021-04-12,3 wk ahead inc case,forecast
DE,quantile,0.4,153234.6,2021-05-01,2021-04-12,3 wk ahead inc case,forecast
DE,quantile,0.45,161435.55,2021-05-01,2021-04-12,3 wk ahead inc case,forecast
DE,quantile,0.5,168620,2021-05-01,2021-04-12,3 wk ahead inc case,forecast
DE,quantile,0.55,177518,2021-05-01,2021-04-12,3 wk ahead inc case,forecast
DE,quantile,0.6,185409.2,2021-05-01,2021-04-12,3 wk ahead inc case,forecast
DE,quantile,0.65,193617.45,2021-05-01,2021-04-12,3 wk ahead inc case,forecast
DE,quantile,0.7,202984.3,2021-05-01,2021-04-12,3 wk ahead inc case,forecast
DE,quantile,0.75,214376.5,2021-05-01,2021-04-12,3 wk ahead inc case,forecast
DE,quantile,0.8,226770.6,2021-05-01,2021-04-12,3 wk ahead inc case,forecast
DE,quantile,0.85,241553.25,2021-05-01,2021-04-12,3 wk ahead inc case,forecast
DE,quantile,0.9,256809,2021-05-01,2021-04-12,3 wk ahead inc case,forecast
DE,quantile,0.95,279956.15,2021-05-01,2021-04-12,3 wk ahead inc case,forecast
DE,quantile,0.975,307692.1,2021-05-01,2021-04-12,3 wk ahead inc case,forecast
DE,quantile,0.99,338374.34,2021-05-01,2021-04-12,3 wk ahead inc case,forecast
DE,point,,161648.5,2021-05-08,2021-04-12,4 wk ahead inc case,forecast
DE,quantile,0.01,39686.76,2021-05-08,2021-04-12,4 wk ahead inc case,forecast
DE,quantile,0.025,51679.325,2021-05-08,2021-04-12,4 wk ahead inc case,forecast
DE,quantile,0.05,62576.65,2021-05-08,2021-04-12,4 wk ahead inc case,forecast
DE,quantile,0.1,75907.6,2021-05-08,2021-04-12,4 wk ahead inc case,forecast
DE,quantile,0.15,89471.9,2021-05-08,2021-04-12,4 wk ahead inc case,forecast
DE,quantile,0.2,100921,2021-05-08,2021-04-12,4 wk ahead inc case,forecast
DE,quantile,0.25,113061,2021-05-08,2021-04-12,4 wk ahead inc case,forecast
DE,quantile,0.3,122079.6,2021-05-08,2021-04-12,4 wk ahead inc case,forecast
DE,quantile,0.35,131969.7,2021-05-08,2021-04-12,4 wk ahead inc case,forecast
DE,quantile,0.4,141563.6,2021-05-08,2021-04-12,4 wk ahead inc case,forecast
DE,quantile,0.45,152083.1,2021-05-08,2021-04-12,4 wk ahead inc case,forecast
DE,quantile,0.5,161648.5,2021-05-08,2021-04-12,4 wk ahead inc case,forecast
DE,quantile,0.55,169469.35,2021-05-08,2021-04-12,4 wk ahead inc case,forecast
DE,quantile,0.6,182020,2021-05-08,2021-04-12,4 wk ahead inc case,forecast
DE,quantile,0.65,191740.4,2021-05-08,2021-04-12,4 wk ahead inc case,forecast
DE,quantile,0.7,202707.6,2021-05-08,2021-04-12,4 wk ahead inc case,forecast
DE,quantile,0.75,214246,2021-05-08,2021-04-12,4 wk ahead inc case,forecast
DE,quantile,0.8,227651.6,2021-05-08,2021-04-12,4 wk ahead inc case,forecast
DE,quantile,0.85,245174.75,2021-05-08,2021-04-12,4 wk ahead inc case,forecast
DE,quantile,0.9,264467.9,2021-05-08,2021-04-12,4 wk ahead inc case,forecast
DE,quantile,0.95,296662.15,2021-05-08,2021-04-12,4 wk ahead inc case,forecast
DE,quantile,0.975,323112.675,2021-05-08,2021-04-12,4 wk ahead inc case,forecast
DE,quantile,0.99,367057.22,2021-05-08,2021-04-12,4 wk ahead inc case,forecast
GB,point,,14890,2021-04-17,2021-04-12,1 wk ahead inc case,forecast
GB,quantile,0.01,9347.04,2021-04-17,2021-04-12,1 wk ahead inc case,forecast
GB,quantile,0.025,10093.85,2021-04-17,2021-04-12,1 wk ahead inc case,forecast
GB,quantile,0.05,10610.65,2021-04-17,2021-04-12,1 wk ahead inc case,forecast
GB,quantile,0.1,11588.2,2021-04-17,2021-04-12,1 wk ahead inc case,forecast
GB,quantile,0.15,12091.55,2021-04-17,2021-04-12,1 wk ahead inc case,forecast
GB,quantile,0.2,12667.4,2021-04-17,2021-04-12,1 wk ahead inc case,forecast
GB,quantile,0.25,13082.25,2021-04-17,2021-04-12,1 wk ahead inc case,forecast
GB,quantile,0.3,13460.7,2021-04-17,2021-04-12,1 wk ahead inc case,forecast
GB,quantile,0.35,13792,2021-04-17,2021-04-12,1 wk ahead inc case,forecast
GB,quantile,0.4,14118.8,2021-04-17,2021-04-12,1 wk ahead inc case,forecast
GB,quantile,0.45,14583.4,2021-04-17,2021-04-12,1 wk ahead inc case,forecast
GB,quantile,0.5,14890,2021-04-17,2021-04-12,1 wk ahead inc case,forecast
GB,quantile,0.55,15170.05,2021-04-17,2021-04-12,1 wk ahead inc case,forecast
GB,quantile,0.6,15614.4,2021-04-17,2021-04-12,1 wk ahead inc case,forecast
GB,quantile,0.65,16057.9,2021-04-17,2021-04-12,1 wk ahead inc case,forecast
GB,quantile,0.7,16441.6,2021-04-17,2021-04-12,1 wk ahead inc case,forecast
GB,quantile,0.75,16967,2021-04-17,2021-04-12,1 wk ahead inc case,forecast
GB,quantile,0.8,17607.2,2021-04-17,2021-04-12,1 wk ahead inc case,forecast
GB,quantile,0.85,18384.3,2021-04-17,2021-04-12,1 wk ahead inc case,forecast
GB,quantile,0.9,19385.6,2021-04-17,2021-04-12,1 wk ahead inc case,forecast
GB,quantile,0.95,20711.1,2021-04-17,2021-04-12,1 wk ahead inc case,forecast
GB,quantile,0.975,22546.025,2021-04-17,2021-04-12,1 wk ahead inc case,forecast
GB,quantile,0.99,23960.23,2021-04-17,2021-04-12,1 wk ahead inc case,forecast
GB,point,,12122.5,2021-04-24,2021-04-12,2 wk ahead inc case,forecast
GB,quantile,0.01,6939.75,2021-04-24,2021-04-12,2 wk ahead inc case,forecast
GB,quantile,0.025,7740.525,2021-04-24,2021-04-12,2 wk ahead inc case,forecast
GB,quantile,0.05,8332,2021-04-24,2021-04-12,2 wk ahead inc case,forecast
GB,quantile,0.1,8935.8,2021-04-24,2021-04-12,2 wk ahead inc case,forecast
GB,quantile,0.15,9511.4,2021-04-24,2021-04-12,2 wk ahead inc case,forecast
GB,quantile,0.2,10016.2,2021-04-24,2021-04-12,2 wk ahead inc case,forecast
GB,quantile,0.25,10467.5,2021-04-24,2021-04-12,2 wk ahead inc case,forecast
GB,quantile,0.3,10875.6,2021-04-24,2021-04-12,2 wk ahead inc case,forecast
GB,quantile,0.35,11213.65,2021-04-24,2021-04-12,2 wk ahead inc case,forecast
GB,quantile,0.4,11504.4,2021-04-24,2021-04-12,2 wk ahead inc case,forecast
GB,quantile,0.45,11834,2021-04-24,2021-04-12,2 wk ahead inc case,forecast
GB,quantile,0.5,12122.5,2021-04-24,2021-04-12,2 wk ahead inc case,forecast
GB,quantile,0.55,12404,2021-04-24,2021-04-12,2 wk ahead inc case,forecast
GB,quantile,0.6,12674.8,2021-04-24,2021-04-12,2 wk ahead inc case,forecast
GB,quantile,0.65,13129.55,2021-04-24,2021-04-12,2 wk ahead inc case,forecast
GB,quantile,0.7,13560,2021-04-24,2021-04-12,2 wk ahead inc case,forecast
GB,quantile,0.75,13943.75,2021-04-24,2021-04-12,2 wk ahead inc case,forecast
GB,quantile,0.8,14502.4,2021-04-24,2021-04-12,2 wk ahead inc case,forecast
GB,quantile,0.85,15136.05,2021-04-24,2021-04-12,2 wk ahead inc case,forecast
GB,quantile,0.9,16090.4,2021-04-24,2021-04-12,2 wk ahead inc case,forecast
GB,quantile,0.95,17269.75,2021-04-24,2021-04-12,2 wk ahead inc case,forecast
GB,quantile,0.975,18559.425,2021-04-24,2021-04-12,2 wk ahead inc case,forecast
GB,quantile,0.99,19242.53,2021-04-24,2021-04-12,2 wk ahead inc case,forecast
GB,point,,10270,2021-05-01,2021-04-12,3 wk ahead inc case,forecast
GB,quantile,0.01,5537.81,2021-05-01,2021-04-12,3 wk ahead inc case,forecast
GB,quantile,0.025,6081.625,2021-05-01,2021-04-12,3 wk ahead inc case,forecast
GB,quantile,0.05,6522.8,2021-05-01,2021-04-12,3 wk ahead inc case,forecast
GB,quantile,0.1,7135.2,2021-05-01,2021-04-12,3 wk ahead inc case,forecast
GB,quantile,0.15,7668.15,2021-05-01,2021-04-12,3 wk ahead inc case,forecast
GB,quantile,0.2,8158.2,2021-05-01,2021-04-12,3 wk ahead inc case,forecast
GB,quantile,0.25,8589,2021-05-01,2021-04-12,3 wk ahead inc case,forecast
GB,quantile,0.3,8982.7,2021-05-01,2021-04-12,3 wk ahead inc case,forecast
GB,quantile,0.35,9375.3,2021-05-01,2021-04-12,3 wk ahead inc case,forecast
GB,quantile,0.4,9653.8,2021-05-01,2021-04-12,3 wk ahead inc case,forecast
GB,quantile,0.45,9949.05,2021-05-01,2021-04-12,3 wk ahead inc case,forecast
GB,quantile,0.5,10270,2021-05-01,2021-04-12,3 wk ahead inc case,forecast
GB,quantile,0.55,10611.9,2021-05-01,2021-04-12,3 wk ahead inc case,forecast
GB,quantile,0.6,11028.4,2021-05-01,2021-04-12,3 wk ahead inc case,forecast
GB,quantile,0.65,11437.05,2021-05-01,2021-04-12,3 wk ahead inc case,forecast
GB,quantile,0.7,11812.7,2021-05-01,2021-04-12,3 wk ahead inc case,forecast
GB,quantile,0.75,12236.5,2021-05-01,2021-04-12,3 wk ahead inc case,forecast
GB,quantile,0.8,12827.2,2021-05-01,2021-04-12,3 wk ahead inc case,forecast
GB,quantile,0.85,13493.9,2021-05-01,2021-04-12,3 wk ahead inc case,forecast
GB,quantile,0.9,14364.5,2021-05-01,2021-04-12,3 wk ahead inc case,forecast
GB,quantile,0.95,15789.6,2021-05-01,2021-04-12,3 wk ahead inc case,forecast
GB,quantile,0.975,16763.275,2021-05-01,2021-04-12,3 wk ahead inc case,forecast
GB,quantile,0.99,18431.25,2021-05-01,2021-04-12,3 wk ahead inc case,forecast
GB,point,,8876,2021-05-08,2021-04-12,4 wk ahead inc case,forecast
GB,quantile,0.01,3997.97,2021-05-08,2021-04-12,4 wk ahead inc case,forecast
GB,quantile,0.025,4547.875,2021-05-08,2021-04-12,4 wk ahead inc case,forecast
GB,quantile,0.05,5210.35,2021-05-08,2021-04-12,4 wk ahead inc case,forecast
GB,quantile,0.1,5867.3,2021-05-08,2021-04-12,4 wk ahead inc case,forecast
GB,quantile,0.15,6304,2021-05-08,2021-04-12,4 wk ahead inc case,forecast
GB,quantile,0.2,6622.4,2021-05-08,2021-04-12,4 wk ahead inc case,forecast
GB,quantile,0.25,7051,2021-05-08,2021-04-12,4 wk ahead inc case,forecast
GB,quantile,0.3,7331.5,2021-05-08,2021-04-12,4 wk ahead inc case,forecast
GB,quantile,0.35,7699.3,2021-05-08,2021-04-12,4 wk ahead inc case,forecast
GB,quantile,0.4,8017.6,2021-05-08,2021-04-12,4 wk ahead inc case,forecast
GB,quantile,0.45,8387.85,2021-05-08,2021-04-12,4 wk ahead inc case,forecast
GB,quantile,0.5,8876,2021-05-08,2021-04-12,4 wk ahead inc case,forecast
GB,quantile,0.55,9329.25,2021-05-08,2021-04-12,4 wk ahead inc case,forecast
GB,quantile,0.6,9697.4,2021-05-08,2021-04-12,4 wk ahead inc case,forecast
GB,quantile,0.65,10144.1,2021-05-08,2021-04-12,4 wk ahead inc case,forecast
GB,quantile,0.7,10547.6,2021-05-08,2021-04-12,4 wk ahead inc case,forecast
GB,quantile,0.75,11012,2021-05-08,2021-04-12,4 wk ahead inc case,forecast
GB,quantile,0.8,11584.2,2021-05-08,2021-04-12,4 wk ahead inc case,forecast
GB,quantile,0.85,12392.6,2021-05-08,2021-04-12,4 wk ahead inc case,forecast
GB,quantile,0.9,13268.9,2021-05-08,2021-04-12,4 wk ahead inc case,forecast
GB,quantile,0.95,15047.55,2021-05-08,2021-04-12,4 wk ahead inc case,forecast
GB,quantile,0.975,16189.1,2021-05-08,2021-04-12,4 wk ahead inc case,forecast
GB,quantile,0.99,17672.67,2021-05-08,2021-04-12,4 wk ahead inc case,forecast
PL,point,,112789,2021-04-17,2021-04-12,1 wk ahead inc case,forecast
PL,quantile,0.01,75544.32,2021-04-17,2021-04-12,1 wk ahead inc case,forecast
PL,quantile,0.025,78992.7,2021-04-17,2021-04-12,1 wk ahead inc case,forecast
PL,quantile,0.05,84075.25,2021-04-17,2021-04-12,1 wk ahead inc case,forecast
PL,quantile,0.1,89733.5,2021-04-17,2021-04-12,1 wk ahead inc case,forecast
PL,quantile,0.15,94272.75,2021-04-17,2021-04-12,1 wk ahead inc case,forecast
PL,quantile,0.2,98875.8,2021-04-17,2021-04-12,1 wk ahead inc case,forecast
PL,quantile,0.25,101376.25,2021-04-17,2021-04-12,1 wk ahead inc case,forecast
PL,quantile,0.3,104182.1,2021-04-17,2021-04-12,1 wk ahead inc case,forecast
PL,quantile,0.35,106175.95,2021-04-17,2021-04-12,1 wk ahead inc case,forecast
PL,quantile,0.4,108434.4,2021-04-17,2021-04-12,1 wk ahead inc case,forecast
PL,quantile,0.45,110261.5,2021-04-17,2021-04-12,1 wk ahead inc case,forecast
PL,quantile,0.5,112789,2021-04-17,2021-04-12,1 wk ahead inc case,forecast
PL,quantile,0.55,115646.75,2021-04-17,2021-04-12,1 wk ahead inc case,forecast
PL,quantile,0.6,118064,2021-04-17,2021-04-12,1 wk ahead inc case,forecast
PL,quantile,0.65,120923.85,2021-04-17,2021-04-12,1 wk ahead inc case,forecast
PL,quantile,0.7,123585.9,2021-04-17,2021-04-12,1 wk ahead inc case,forecast
PL,quantile,0.75,126670.75,2021-04-17,2021-04-12,1 wk ahead inc case,forecast
PL,quantile,0.8,130123.2,2021-04-17,2021-04-12,1 wk ahead inc case,forecast
PL,quantile,0.85,134847.45,2021-04-17,2021-04-12,1 wk ahead inc case,forecast
PL,quantile,0.9,140799.4,2021-04-17,2021-04-12,1 wk ahead inc case,forecast
PL,quantile,0.95,147957.7,2021-04-17,2021-04-12,1 wk ahead inc case,forecast
PL,quantile,0.975,155702.55,2021-04-17,2021-04-12,1 wk ahead inc case,forecast
PL,quantile,0.99,162656.94,2021-04-17,2021-04-12,1 wk ahead inc case,forecast
PL,point,,89535.5,2021-04-24,2021-04-12,2 wk ahead inc case,forecast
PL,quantile,0.01,38393.39,2021-04-24,2021-04-12,2 wk ahead inc case,forecast
PL,quantile,0.025,43402.15,2021-04-24,2021-04-12,2 wk ahead inc case,forecast
PL,quantile,0.05,48810.55,2021-04-24,2021-04-12,2 wk ahead inc case,forecast
PL,quantile,0.1,55952.9,2021-04-24,2021-04-12,2 wk ahead inc case,forecast
PL,quantile,0.15,61665.4,2021-04-24,2021-04-12,2 wk ahead inc case,forecast
PL,quantile,0.2,66373.2,2021-04-24,2021-04-12,2 wk ahead inc case,forecast
PL,quantile,0.25,70786,2021-04-24,2021-04-12,2 wk ahead inc case,forecast
PL,quantile,0.3,74691.5,2021-04-24,2021-04-12,2 wk ahead inc case,forecast
PL,quantile,0.35,78054.9,2021-04-24,2021-04-12,2 wk ahead inc case,forecast
PL,quantile,0.4,81728.2,2021-04-24,2021-04-12,2 wk ahead inc case,forecast
PL,quantile,0.45,85731,2021-04-24,2021-04-12,2 wk ahead inc case,forecast
PL,quantile,0.5,89535.5,2021-04-24,2021-04-12,2 wk ahead inc case,forecast
PL,quantile,0.55,93353.9,2021-04-24,2021-04-12,2 wk ahead inc case,forecast
PL,quantile,0.6,97355,2021-04-24,2021-04-12,2 wk ahead inc case,forecast
PL,quantile,0.65,101977.75,2021-04-24,2021-04-12,2 wk ahead inc case,forecast
PL,quantile,0.7,105444.3,2021-04-24,2021-04-12,2 wk ahead inc case,forecast
PL,quantile,0.75,110076.75,2021-04-24,2021-04-12,2 wk ahead inc case,forecast
PL,quantile,0.8,115256.4,2021-04-24,2021-04-12,2 wk ahead inc case,forecast
PL,quantile,0.85,121819.55,2021-04-24,2021-04-12,2 wk ahead inc case,forecast
PL,quantile,0.9,129234.3,2021-04-24,2021-04-12,2 wk ahead inc case,forecast
PL,quantile,0.95,140581.85,2021-04-24,2021-04-12,2 wk ahead inc case,forecast
PL,quantile,0.975,152690.65,2021-04-24,2021-04-12,2 wk ahead inc case,forecast
PL,quantile,0.99,170946.14,2021-04-24,2021-04-12,2 wk ahead inc case,forecast
PL,point,,71654,2021-05-01,2021-04-12,3 wk ahead inc case,forecast
PL,quantile,0.01,17532.68,2021-05-01,2021-04-12,3 wk ahead inc case,forecast
PL,quantile,0.025,22149.075,2021-05-01,2021-04-12,3 wk ahead inc case,forecast
PL,quantile,0.05,26319.4,2021-05-01,2021-04-12,3 wk ahead inc case,forecast
PL,quantile,0.1,33027.7,2021-05-01,2021-04-12,3 wk ahead inc case,forecast
PL,quantile,0.15,38405.2,2021-05-01,2021-04-12,3 wk ahead inc case,forecast
PL,quantile,0.2,44102,2021-05-01,2021-04-12,3 wk ahead inc case,forecast
PL,quantile,0.25,48535.5,2021-05-01,2021-04-12,3 wk ahead inc case,forecast
PL,quantile,0.3,52981.8,2021-05-01,2021-04-12,3 wk ahead inc case,forecast
PL,quantile,0.35,57760.7,2021-05-01,2021-04-12,3 wk ahead inc case,forecast
PL,quantile,0.4,62352.6,2021-05-01,2021-04-12,3 wk ahead inc case,forecast
PL,quantile,0.45,67052.85,2021-05-01,2021-04-12,3 wk ahead inc case,forecast
PL,quantile,0.5,71654,2021-05-01,2021-04-12,3 wk ahead inc case,forecast
PL,quantile,0.55,76139,2021-05-01,2021-04-12,3 wk ahead inc case,forecast
PL,quantile,0.6,81357.8,2021-05-01,2021-04-12,3 wk ahead inc case,forecast
PL,quantile,0.65,86524.65,2021-05-01,2021-04-12,3 wk ahead inc case,forecast
PL,quantile,0.7,92133.5,2021-05-01,2021-04-12,3 wk ahead inc case,forecast
PL,quantile,0.75,98220.75,2021-05-01,2021-04-12,3 wk ahead inc case,forecast
PL,quantile,0.8,104817.6,2021-05-01,2021-04-12,3 wk ahead inc case,forecast
PL,quantile,0.85,113832.8,2021-05-01,2021-04-12,3 wk ahead inc case,forecast
PL,quantile,0.9,123319,2021-05-01,2021-04-12,3 wk ahead inc case,forecast
PL,quantile,0.95,140907.45,2021-05-01,2021-04-12,3 wk ahead inc case,forecast
PL,quantile,0.975,159088.3,2021-05-01,2021-04-12,3 wk ahead inc case,forecast
PL,quantile,0.99,179641.99,2021-05-01,2021-04-12,3 wk ahead inc case,forecast
PL,point,,58335.5,2021-05-08,2021-04-12,4 wk ahead inc case,forecast
PL,quantile,0.01,7552.22,2021-05-08,2021-04-12,4 wk ahead inc case,forecast
PL,quantile,0.025,10305.275,2021-05-08,2021-04-12,4 wk ahead inc case,forecast
PL,quantile,0.05,13806.55,2021-05-08,2021-04-12,4 wk ahead inc case,forecast
PL,quantile,0.1,19038.7,2021-05-08,2021-04-12,4 wk ahead inc case,forecast
PL,quantile,0.15,24016.2,2021-05-08,2021-04-12,4 wk ahead inc case,forecast
PL,quantile,0.2,28929.2,2021-05-08,2021-04-12,4 wk ahead inc case,forecast
PL,quantile,0.25,33582.75,2021-05-08,2021-04-12,4 wk ahead inc case,forecast
PL,quantile,0.3,38268.4,2021-05-08,2021-04-12,4 wk ahead inc case,forecast
PL,quantile,0.35,43428.25,2021-05-08,2021-04-12,4 wk ahead inc case,forecast
PL,quantile,0.4,48203.8,2021-05-08,2021-04-12,4 wk ahead inc case,forecast
PL,quantile,0.45,53765.35,2021-05-08,2021-04-12,4 wk ahead inc case,forecast
PL,quantile,0.5,58335.5,2021-05-08,2021-04-12,4 wk ahead inc case,forecast
PL,quantile,0.55,63481.25,2021-05-08,2021-04-12,4 wk ahead inc case,forecast
PL,quantile,0.6,69103.4,2021-05-08,2021-04-12,4 wk ahead inc case,forecast
PL,quantile,0.65,75790.35,2021-05-08,2021-04-12,4 wk ahead inc case,forecast
PL,quantile,0.7,82261.6,2021-05-08,2021-04-12,4 wk ahead inc case,forecast
PL,quantile,0.75,89347.25,2021-05-08,2021-04-12,4 wk ahead inc case,forecast
PL,quantile,0.8,97794.6,2021-05-08,2021-04-12,4 wk ahead inc case,forecast
PL,quantile,0.85,107657.2,2021-05-08,2021-04-12,4 wk ahead inc case,forecast
PL,quantile,0.9,122007.2,2021-05-08,2021-04-12,4 wk ahead inc case,forecast
PL,quantile,0.95,139897,2021-05-08,2021-04-12,4 wk ahead inc case,forecast
PL,quantile,0.975,165281.8,2021-05-08,2021-04-12,4 wk ahead inc case,forecast
PL,quantile,0.99,192132.45,2021-05-08,2021-04-12,4 wk ahead inc case,forecast
AT,point,,212,2021-04-17,2021-04-12,1 wk ahead inc death,forecast
AT,quantile,0.01,147,2021-04-17,2021-04-12,1 wk ahead inc death,forecast
AT,quantile,0.025,159,2021-04-17,2021-04-12,1 wk ahead inc death,forecast
AT,quantile,0.05,168,2021-04-17,2021-04-12,1 wk ahead inc death,forecast
AT,quantile,0.1,177,2021-04-17,2021-04-12,1 wk ahead inc death,forecast
AT,quantile,0.15,183,2021-04-17,2021-04-12,1 wk ahead inc death,forecast
AT,quantile,0.2,188,2021-04-17,2021-04-12,1 wk ahead inc death,forecast
AT,quantile,0.25,193,2021-04-17,2021-04-12,1 wk ahead inc death,forecast
AT,quantile,0.3,197,2021-04-17,2021-04-12,1 wk ahead inc death,forecast
AT,quantile,0.35,201,2021-04-17,2021-04-12,1 wk ahead inc death,forecast
AT,quantile,0.4,204,2021-04-17,2021-04-12,1 wk ahead inc death,forecast
AT,quantile,0.45,208,2021-04-17,2021-04-12,1 wk ahead inc death,forecast
AT,quantile,0.5,212,2021-04-17,2021-04-12,1 wk ahead inc death,forecast
AT,quantile,0.55,214,2021-04-17,2021-04-12,1 wk ahead inc death,forecast
AT,quantile,0.6,218,2021-04-17,2021-04-12,1 wk ahead inc death,forecast
AT,quantile,0.65,222,2021-04-17,2021-04-12,1 wk ahead inc death,forecast
AT,quantile,0.7,227,2021-04-17,2021-04-12,1 wk ahead inc death,forecast
AT,quantile,0.75,232,2021-04-17,2021-04-12,1 wk ahead inc death,forecast
AT,quantile,0.8,236,2021-04-17,2021-04-12,1 wk ahead inc death,forecast
AT,quantile,0.85,244.15,2021-04-17,2021-04-12,1 wk ahead inc death,forecast
AT,quantile,0.9,252,2021-04-17,2021-04-12,1 wk ahead inc death,forecast
AT,quantile,0.95,265,2021-04-17,2021-04-12,1 wk ahead inc death,forecast
AT,quantile,0.975,275.025,2021-04-17,2021-04-12,1 wk ahead inc death,forecast
AT,quantile,0.99,291,2021-04-17,2021-04-12,1 wk ahead inc death,forecast
AT,point,,187,2021-04-24,2021-04-12,2 wk ahead inc death,forecast
AT,quantile,0.01,110.96,2021-04-24,2021-04-12,2 wk ahead inc death,forecast
AT,quantile,0.025,122,2021-04-24,2021-04-12,2 wk ahead inc death,forecast
AT,quantile,0.05,130.95,2021-04-24,2021-04-12,2 wk ahead inc death,forecast
AT,quantile,0.1,143,2021-04-24,2021-04-12,2 wk ahead inc death,forecast
AT,quantile,0.15,151,2021-04-24,2021-04-12,2 wk ahead inc death,forecast
AT,quantile,0.2,158,2021-04-24,2021-04-12,2 wk ahead inc death,forecast
AT,quantile,0.25,163,2021-04-24,2021-04-12,2 wk ahead inc death,forecast
AT,quantile,0.3,169,2021-04-24,2021-04-12,2 wk ahead inc death,forecast
AT,quantile,0.35,174,2021-04-24,2021-04-12,2 wk ahead inc death,forecast
AT,quantile,0.4,178,2021-04-24,2021-04-12,2 wk ahead inc death,forecast
AT,quantile,0.45,182,2021-04-24,2021-04-12,2 wk ahead inc death,forecast
AT,quantile,0.5,187,2021-04-24,2021-04-12,2 wk ahead inc death,forecast
AT,quantile,0.55,192,2021-04-24,2021-04-12,2 wk ahead inc death,forecast
AT,quantile,0.6,196.4,2021-04-24,2021-04-12,2 wk ahead inc death,forecast
AT,quantile,0.65,203,2021-04-24,2021-04-12,2 wk ahead inc death,forecast
AT,quantile,0.7,207,2021-04-24,2021-04-12,2 wk ahead inc death,forecast
AT,quantile,0.75,214,2021-04-24,2021-04-12,2 wk ahead inc death,forecast
AT,quantile,0.8,224,2021-04-24,2021-04-12,2 wk ahead inc death,forecast
AT,quantile,0.85,230,2021-04-24,2021-04-12,2 wk ahead inc death,forecast
AT,quantile,0.9,242,2021-04-24,2021-04-12,2 wk ahead inc death,forecast
AT,quantile,0.95,261,2021-04-24,2021-04-12,2 wk ahead inc death,forecast
AT,quantile,0.975,276.025,2021-04-24,2021-04-12,2 wk ahead inc death,forecast
AT,quantile,0.99,296.08,2021-04-24,2021-04-12,2 wk ahead inc death,forecast
AT,point,,149,2021-05-01,2021-04-12,3 wk ahead inc death,forecast
AT,quantile,0.01,64,2021-05-01,2021-04-12,3 wk ahead inc death,forecast
AT,quantile,0.025,77,2021-05-01,2021-04-12,3 wk ahead inc death,forecast
AT,quantile,0.05,85,2021-05-01,2021-04-12,3 wk ahead inc death,forecast
AT,quantile,0.1,99,2021-05-01,2021-04-12,3 wk ahead inc death,forecast
AT,quantile,0.15,106,2021-05-01,2021-04-12,3 wk ahead inc death,forecast
AT,quantile,0.2,114,2021-05-01,2021-04-12,3 wk ahead inc death,forecast
AT,quantile,0.25,120,2021-05-01,2021-04-12,3 wk ahead inc death,forecast
AT,quantile,0.3,126.7,2021-05-01,2021-04-12,3 wk ahead inc death,forecast
AT,quantile,0.35,132,2021-05-01,2021-04-12,3 wk ahead inc death,forecast
AT,quantile,0.4,138,2021-05-01,2021-04-12,3 wk ahead inc death,forecast
AT,quantile,0.45,144,2021-05-01,2021-04-12,3 wk ahead inc death,forecast
AT,quantile,0.5,149,2021-05-01,2021-04-12,3 wk ahead inc death,forecast
AT,quantile,0.55,154,2021-05-01,2021-04-12,3 wk ahead inc death,forecast
AT,quantile,0.6,159,2021-05-01,2021-04-12,3 wk ahead inc death,forecast
AT,quantile,0.65,164.35,2021-05-01,2021-04-12,3 wk ahead inc death,forecast
AT,quantile,0.7,170,2021-05-01,2021-04-12,3 wk ahead inc death,forecast
AT,quantile,0.75,178,2021-05-01,2021-04-12,3 wk ahead inc death,forecast
AT,quantile,0.8,185,2021-05-01,2021-04-12,3 wk ahead inc death,forecast
AT,quantile,0.85,194,2021-05-01,2021-04-12,3 wk ahead inc death,forecast
AT,quantile,0.9,204,2021-05-01,2021-04-12,3 wk ahead inc death,forecast
AT,quantile,0.95,227.05,2021-05-01,2021-04-12,3 wk ahead inc death,forecast
AT,quantile,0.975,244.025,2021-05-01,2021-04-12,3 wk ahead inc death,forecast
AT,quantile,0.99,259.1,2021-05-01,2021-04-12,3 wk ahead inc death,forecast
AT,point,,105,2021-05-08,2021-04-12,4 wk ahead inc death,forecast
AT,quantile,0.01,38,2021-05-08,2021-04-12,4 wk ahead inc death,forecast
AT,quantile,0.025,44,2021-05-08,2021-04-12,4 wk ahead inc death,forecast
AT,quantile,0.05,51,2021-05-08,2021-04-12,4 wk ahead inc death,forecast
AT,quantile,0.1,59,2021-05-08,2021-04-12,4 wk ahead inc death,forecast
AT,quantile,0.15,67,2021-05-08,2021-04-12,4 wk ahead inc death,forecast
AT,quantile,0.2,74,2021-05-08,2021-04-12,4 wk ahead inc death,forecast
AT,quantile,0.25,78.75,2021-05-08,2021-04-12,4 wk ahead inc death,forecast
AT,quantile,0.3,84,2021-05-08,2021-04-12,4 wk ahead inc death,forecast
AT,quantile,0.35,90,2021-05-08,2021-04-12,4 wk ahead inc death,forecast
AT,quantile,0.4,96,2021-05-08,2021-04-12,4 wk ahead inc death,forecast
AT,quantile,0.45,100,2021-05-08,2021-04-12,4 wk ahead inc death,forecast
AT,quantile,0.5,105,2021-05-08,2021-04-12,4 wk ahead inc death,forecast
AT,quantile,0.55,110,2021-05-08,2021-04-12,4 wk ahead inc death,forecast
AT,quantile,0.6,116,2021-05-08,2021-04-12,4 wk ahead inc death,forecast
AT,quantile,0.65,123,2021-05-08,2021-04-12,4 wk ahead inc death,forecast
AT,quantile,0.7,130,2021-05-08,2021-04-12,4 wk ahead inc death,forecast
AT,quantile,0.75,136,2021-05-08,2021-04-12,4 wk ahead inc death,forecast
AT,quantile,0.8,143,2021-05-08,2021-04-12,4 wk ahead inc death,forecast
AT,quantile,0.85,153,2021-05-08,2021-04-12,4 wk ahead inc death,forecast
AT,quantile,0.9,168,2021-05-08,2021-04-12,4 wk ahead inc death,forecast
AT,quantile,0.95,186.05,2021-05-08,2021-04-12,4 wk ahead inc death,forecast
AT,quantile,0.975,202,2021-05-08,2021-04-12,4 wk ahead inc death,forecast
AT,quantile,0.99,231.05,2021-05-08,2021-04-12,4 wk ahead inc death,forecast
BE,point,,295.5,2021-04-17,2021-04-12,1 wk ahead inc death,forecast
BE,quantile,0.01,221.98,2021-04-17,2021-04-12,1 wk ahead inc death,forecast
BE,quantile,0.025,231.975,2021-04-17,2021-04-12,1 wk ahead inc death,forecast
BE,quantile,0.05,241,2021-04-17,2021-04-12,1 wk ahead inc death,forecast
BE,quantile,0.1,250,2021-04-17,2021-04-12,1 wk ahead inc death,forecast
BE,quantile,0.15,258,2021-04-17,2021-04-12,1 wk ahead inc death,forecast
BE,quantile,0.2,266,2021-04-17,2021-04-12,1 wk ahead inc death,forecast
BE,quantile,0.25,272,2021-04-17,2021-04-12,1 wk ahead inc death,forecast
BE,quantile,0.3,278,2021-04-17,2021-04-12,1 wk ahead inc death,forecast
BE,quantile,0.35,282,2021-04-17,2021-04-12,1 wk ahead inc death,forecast
BE,quantile,0.4,286,2021-04-17,2021-04-12,1 wk ahead inc death,forecast
BE,quantile,0.45,290,2021-04-17,2021-04-12,1 wk ahead inc death,forecast
BE,quantile,0.5,295.5,2021-04-17,2021-04-12,1 wk ahead inc death,forecast
BE,quantile,0.55,302,2021-04-17,2021-04-12,1 wk ahead inc death,forecast
BE,quantile,0.6,308,2021-04-17,2021-04-12,1 wk ahead inc death,forecast
BE,quantile,0.65,313,2021-04-17,2021-04-12,1 wk ahead inc death,forecast
BE,quantile,0.7,320,2021-04-17,2021-04-12,1 wk ahead inc death,forecast
BE,quantile,0.75,328,2021-04-17,2021-04-12,1 wk ahead inc death,forecast
BE,quantile,0.8,336,2021-04-17,2021-04-12,1 wk ahead inc death,forecast
BE,quantile,0.85,348,2021-04-17,2021-04-12,1 wk ahead inc death,forecast
BE,quantile,0.9,361,2021-04-17,2021-04-12,1 wk ahead inc death,forecast
BE,quantile,0.95,386.1,2021-04-17,2021-04-12,1 wk ahead inc death,forecast
BE,quantile,0.975,404,2021-04-17,2021-04-12,1 wk ahead inc death,forecast
BE,quantile,0.99,423.03,2021-04-17,2021-04-12,1 wk ahead inc death,forecast
BE,point,,255,2021-04-24,2021-04-12,2 wk ahead inc death,forecast
BE,quantile,0.01,156.99,2021-04-24,2021-04-12,2 wk ahead inc death,forecast
BE,quantile,0.025,170,2021-04-24,2021-04-12,2 wk ahead inc death,forecast
BE,quantile,0.05,183.95,2021-04-24,2021-04-12,2 wk ahead inc death,forecast
BE,quantile,0.1,198,2021-04-24,2021-04-12,2 wk ahead inc death,forecast
BE,quantile,0.15,208,2021-04-24,2021-04-12,2 wk ahead inc death,forecast
BE,quantile,0.2,216.8,2021-04-24,2021-04-12,2 wk ahead inc death,forecast
BE,quantile,0.25,224,2021-04-24,2021-04-12,2 wk ahead inc death,forecast
BE,quantile,0.3,230.7,2021-04-24,2021-04-12,2 wk ahead inc death,forecast
BE,quantile,0.35,237,2021-04-24,2021-04-12,2 wk ahead inc death,forecast
BE,quantile,0.4,243,2021-04-24,2021-04-12,2 wk ahead inc death,forecast
BE,quantile,0.45,249,2021-04-24,2021-04-12,2 wk ahead inc death,forecast
BE,quantile,0.5,255,2021-04-24,2021-04-12,2 wk ahead inc death,forecast
BE,quantile,0.55,261.45,2021-04-24,2021-04-12,2 wk ahead inc death,forecast
BE,quantile,0.6,269,2021-04-24,2021-04-12,2 wk ahead inc death,forecast
BE,quantile,0.65,276,2021-04-24,2021-04-12,2 wk ahead inc death,forecast
BE,quantile,0.7,284.3,2021-04-24,2021-04-12,2 wk ahead inc death,forecast
BE,quantile,0.75,295,2021-04-24,2021-04-12,2 wk ahead inc death,forecast
BE,quantile,0.8,308,2021-04-24,2021-04-12,2 wk ahead inc death,forecast
BE,quantile,0.85,323,2021-04-24,2021-04-12,2 wk ahead inc death,forecast
BE,quantile,0.9,339,2021-04-24,2021-04-12,2 wk ahead inc death,forecast
BE,quantile,0.95,369.05,2021-04-24,2021-04-12,2 wk ahead inc death,forecast
BE,quantile,0.975,391.025,2021-04-24,2021-04-12,2 wk ahead inc death,forecast
BE,quantile,0.99,424.03,2021-04-24,2021-04-12,2 wk ahead inc death,forecast
BE,point,,194,2021-05-01,2021-04-12,3 wk ahead inc death,forecast
BE,quantile,0.01,85.99,2021-05-01,2021-04-12,3 wk ahead inc death,forecast
BE,quantile,0.025,101,2021-05-01,2021-04-12,3 wk ahead inc death,forecast
BE,quantile,0.05,114,2021-05-01,2021-04-12,3 wk ahead inc death,forecast
BE,quantile,0.1,129,2021-05-01,2021-04-12,3 wk ahead inc death,forecast
BE,quantile,0.15,140.85,2021-05-01,2021-04-12,3 wk ahead inc death,forecast
BE,quantile,0.2,150.8,2021-05-01,2021-04-12,3 wk ahead inc death,forecast
BE,quantile,0.25,158,2021-05-01,2021-04-12,3 wk ahead inc death,forecast
BE,quantile,0.3,166,2021-05-01,2021-04-12,3 wk ahead inc death,forecast
BE,quantile,0.35,173.65,2021-05-01,2021-04-12,3 wk ahead inc death,forecast
BE,quantile,0.4,181,2021-05-01,2021-04-12,3 wk ahead inc death,forecast
BE,quantile,0.45,186.55,2021-05-01,2021-04-12,3 wk ahead inc death,forecast
BE,quantile,0.5,194,2021-05-01,2021-04-12,3 wk ahead inc death,forecast
BE,quantile,0.55,201,2021-05-01,2021-04-12,3 wk ahead inc death,forecast
BE,quantile,0.6,209,2021-05-01,2021-04-12,3 wk ahead inc death,forecast
BE,quantile,0.65,217,2021-05-01,2021-04-12,3 wk ahead inc death,forecast
BE,quantile,0.7,224.3,2021-05-01,2021-04-12,3 wk ahead inc death,forecast
BE,quantile,0.75,234.25,2021-05-01,2021-04-12,3 wk ahead inc death,forecast
BE,quantile,0.8,246,2021-05-01,2021-04-12,3 wk ahead inc death,forecast
BE,quantile,0.85,259.15,2021-05-01,2021-04-12,3 wk ahead inc death,forecast
BE,quantile,0.9,280,2021-05-01,2021-04-12,3 wk ahead inc death,forecast
BE,quantile,0.95,304.05,2021-05-01,2021-04-12,3 wk ahead inc death,forecast
BE,quantile,0.975,335,2021-05-01,2021-04-12,3 wk ahead inc death,forecast
BE,quantile,0.99,352.05,2021-05-01,2021-04-12,3 wk ahead inc death,forecast
BE,point,,134,2021-05-08,2021-04-12,4 wk ahead inc death,forecast
BE,quantile,0.01,45.99,2021-05-08,2021-04-12,4 wk ahead inc death,forecast
BE,quantile,0.025,56,2021-05-08,2021-04-12,4 wk ahead inc death,forecast
BE,quantile,0.05,68.9,2021-05-08,2021-04-12,4 wk ahead inc death,forecast
BE,quantile,0.1,80,2021-05-08,2021-04-12,4 wk ahead inc death,forecast
BE,quantile,0.15,88,2021-05-08,2021-04-12,4 wk ahead inc death,forecast
BE,quantile,0.2,94.8,2021-05-08,2021-04-12,4 wk ahead inc death,forecast
BE,quantile,0.25,102,2021-05-08,2021-04-12,4 wk ahead inc death,forecast
BE,quantile,0.3,108.7,2021-05-08,2021-04-12,4 wk ahead inc death,forecast
BE,quantile,0.35,115,2021-05-08,2021-04-12,4 wk ahead inc death,forecast
BE,quantile,0.4,121,2021-05-08,2021-04-12,4 wk ahead inc death,forecast
BE,quantile,0.45,128,2021-05-08,2021-04-12,4 wk ahead inc death,forecast
BE,quantile,0.5,134,2021-05-08,2021-04-12,4 wk ahead inc death,forecast
BE,quantile,0.55,141,2021-05-08,2021-04-12,4 wk ahead inc death,forecast
BE,quantile,0.6,147,2021-05-08,2021-04-12,4 wk ahead inc death,forecast
BE,quantile,0.65,154,2021-05-08,2021-04-12,4 wk ahead inc death,forecast
BE,quantile,0.7,164,2021-05-08,2021-04-12,4 wk ahead inc death,forecast
BE,quantile,0.75,174,2021-05-08,2021-04-12,4 wk ahead inc death,forecast
BE,quantile,0.8,182.2,2021-05-08,2021-04-12,4 wk ahead inc death,forecast
BE,quantile,0.85,197,2021-05-08,2021-04-12,4 wk ahead inc death,forecast
BE,quantile,0.9,217,2021-05-08,2021-04-12,4 wk ahead inc death,forecast
BE,quantile,0.95,246.05,2021-05-08,2021-04-12,4 wk ahead inc death,forecast
BE,quantile,0.975,265.075,2021-05-08,2021-04-12,4 wk ahead inc death,forecast
BE,quantile,0.99,290.09,2021-05-08,2021-04-12,4 wk ahead inc death,forecast
BG,point,,786,2021-04-17,2021-04-12,1 wk ahead inc death,forecast
BG,quantile,0.01,442.96,2021-04-17,2021-04-12,1 wk ahead inc death,forecast
BG,quantile,0.025,472.975,2021-04-17,2021-04-12,1 wk ahead inc death,forecast
BG,quantile,0.05,504,2021-04-17,2021-04-12,1 wk ahead inc death,forecast
BG,quantile,0.1,563.8,2021-04-17,2021-04-12,1 wk ahead inc death,forecast
BG,quantile,0.15,594,2021-04-17,2021-04-12,1 wk ahead inc death,forecast
BG,quantile,0.2,624,2021-04-17,2021-04-12,1 wk ahead inc death,forecast
BG,quantile,0.25,654,2021-04-17,2021-04-12,1 wk ahead inc death,forecast
BG,quantile,0.3,681,2021-04-17,2021-04-12,1 wk ahead inc death,forecast
BG,quantile,0.35,705,2021-04-17,2021-04-12,1 wk ahead inc death,forecast
BG,quantile,0.4,734,2021-04-17,2021-04-12,1 wk ahead inc death,forecast
BG,quantile,0.45,760,2021-04-17,2021-04-12,1 wk ahead inc death,forecast
BG,quantile,0.5,786,2021-04-17,2021-04-12,1 wk ahead inc death,forecast
BG,quantile,0.55,810,2021-04-17,2021-04-12,1 wk ahead inc death,forecast
BG,quantile,0.6,841,2021-04-17,2021-04-12,1 wk ahead inc death,forecast
BG,quantile,0.65,872,2021-04-17,2021-04-12,1 wk ahead inc death,forecast
BG,quantile,0.7,908,2021-04-17,2021-04-12,1 wk ahead inc death,forecast
BG,quantile,0.75,949,2021-04-17,2021-04-12,1 wk ahead inc death,forecast
BG,quantile,0.8,1003.2,2021-04-17,2021-04-12,1 wk ahead inc death,forecast
BG,quantile,0.85,1064,2021-04-17,2021-04-12,1 wk ahead inc death,forecast
BG,quantile,0.9,1145.1,2021-04-17,2021-04-12,1 wk ahead inc death,forecast
BG,quantile,0.95,1282.1,2021-04-17,2021-04-12,1 wk ahead inc death,forecast
BG,quantile,0.975,1453.05,2021-04-17,2021-04-12,1 wk ahead inc death,forecast
BG,quantile,0.99,1678.13,2021-04-17,2021-04-12,1 wk ahead inc death,forecast
BG,point,,650.5,2021-04-24,2021-04-12,2 wk ahead inc death,forecast
BG,quantile,0.01,229.96,2021-04-24,2021-04-12,2 wk ahead inc death,forecast
BG,quantile,0.025,283.975,2021-04-24,2021-04-12,2 wk ahead inc death,forecast
BG,quantile,0.05,326.9,2021-04-24,2021-04-12,2 wk ahead inc death,forecast
BG,quantile,0.1,380.9,2021-04-24,2021-04-12,2 wk ahead inc death,forecast
BG,quantile,0.15,428,2021-04-24,2021-04-12,2 wk ahead inc death,forecast
BG,quantile,0.2,468,2021-04-24,2021-04-12,2 wk ahead inc death,forecast
BG,quantile,0.25,501,2021-04-24,2021-04-12,2 wk ahead inc death,forecast
BG,quantile,0.3,536.7,2021-04-24,2021-04-12,2 wk ahead inc death,forecast
BG,quantile,0.35,562,2021-04-24,2021-04-12,2 wk ahead inc death,forecast
BG,quantile,0.4,592.6,2021-04-24,2021-04-12,2 wk ahead inc death,forecast
BG,quantile,0.45,622,2021-04-24,2021-04-12,2 wk ahead inc death,forecast
BG,quantile,0.5,650.5,2021-04-24,2021-04-12,2 wk ahead inc death,forecast
BG,quantile,0.55,681.45,2021-04-24,2021-04-12,2 wk ahead inc death,forecast
BG,quantile,0.6,717.4,2021-04-24,2021-04-12,2 wk ahead inc death,forecast
BG,quantile,0.65,762,2021-04-24,2021-04-12,2 wk ahead inc death,forecast
BG,quantile,0.7,797.3,2021-04-24,2021-04-12,2 wk ahead inc death,forecast
BG,quantile,0.75,841.25,2021-04-24,2021-04-12,2 wk ahead inc death,forecast
BG,quantile,0.8,902.2,2021-04-24,2021-04-12,2 wk ahead inc death,forecast
BG,quantile,0.85,974,2021-04-24,2021-04-12,2 wk ahead inc death,forecast
BG,quantile,0.9,1079.2,2021-04-24,2021-04-12,2 wk ahead inc death,forecast
BG,quantile,0.95,1266.05,2021-04-24,2021-04-12,2 wk ahead inc death,forecast
BG,quantile,0.975,1431.225,2021-04-24,2021-04-12,2 wk ahead inc death,forecast
BG,quantile,0.99,1678.14,2021-04-24,2021-04-12,2 wk ahead inc death,forecast
BG,point,,525.5,2021-05-01,2021-04-12,3 wk ahead inc death,forecast
BG,quantile,0.01,168.98,2021-05-01,2021-04-12,3 wk ahead inc death,forecast
BG,quantile,0.025,210,2021-05-01,2021-04-12,3 wk ahead inc death,forecast
BG,quantile,0.05,251,2021-05-01,2021-04-12,3 wk ahead inc death,forecast
BG,quantile,0.1,295,2021-05-01,2021-04-12,3 wk ahead inc death,forecast
BG,quantile,0.15,328,2021-05-01,2021-04-12,3 wk ahead inc death,forecast
BG,quantile,0.2,362,2021-05-01,2021-04-12,3 wk ahead inc death,forecast
BG,quantile,0.25,392,2021-05-01,2021-04-12,3 wk ahead inc death,forecast
BG,quantile,0.3,415,2021-05-01,2021-04-12,3 wk ahead inc death,forecast
BG,quantile,0.35,440.65,2021-05-01,2021-04-12,3 wk ahead inc death,forecast
BG,quantile,0.4,467,2021-05-01,2021-04-12,3 wk ahead inc death,forecast
BG,quantile,0.45,493.55,2021-05-01,2021-04-12,3 wk ahead inc death,forecast
BG,quantile,0.5,525.5,2021-05-01,2021-04-12,3 wk ahead inc death,forecast
BG,quantile,0.55,558,2021-05-01,2021-04-12,3 wk ahead inc death,forecast
BG,quantile,0.6,586,2021-05-01,2021-04-12,3 wk ahead inc death,forecast
BG,quantile,0.65,627,2021-05-01,2021-04-12,3 wk ahead inc death,forecast
BG,quantile,0.7,669.3,2021-05-01,2021-04-12,3 wk ahead inc death,forecast
BG,quantile,0.75,712,2021-05-01,2021-04-12,3 wk ahead inc death,forecast
BG,quantile,0.8,771,2021-05-01,2021-04-12,3 wk ahead inc death,forecast
BG,quantile,0.85,836.3,2021-05-01,2021-04-12,3 wk ahead inc death,forecast
BG,quantile,0.9,921,2021-05-01,2021-04-12,3 wk ahead inc death,forecast
BG,quantile,0.95,1082.05,2021-05-01,2021-04-12,3 wk ahead inc death,forecast
BG,quantile,0.975,1259.075,2021-05-01,2021-04-12,3 wk ahead inc death,forecast
BG,quantile,0.99,1444.08,2021-05-01,2021-04-12,3 wk ahead inc death,forecast
BG,point,,404,2021-05-08,2021-04-12,4 wk ahead inc death,forecast
BG,quantile,0.01,110,2021-05-08,2021-04-12,4 wk ahead inc death,forecast
BG,quantile,0.025,139,2021-05-08,2021-04-12,4 wk ahead inc death,forecast
BG,quantile,0.05,167,2021-05-08,2021-04-12,4 wk ahead inc death,forecast
BG,quantile,0.1,204,2021-05-08,2021-04-12,4 wk ahead inc death,forecast
BG,quantile,0.15,233,2021-05-08,2021-04-12,4 wk ahead inc death,forecast
BG,quantile,0.2,257.8,2021-05-08,2021-04-12,4 wk ahead inc death,forecast
BG,quantile,0.25,283.75,2021-05-08,2021-04-12,4 wk ahead inc death,forecast
BG,quantile,0.3,305,2021-05-08,2021-04-12,4 wk ahead inc death,forecast
BG,quantile,0.35,330,2021-05-08,2021-04-12,4 wk ahead inc death,forecast
BG,quantile,0.4,353,2021-05-08,2021-04-12,4 wk ahead inc death,forecast
BG,quantile,0.45,379,2021-05-08,2021-04-12,4 wk ahead inc death,forecast
BG,quantile,0.5,404,2021-05-08,2021-04-12,4 wk ahead inc death,forecast
BG,quantile,0.55,431,2021-05-08,2021-04-12,4 wk ahead inc death,forecast
BG,quantile,0.6,459,2021-05-08,2021-04-12,4 wk ahead inc death,forecast
BG,quantile,0.65,491,2021-05-08,2021-04-12,4 wk ahead inc death,forecast
BG,quantile,0.7,525.3,2021-05-08,2021-04-12,4 wk ahead inc death,forecast
BG,quantile,0.75,566.25,2021-05-08,2021-04-12,4 wk ahead inc death,forecast
BG,quantile,0.8,613,2021-05-08,2021-04-12,4 wk ahead inc death,forecast
BG,quantile,0.85,675,2021-05-08,2021-04-12,4 wk ahead inc death,forecast
BG,quantile,0.9,753.1,2021-05-08,2021-04-12,4 wk ahead inc death,forecast
BG,quantile,0.95,897.05,2021-05-08,2021-04-12,4 wk ahead inc death,forecast
BG,quantile,0.975,1053.1,2021-05-08,2021-04-12,4 wk ahead inc death,forecast
BG,quantile,0.99,1264.09,2021-05-08,2021-04-12,4 wk ahead inc death,forecast
DE,point,,1762.5,2021-04-17,2021-04-12,1 wk ahead inc death,forecast
DE,quantile,0.01,1031.99,2021-04-17,2021-04-12,1 wk ahead inc death,forecast
DE,quantile,0.025,1138.95,2021-04-17,2021-04-12,1 wk ahead inc death,forecast
DE,quantile,0.05,1206.9,2021-04-17,2021-04-12,1 wk ahead inc death,forecast
DE,quantile,0.1,1309,2021-04-17,2021-04-12,1 wk ahead inc death,forecast
DE,quantile,0.15,1381.85,2021-04-17,2021-04-12,1 wk ahead inc death,forecast
DE,quantile,0.2,1446.8,2021-04-17,2021-04-12,1 wk ahead inc death,forecast
DE,quantile,0.25,1505,2021-04-17,2021-04-12,1 wk ahead inc death,forecast
DE,quantile,0.3,1563,2021-04-17,2021-04-12,1 wk ahead inc death,forecast
DE,quantile,0.35,1611.3,2021-04-17,2021-04-12,1 wk ahead inc death,forecast
DE,quantile,0.4,1663.6,2021-04-17,2021-04-12,1 wk ahead inc death,forecast
DE,quantile,0.45,1713.55,2021-04-17,2021-04-12,1 wk ahead inc death,forecast
DE,quantile,0.5,1762.5,2021-04-17,2021-04-12,1 wk ahead inc death,forecast
DE,quantile,0.55,1808,2021-04-17,2021-04-12,1 wk ahead inc death,forecast
DE,quantile,0.6,1854,2021-04-17,2021-04-12,1 wk ahead inc death,forecast
DE,quantile,0.65,1906.35,2021-04-17,2021-04-12,1 wk ahead inc death,forecast
DE,quantile,0.7,1971,2021-04-17,2021-04-12,1 wk ahead inc death,forecast
DE,quantile,0.75,2039,2021-04-17,2021-04-12,1 wk ahead inc death,forecast
DE,quantile,0.8,2128.2,2021-04-17,2021-04-12,1 wk ahead inc death,forecast
DE,quantile,0.85,2238,2021-04-17,2021-04-12,1 wk ahead inc death,forecast
DE,quantile,0.9,2357.1,2021-04-17,2021-04-12,1 wk ahead inc death,forecast
DE,quantile,0.95,2556.25,2021-04-17,2021-04-12,1 wk ahead inc death,forecast
DE,quantile,0.975,2822.225,2021-04-17,2021-04-12,1 wk ahead inc death,forecast
DE,quantile,0.99,3185.76,2021-04-17,2021-04-12,1 wk ahead inc death,forecast
DE,point,,1902,2021-04-24,2021-04-12,2 wk ahead inc death,forecast
DE,quantile,0.01,998,2021-04-24,2021-04-12,2 wk ahead inc death,forecast
DE,quantile,0.025,1101.875,2021-04-24,2021-04-12,2 wk ahead inc death,forecast
DE,quantile,0.05,1204.95,2021-04-24,2021-04-12,2 wk ahead inc death,forecast
DE,quantile,0.1,1336.9,2021-04-24,2021-04-12,2 wk ahead inc death,forecast
DE,quantile,0.15,1430.7,2021-04-24,2021-04-12,2 wk ahead inc death,forecast
DE,quantile,0.2,1514,2021-04-24,2021-04-12,2 wk ahead inc death,forecast
DE,quantile,0.25,1576,2021-04-24,2021-04-12,2 wk ahead inc death,forecast
DE,quantile,0.3,1648,2021-04-24,2021-04-12,2 wk ahead inc death,forecast
DE,quantile,0.35,1716.65,2021-04-24,2021-04-12,2 wk ahead inc death,forecast
DE,quantile,0.4,1775.2,2021-04-24,2021-04-12,2 wk ahead inc death,forecast
DE,quantile,0.45,1841.55,2021-04-24,2021-04-12,2 wk ahead inc death,forecast
DE,quantile,0.5,1902,2021-04-24,2021-04-12,2 wk ahead inc death,forecast
DE,quantile,0.55,1964,2021-04-24,2021-04-12,2 wk ahead inc death,forecast
DE,quantile,0.6,2035,2021-04-24,2021-04-12,2 wk ahead inc death,forecast
DE,quantile,0.65,2093,2021-04-24,2021-04-12,2 wk ahead inc death,forecast
DE,quantile,0.7,2167.3,2021-04-24,2021-04-12,2 wk ahead inc death,forecast
DE,quantile,0.75,2250.25,2021-04-24,2021-04-12,2 wk ahead inc death,forecast
DE,quantile,0.8,2357,2021-04-24,2021-04-12,2 wk ahead inc death,forecast
DE,quantile,0.85,2473.6,2021-04-24,2021-04-12,2 wk ahead inc death,forecast
DE,quantile,0.9,2663.1,2021-04-24,2021-04-12,2 wk ahead inc death,forecast
DE,quantile,0.95,2956.45,2021-04-24,2021-04-12,2 wk ahead inc death,forecast
DE,quantile,0.975,3220.05,2021-04-24,2021-04-12,2 wk ahead inc death,forecast
DE,quantile,0.99,3601.13,2021-04-24,2021-04-12,2 wk ahead inc death,forecast
DE,point,,2102,2021-05-01,2021-04-12,3 wk ahead inc death,forecast
DE,quantile,0.01,958.99,2021-05-01,2021-04-12,3 wk ahead inc death,forecast
DE,quantile,0.025,1122.85,2021-05-01,2021-04-12,3 wk ahead inc death,forecast
DE,quantile,0.05,1290.85,2021-05-01,2021-04-12,3 wk ahead inc death,forecast
DE,quantile,0.1,1434.7,2021-05-01,2021-04-12,3 wk ahead inc death,forecast
DE,quantile,0.15,1544.7,2021-05-01,2021-04-12,3 wk ahead inc death,forecast
DE,quantile,0.2,1649.6,2021-05-01,2021-04-12,3 wk ahead inc death,forecast
DE,quantile,0.25,1728.75,2021-05-01,2021-04-12,3 wk ahead inc death,forecast
DE,quantile,0.3,1812.7,2021-05-01,2021-04-12,3 wk ahead inc death,forecast
DE,quantile,0.35,1878,2021-05-01,2021-04-12,3 wk ahead inc death,forecast
DE,quantile,0.4,1956.6,2021-05-01,2021-04-12,3 wk ahead inc death,forecast
DE,quantile,0.45,2027.1,2021-05-01,2021-04-12,3 wk ahead inc death,forecast
DE,quantile,0.5,2102,2021-05-01,2021-04-12,3 wk ahead inc death,forecast
DE,quantile,0.55,2174,2021-05-01,2021-04-12,3 wk ahead inc death,forecast
DE,quantile,0.6,2234,2021-05-01,2021-04-12,3 wk ahead inc death,forecast
DE,quantile,0.65,2316.35,2021-05-01,2021-04-12,3 wk ahead inc death,forecast
DE,quantile,0.7,2413,2021-05-01,2021-04-12,3 wk ahead inc death,forecast
DE,quantile,0.75,2516.25,2021-05-01,2021-04-12,3 wk ahead inc death,forecast
DE,quantile,0.8,2634.6,2021-05-01,2021-04-12,3 wk ahead inc death,forecast
DE,quantile,0.85,2779.6,2021-05-01,2021-04-12,3 wk ahead inc death,forecast
DE,quantile,0.9,2992.2,2021-05-01,2021-04-12,3 wk ahead inc death,forecast
DE,quantile,0.95,3392.05,2021-05-01,2021-04-12,3 wk ahead inc death,forecast
DE,quantile,0.975,3662.425,2021-05-01,2021-04-12,3 wk ahead inc death,forecast
DE,quantile,0.99,4121.19,2021-05-01,2021-04-12,3 wk ahead inc death,forecast
DE,point,,2382,2021-05-08,2021-04-12,4 wk ahead inc death,forecast
DE,quantile,0.01,899.75,2021-05-08,2021-04-12,4 wk ahead inc death,forecast
DE,quantile,0.025,1094.875,2021-05-08,2021-04-12,4 wk ahead inc death,forecast
DE,quantile,0.05,1256.9,2021-05-08,2021-04-12,4 wk ahead inc death,forecast
DE,quantile,0.1,1485.7,2021-05-08,2021-04-12,4 wk ahead inc death,forecast
DE,quantile,0.15,1634,2021-05-08,2021-04-12,4 wk ahead inc death,forecast
DE,quantile,0.2,1749,2021-05-08,2021-04-12,4 wk ahead inc death,forecast
DE,quantile,0.25,1876.75,2021-05-08,2021-04-12,4 wk ahead inc death,forecast
DE,quantile,0.3,1986,2021-05-08,2021-04-12,4 wk ahead inc death,forecast
DE,quantile,0.35,2070,2021-05-08,2021-04-12,4 wk ahead inc death,forecast
DE,quantile,0.4,2190,2021-05-08,2021-04-12,4 wk ahead inc death,forecast
DE,quantile,0.45,2283.55,2021-05-08,2021-04-12,4 wk ahead inc death,forecast
DE,quantile,0.5,2382,2021-05-08,2021-04-12,4 wk ahead inc death,forecast
DE,quantile,0.55,2487,2021-05-08,2021-04-12,4 wk ahead inc death,forecast
DE,quantile,0.6,2580.2,2021-05-08,2021-04-12,4 wk ahead inc death,forecast
DE,quantile,0.65,2676.7,2021-05-08,2021-04-12,4 wk ahead inc death,forecast
DE,quantile,0.7,2789.3,2021-05-08,2021-04-12,4 wk ahead inc death,forecast
DE,quantile,0.75,2930.25,2021-05-08,2021-04-12,4 wk ahead inc death,forecast
DE,quantile,0.8,3104.4,2021-05-08,2021-04-12,4 wk ahead inc death,forecast
DE,quantile,0.85,3342.95,2021-05-08,2021-04-12,4 wk ahead inc death,forecast
DE,quantile,0.9,3591.7,2021-05-08,2021-04-12,4 wk ahead inc death,forecast
DE,quantile,0.95,3996.1,2021-05-08,2021-04-12,4 wk ahead inc death,forecast
DE,quantile,0.975,4467.2,2021-05-08,2021-04-12,4 wk ahead inc death,forecast
DE,quantile,0.99,5223.13,2021-05-08,2021-04-12,4 wk ahead inc death,forecast
GB,point,,199.5,2021-04-17,2021-04-12,1 wk ahead inc death,forecast
GB,quantile,0.01,97,2021-04-17,2021-04-12,1 wk ahead inc death,forecast
GB,quantile,0.025,113.975,2021-04-17,2021-04-12,1 wk ahead inc death,forecast
GB,quantile,0.05,125.95,2021-04-17,2021-04-12,1 wk ahead inc death,forecast
GB,quantile,0.1,137,2021-04-17,2021-04-12,1 wk ahead inc death,forecast
GB,quantile,0.15,147,2021-04-17,2021-04-12,1 wk ahead inc death,forecast
GB,quantile,0.2,157,2021-04-17,2021-04-12,1 wk ahead inc death,forecast
GB,quantile,0.25,165,2021-04-17,2021-04-12,1 wk ahead inc death,forecast
GB,quantile,0.3,173,2021-04-17,2021-04-12,1 wk ahead inc death,forecast
GB,quantile,0.35,179,2021-04-17,2021-04-12,1 wk ahead inc death,forecast
GB,quantile,0.4,187,2021-04-17,2021-04-12,1 wk ahead inc death,forecast
GB,quantile,0.45,193,2021-04-17,2021-04-12,1 wk ahead inc death,forecast
GB,quantile,0.5,199.5,2021-04-17,2021-04-12,1 wk ahead inc death,forecast
GB,quantile,0.55,206,2021-04-17,2021-04-12,1 wk ahead inc death,forecast
GB,quantile,0.6,214,2021-04-17,2021-04-12,1 wk ahead inc death,forecast
GB,quantile,0.65,224,2021-04-17,2021-04-12,1 wk ahead inc death,forecast
GB,quantile,0.7,233,2021-04-17,2021-04-12,1 wk ahead inc death,forecast
GB,quantile,0.75,243,2021-04-17,2021-04-12,1 wk ahead inc death,forecast
GB,quantile,0.8,254,2021-04-17,2021-04-12,1 wk ahead inc death,forecast
GB,quantile,0.85,269,2021-04-17,2021-04-12,1 wk ahead inc death,forecast
GB,quantile,0.9,293.1,2021-04-17,2021-04-12,1 wk ahead inc death,forecast
GB,quantile,0.95,339.1,2021-04-17,2021-04-12,1 wk ahead inc death,forecast
GB,quantile,0.975,367.1,2021-04-17,2021-04-12,1 wk ahead inc death,forecast
GB,quantile,0.99,407.21,2021-04-17,2021-04-12,1 wk ahead inc death,forecast
GB,point,,165,2021-04-24,2021-04-12,2 wk ahead inc death,forecast
GB,quantile,0.01,74.98,2021-04-24,2021-04-12,2 wk ahead inc death,forecast
GB,quantile,0.025,87.95,2021-04-24,2021-04-12,2 wk ahead inc death,forecast
GB,quantile,0.05,96,2021-04-24,2021-04-12,2 wk ahead inc death,forecast
GB,quantile,0.1,107,2021-04-24,2021-04-12,2 wk ahead inc death,forecast
GB,quantile,0.15,120,2021-04-24,2021-04-12,2 wk ahead inc death,forecast
GB,quantile,0.2,128,2021-04-24,2021-04-12,2 wk ahead inc death,forecast
GB,quantile,0.25,134.75,2021-04-24,2021-04-12,2 wk ahead inc death,forecast
GB,quantile,0.3,141.7,2021-04-24,2021-04-12,2 wk ahead inc death,forecast
GB,quantile,0.35,148,2021-04-24,2021-04-12,2 wk ahead inc death,forecast
GB,quantile,0.4,154,2021-04-24,2021-04-12,2 wk ahead inc death,forecast
GB,quantile,0.45,159,2021-04-24,2021-04-12,2 wk ahead inc death,forecast
GB,quantile,0.5,165,2021-04-24,2021-04-12,2 wk ahead inc death,forecast
GB,quantile,0.55,171,2021-04-24,2021-04-12,2 wk ahead inc death,forecast
GB,quantile,0.6,177,2021-04-24,2021-04-12,2 wk ahead inc death,forecast
GB,quantile,0.65,184,2021-04-24,2021-04-12,2 wk ahead inc death,forecast
GB,quantile,0.7,191,2021-04-24,2021-04-12,2 wk ahead inc death,forecast
GB,quantile,0.75,199,2021-04-24,2021-04-12,2 wk ahead inc death,forecast
GB,quantile,0.8,210.4,2021-04-24,2021-04-12,2 wk ahead inc death,forecast
GB,quantile,0.85,223.15,2021-04-24,2021-04-12,2 wk ahead inc death,forecast
GB,quantile,0.9,240,2021-04-24,2021-04-12,2 wk ahead inc death,forecast
GB,quantile,0.95,270,2021-04-24,2021-04-12,2 wk ahead inc death,forecast
GB,quantile,0.975,290.05,2021-04-24,2021-04-12,2 wk ahead inc death,forecast
GB,quantile,0.99,338.09,2021-04-24,2021-04-12,2 wk ahead inc death,forecast
GB,point,,127,2021-05-01,2021-04-12,3 wk ahead inc death,forecast
GB,quantile,0.01,60,2021-05-01,2021-04-12,3 wk ahead inc death,forecast
GB,quantile,0.025,69.975,2021-05-01,2021-04-12,3 wk ahead inc death,forecast
GB,quantile,0.05,78,2021-05-01,2021-04-12,3 wk ahead inc death,forecast
GB,quantile,0.1,85.9,2021-05-01,2021-04-12,3 wk ahead inc death,forecast
GB,quantile,0.15,93.85,2021-05-01,2021-04-12,3 wk ahead inc death,forecast
GB,quantile,0.2,100,2021-05-01,2021-04-12,3 wk ahead inc death,forecast
GB,quantile,0.25,105,2021-05-01,2021-04-12,3 wk ahead inc death,forecast
GB,quantile,0.3,108.7,2021-05-01,2021-04-12,3 wk ahead inc death,forecast
GB,quantile,0.35,113,2021-05-01,2021-04-12,3 wk ahead inc death,forecast
GB,quantile,0.4,117,2021-05-01,2021-04-12,3 wk ahead inc death,forecast
GB,quantile,0.45,122,2021-05-01,2021-04-12,3 wk ahead inc death,forecast
GB,quantile,0.5,127,2021-05-01,2021-04-12,3 wk ahead inc death,forecast
GB,quantile,0.55,133,2021-05-01,2021-04-12,3 wk ahead inc death,forecast
GB,quantile,0.6,139,2021-05-01,2021-04-12,3 wk ahead inc death,forecast
GB,quantile,0.65,145,2021-05-01,2021-04-12,3 wk ahead inc death,forecast
GB,quantile,0.7,151.3,2021-05-01,2021-04-12,3 wk ahead inc death,forecast
GB,quantile,0.75,158,2021-05-01,2021-04-12,3 wk ahead inc death,forecast
GB,quantile,0.8,168,2021-05-01,2021-04-12,3 wk ahead inc death,forecast
GB,quantile,0.85,179,2021-05-01,2021-04-12,3 wk ahead inc death,forecast
GB,quantile,0.9,194,2021-05-01,2021-04-12,3 wk ahead inc death,forecast
GB,quantile,0.95,220.05,2021-05-01,2021-04-12,3 wk ahead inc death,forecast
GB,quantile,0.975,248,2021-05-01,2021-04-12,3 wk ahead inc death,forecast
GB,quantile,0.99,276.01,2021-05-01,2021-04-12,3 wk ahead inc death,forecast
GB,point,,105,2021-05-08,2021-04-12,4 wk ahead inc death,forecast
GB,quantile,0.01,43,2021-05-08,2021-04-12,4 wk ahead inc death,forecast
GB,quantile,0.025,51,2021-05-08,2021-04-12,4 wk ahead inc death,forecast
GB,quantile,0.05,59,2021-05-08,2021-04-12,4 wk ahead inc death,forecast
GB,quantile,0.1,66,2021-05-08,2021-04-12,4 wk ahead inc death,forecast
GB,quantile,0.15,72,2021-05-08,2021-04-12,4 wk ahead inc death,forecast
GB,quantile,0.2,78,2021-05-08,2021-04-12,4 wk ahead inc death,forecast
GB,quantile,0.25,83,2021-05-08,2021-04-12,4 wk ahead inc death,forecast
GB,quantile,0.3,87,2021-05-08,2021-04-12,4 wk ahead inc death,forecast
GB,quantile,0.35,91,2021-05-08,2021-04-12,4 wk ahead inc death,forecast
GB,quantile,0.4,95,2021-05-08,2021-04-12,4 wk ahead inc death,forecast
GB,quantile,0.45,100,2021-05-08,2021-04-12,4 wk ahead inc death,forecast
GB,quantile,0.5,105,2021-05-08,2021-04-12,4 wk ahead inc death,forecast
GB,quantile,0.55,109,2021-05-08,2021-04-12,4 wk ahead inc death,forecast
GB,quantile,0.6,115,2021-05-08,2021-04-12,4 wk ahead inc death,forecast
GB,quantile,0.65,120,2021-05-08,2021-04-12,4 wk ahead inc death,forecast
GB,quantile,0.7,124.3,2021-05-08,2021-04-12,4 wk ahead inc death,forecast
GB,quantile,0.75,131,2021-05-08,2021-04-12,4 wk ahead inc death,forecast
GB,quantile,0.8,139,2021-05-08,2021-04-12,4 wk ahead inc death,forecast
GB,quantile,0.85,148,2021-05-08,2021-04-12,4 wk ahead inc death,forecast
GB,quantile,0.9,166,2021-05-08,2021-04-12,4 wk ahead inc death,forecast
GB,quantile,0.95,181.05,2021-05-08,2021-04-12,4 wk ahead inc death,forecast
GB,quantile,0.975,203,2021-05-08,2021-04-12,4 wk ahead inc death,forecast
GB,quantile,0.99,240.05,2021-05-08,2021-04-12,4 wk ahead inc death,forecast
PL,point,,3300.5,2021-04-17,2021-04-12,1 wk ahead inc death,forecast
PL,quantile,0.01,1607.91,2021-04-17,2021-04-12,1 wk ahead inc death,forecast
PL,quantile,0.025,1800.675,2021-04-17,2021-04-12,1 wk ahead inc death,forecast
PL,quantile,0.05,1993.75,2021-04-17,2021-04-12,1 wk ahead inc death,forecast
PL,quantile,0.1,2269.8,2021-04-17,2021-04-12,1 wk ahead inc death,forecast
PL,quantile,0.15,2439.1,2021-04-17,2021-04-12,1 wk ahead inc death,forecast
PL,quantile,0.2,2593.6,2021-04-17,2021-04-12,1 wk ahead inc death,forecast
PL,quantile,0.25,2723.25,2021-04-17,2021-04-12,1 wk ahead inc death,forecast
PL,quantile,0.3,2841.7,2021-04-17,2021-04-12,1 wk ahead inc death,forecast
PL,quantile,0.35,2958,2021-04-17,2021-04-12,1 wk ahead inc death,forecast
PL,quantile,0.4,3065.6,2021-04-17,2021-04-12,1 wk ahead inc death,forecast
PL,quantile,0.45,3192.55,2021-04-17,2021-04-12,1 wk ahead inc death,forecast
PL,quantile,0.5,3300.5,2021-04-17,2021-04-12,1 wk ahead inc death,forecast
PL,quantile,0.55,3471,2021-04-17,2021-04-12,1 wk ahead inc death,forecast
PL,quantile,0.6,3614,2021-04-17,2021-04-12,1 wk ahead inc death,forecast
PL,quantile,0.65,3795,2021-04-17,2021-04-12,1 wk ahead inc death,forecast
PL,quantile,0.7,3961,2021-04-17,2021-04-12,1 wk ahead inc death,forecast
PL,quantile,0.75,4154.25,2021-04-17,2021-04-12,1 wk ahead inc death,forecast
PL,quantile,0.8,4383.8,2021-04-17,2021-04-12,1 wk ahead inc death,forecast
PL,quantile,0.85,4678.05,2021-04-17,2021-04-12,1 wk ahead inc death,forecast
PL,quantile,0.9,5093.5,2021-04-17,2021-04-12,1 wk ahead inc death,forecast
PL,quantile,0.95,5654.35,2021-04-17,2021-04-12,1 wk ahead inc death,forecast
PL,quantile,0.975,6235.575,2021-04-17,2021-04-12,1 wk ahead inc death,forecast
PL,quantile,0.99,7334.39,2021-04-17,2021-04-12,1 wk ahead inc death,forecast
PL,point,,2855,2021-04-24,2021-04-12,2 wk ahead inc death,forecast
PL,quantile,0.01,1265.99,2021-04-24,2021-04-12,2 wk ahead inc death,forecast
PL,quantile,0.025,1431.775,2021-04-24,2021-04-12,2 wk ahead inc death,forecast
PL,quantile,0.05,1626.85,2021-04-24,2021-04-12,2 wk ahead inc death,forecast
PL,quantile,0.1,1842.9,2021-04-24,2021-04-12,2 wk ahead inc death,forecast
PL,quantile,0.15,2012,2021-04-24,2021-04-12,2 wk ahead inc death,forecast
PL,quantile,0.2,2162.2,2021-04-24,2021-04-12,2 wk ahead inc death,forecast
PL,quantile,0.25,2277.5,2021-04-24,2021-04-12,2 wk ahead inc death,forecast
PL,quantile,0.3,2408,2021-04-24,2021-04-12,2 wk ahead inc death,forecast
PL,quantile,0.35,2495.65,2021-04-24,2021-04-12,2 wk ahead inc death,forecast
PL,quantile,0.4,2615.6,2021-04-24,2021-04-12,2 wk ahead inc death,forecast
PL,quantile,0.45,2722,2021-04-24,2021-04-12,2 wk ahead inc death,forecast
PL,quantile,0.5,2855,2021-04-24,2021-04-12,2 wk ahead inc death,forecast
PL,quantile,0.55,2973,2021-04-24,2021-04-12,2 wk ahead inc death,forecast
PL,quantile,0.6,3118.2,2021-04-24,2021-04-12,2 wk ahead inc death,forecast
PL,quantile,0.65,3290.05,2021-04-24,2021-04-12,2 wk ahead inc death,forecast
PL,quantile,0.7,3468.3,2021-04-24,2021-04-12,2 wk ahead inc death,forecast
PL,quantile,0.75,3680.75,2021-04-24,2021-04-12,2 wk ahead inc death,forecast
PL,quantile,0.8,3880.2,2021-04-24,2021-04-12,2 wk ahead inc death,forecast
PL,quantile,0.85,4118.3,2021-04-24,2021-04-12,2 wk ahead inc death,forecast
PL,quantile,0.9,4487.3,2021-04-24,2021-04-12,2 wk ahead inc death,forecast
PL,quantile,0.95,5337.15,2021-04-24,2021-04-12,2 wk ahead inc death,forecast
PL,quantile,0.975,6213.575,2021-04-24,2021-04-12,2 wk ahead inc death,forecast
PL,quantile,0.99,7145.17,2021-04-24,2021-04-12,2 wk ahead inc death,forecast
PL,point,,2304,2021-05-01,2021-04-12,3 wk ahead inc death,forecast
PL,quantile,0.01,762.98,2021-05-01,2021-04-12,3 wk ahead inc death,forecast
PL,quantile,0.025,965.9,2021-05-01,2021-04-12,3 wk ahead inc death,forecast
PL,quantile,0.05,1121.7,2021-05-01,2021-04-12,3 wk ahead inc death,forecast
PL,quantile,0.1,1343,2021-05-01,2021-04-12,3 wk ahead inc death,forecast
PL,quantile,0.15,1497,2021-05-01,2021-04-12,3 wk ahead inc death,forecast
PL,quantile,0.2,1618,2021-05-01,2021-04-12,3 wk ahead inc death,forecast
PL,quantile,0.25,1733.5,2021-05-01,2021-04-12,3 wk ahead inc death,forecast
PL,quantile,0.3,1851.7,2021-05-01,2021-04-12,3 wk ahead inc death,forecast
PL,quantile,0.35,1967,2021-05-01,2021-04-12,3 wk ahead inc death,forecast
PL,quantile,0.4,2079.6,2021-05-01,2021-04-12,3 wk ahead inc death,forecast
PL,quantile,0.45,2191,2021-05-01,2021-04-12,3 wk ahead inc death,forecast
PL,quantile,0.5,2304,2021-05-01,2021-04-12,3 wk ahead inc death,forecast
PL,quantile,0.55,2425,2021-05-01,2021-04-12,3 wk ahead inc death,forecast
PL,quantile,0.6,2572.8,2021-05-01,2021-04-12,3 wk ahead inc death,forecast
PL,quantile,0.65,2698.4,2021-05-01,2021-04-12,3 wk ahead inc death,forecast
PL,quantile,0.7,2826.6,2021-05-01,2021-04-12,3 wk ahead inc death,forecast
PL,quantile,0.75,2979.5,2021-05-01,2021-04-12,3 wk ahead inc death,forecast
PL,quantile,0.8,3238.2,2021-05-01,2021-04-12,3 wk ahead inc death,forecast
PL,quantile,0.85,3524.15,2021-05-01,2021-04-12,3 wk ahead inc death,forecast
PL,quantile,0.9,3930.2,2021-05-01,2021-04-12,3 wk ahead inc death,forecast
PL,quantile,0.95,4473,2021-05-01,2021-04-12,3 wk ahead inc death,forecast
PL,quantile,0.975,5147.05,2021-05-01,2021-04-12,3 wk ahead inc death,forecast
PL,quantile,0.99,5855.05,2021-05-01,2021-04-12,3 wk ahead inc death,forecast
PL,point,,1865.5,2021-05-08,2021-04-12,4 wk ahead inc death,forecast
PL,quantile,0.01,474.99,2021-05-08,2021-04-12,4 wk ahead inc death,forecast
PL,quantile,0.025,581,2021-05-08,2021-04-12,4 wk ahead inc death,forecast
PL,quantile,0.05,716.9,2021-05-08,2021-04-12,4 wk ahead inc death,forecast
PL,quantile,0.1,891.7,2021-05-08,2021-04-12,4 wk ahead inc death,forecast
PL,quantile,0.15,1037,2021-05-08,2021-04-12,4 wk ahead inc death,forecast
PL,quantile,0.2,1157,2021-05-08,2021-04-12,4 wk ahead inc death,forecast
PL,quantile,0.25,1280,2021-05-08,2021-04-12,4 wk ahead inc death,forecast
PL,quantile,0.3,1393,2021-05-08,2021-04-12,4 wk ahead inc death,forecast
PL,quantile,0.35,1507.65,2021-05-08,2021-04-12,4 wk ahead inc death,forecast
PL,quantile,0.4,1619,2021-05-08,2021-04-12,4 wk ahead inc death,forecast
PL,quantile,0.45,1738.55,2021-05-08,2021-04-12,4 wk ahead inc death,forecast
PL,quantile,0.5,1865.5,2021-05-08,2021-04-12,4 wk ahead inc death,forecast
PL,quantile,0.55,1988.45,2021-05-08,2021-04-12,4 wk ahead inc death,forecast
PL,quantile,0.6,2118.8,2021-05-08,2021-04-12,4 wk ahead inc death,forecast
PL,quantile,0.65,2247.4,2021-05-08,2021-04-12,4 wk ahead inc death,forecast
PL,quantile,0.7,2417,2021-05-08,2021-04-12,4 wk ahead inc death,forecast
PL,quantile,0.75,2574.75,2021-05-08,2021-04-12,4 wk ahead inc death,forecast
PL,quantile,0.8,2739.2,2021-05-08,2021-04-12,4 wk ahead inc death,forecast
PL,quantile,0.85,2957.15,2021-05-08,2021-04-12,4 wk ahead inc death,forecast
PL,quantile,0.9,3226.1,2021-05-08,2021-04-12,4 wk ahead inc death,forecast
PL,quantile,0.95,3696.55,2021-05-08,2021-04-12,4 wk ahead inc death,forecast
PL,quantile,0.975,4268.175,2021-05-08,2021-04-12,4 wk ahead inc death,forecast
PL,quantile,0.99,5232.14,2021-05-08,2021-04-12,4 wk ahead inc death,forecast
