location,target,type,quantile,target_end_date,forecast_date,scenario_id,value
DE,1 wk ahead inc case,point,,2021-07-03,2021-06-28,forecast,2693
DE,1 wk ahead inc case,quantile,0.01,2021-07-03,2021-06-28,forecast,1382
DE,1 wk ahead inc case,quantile,0.025,2021-07-03,2021-06-28,forecast,1488
DE,1 wk ahead inc case,quantile,0.05,2021-07-03,2021-06-28,forecast,1688
DE,1 wk ahead inc case,quantile,0.1,2021-07-03,2021-06-28,forecast,1876
DE,1 wk ahead inc case,quantile,0.15,2021-07-03,2021-06-28,forecast,2034
DE,1 wk ahead inc case,quantile,0.2,2021-07-03,2021-06-28,forecast,2162
DE,1 wk ahead inc case,quantile,0.25,2021-07-03,2021-06-28,forecast,2256
DE,1 wk ahead inc case,quantile,0.3,2021-07-03,2021-06-28,forecast,2350
DE,1 wk ahead inc case,quantile,0.35,2021-07-03,2021-06-28,forecast,2436
DE,1 wk ahead inc case,quantile,0.4,2021-07-03,2021-06-28,forecast,2510
DE,1 wk ahead inc case,quantile,0.45,2021-07-03,2021-06-28,forecast,2594
DE,1 wk ahead inc case,quantile,0.5,2021-07-03,2021-06-28,forecast,2693
DE,1 wk ahead inc case,quantile,0.55,2021-07-03,2021-06-28,forecast,2780
DE,1 wk ahead inc case,quantile,0.6,2021-07-03,2021-06-28,forecast,2886
DE,1 wk ahead inc case,quantile,0.65,2021-07-03,2021-06-28,forecast,3000
DE,1 wk ahead inc case,quantile,0.7,2021-07-03,2021-06-28,forecast,3103
DE,1 wk ahead inc case,quantile,0.75,2021-07-03,2021-06-28,forecast,3256
DE,1 wk ahead inc case,quantile,0.8,2021-07-03,2021-06-28,forecast,3400
DE,1 wk ahead inc case,quantile,0.85,2021-07-03,2021-06-28,forecast,3621
DE,1 wk ahead inc case,quantile,0.9,2021-07-03,2021-06-28,forecast,3878
DE,1 wk ahead inc case,quantile,0.95,2021-07-03,2021-06-28,forecast,4198
DE,1 wk ahead inc case,quantile,0.975,2021-07-03,2021-06-28,forecast,4654
DE,1 wk ahead inc case,quantile,0.99,2021-07-03,2021-06-28,forecast,5133
DE,1 wk ahead inc death,point,,2021-07-03,2021-06-28,forecast,174
DE,1 wk ahead inc death,quantile,0.01,2021-07-03,2021-06-28,forecast,96
DE,1 wk ahead inc death,quantile,0.025,2021-07-03,2021-06-28,forecast,105
DE,1 wk ahead inc death,quantile,0.05,2021-07-03,2021-06-28,forecast,114
DE,1 wk ahead inc death,quantile,0.1,2021-07-03,2021-06-28,forecast,127
DE,1 wk ahead inc death,quantile,0.15,2021-07-03,2021-06-28,forecast,136
DE,1 wk ahead inc death,quantile,0.2,2021-07-03,2021-06-28,forecast,143
DE,1 wk ahead inc death,quantile,0.25,2021-07-03,2021-06-28,forecast,150
DE,1 wk ahead inc death,quantile,0.3,2021-07-03,2021-06-28,forecast,155
DE,1 wk ahead inc death,quantile,0.35,2021-07-03,2021-06-28,forecast,160
DE,1 wk ahead inc death,quantile,0.4,2021-07-03,2021-06-28,forecast,166
DE,1 wk ahead inc death,quantile,0.45,2021-07-03,2021-06-28,forecast,170
DE,1 wk ahead inc death,quantile,0.5,2021-07-03,2021-06-28,forecast,174
DE,1 wk ahead inc death,quantile,0.55,2021-07-03,2021-06-28,forecast,180
DE,1 wk ahead inc death,quantile,0.6,2021-07-03,2021-06-28,forecast,186
DE,1 wk ahead inc death,quantile,0.65,2021-07-03,2021-06-28,forecast,192
DE,1 wk ahead inc death,quantile,0.7,2021-07-03,2021-06-28,forecast,198
DE,1 wk ahead inc death,quantile,0.75,2021-07-03,2021-06-28,forecast,205
DE,1 wk ahead inc death,quantile,0.8,2021-07-03,2021-06-28,forecast,212
DE,1 wk ahead inc death,quantile,0.85,2021-07-03,2021-06-28,forecast,222
DE,1 wk ahead inc death,quantile,0.9,2021-07-03,2021-06-28,forecast,232
DE,1 wk ahead inc death,quantile,0.95,2021-07-03,2021-06-28,forecast,248
DE,1 wk ahead inc death,quantile,0.975,2021-07-03,2021-06-28,forecast,270
DE,1 wk ahead inc death,quantile,0.99,2021-07-03,2021-06-28,forecast,290
DE,2 wk ahead inc case,point,,2021-07-10,2021-06-28,forecast,1592
DE,2 wk ahead inc case,quantile,0.01,2021-07-10,2021-06-28,forecast,774
DE,2 wk ahead inc case,quantile,0.025,2021-07-10,2021-06-28,forecast,864
DE,2 wk ahead inc case,quantile,0.05,2021-07-10,2021-06-28,forecast,946
DE,2 wk ahead inc case,quantile,0.1,2021-07-10,2021-06-28,forecast,1066
DE,2 wk ahead inc case,quantile,0.15,2021-07-10,2021-06-28,forecast,1152
DE,2 wk ahead inc case,quantile,0.2,2021-07-10,2021-06-28,forecast,1225
DE,2 wk ahead inc case,quantile,0.25,2021-07-10,2021-06-28,forecast,1287
DE,2 wk ahead inc case,quantile,0.3,2021-07-10,2021-06-28,forecast,1358
DE,2 wk ahead inc case,quantile,0.35,2021-07-10,2021-06-28,forecast,1412
DE,2 wk ahead inc case,quantile,0.4,2021-07-10,2021-06-28,forecast,1469
DE,2 wk ahead inc case,quantile,0.45,2021-07-10,2021-06-28,forecast,1532
DE,2 wk ahead inc case,quantile,0.5,2021-07-10,2021-06-28,forecast,1592
DE,2 wk ahead inc case,quantile,0.55,2021-07-10,2021-06-28,forecast,1656
DE,2 wk ahead inc case,quantile,0.6,2021-07-10,2021-06-28,forecast,1714
DE,2 wk ahead inc case,quantile,0.65,2021-07-10,2021-06-28,forecast,1787
DE,2 wk ahead inc case,quantile,0.7,2021-07-10,2021-06-28,forecast,1877
DE,2 wk ahead inc case,quantile,0.75,2021-07-10,2021-06-28,forecast,1968
DE,2 wk ahead inc case,quantile,0.8,2021-07-10,2021-06-28,forecast,2066
DE,2 wk ahead inc case,quantile,0.85,2021-07-10,2021-06-28,forecast,2206
DE,2 wk ahead inc case,quantile,0.9,2021-07-10,2021-06-28,forecast,2346
DE,2 wk ahead inc case,quantile,0.95,2021-07-10,2021-06-28,forecast,2600
DE,2 wk ahead inc case,quantile,0.975,2021-07-10,2021-06-28,forecast,2782
DE,2 wk ahead inc case,quantile,0.99,2021-07-10,2021-06-28,forecast,3034
DE,2 wk ahead inc death,point,,2021-07-10,2021-06-28,forecast,100
DE,2 wk ahead inc death,quantile,0.01,2021-07-10,2021-06-28,forecast,55
DE,2 wk ahead inc death,quantile,0.025,2021-07-10,2021-06-28,forecast,62
DE,2 wk ahead inc death,quantile,0.05,2021-07-10,2021-06-28,forecast,66
DE,2 wk ahead inc death,quantile,0.1,2021-07-10,2021-06-28,forecast,73
DE,2 wk ahead inc death,quantile,0.15,2021-07-10,2021-06-28,forecast,78
DE,2 wk ahead inc death,quantile,0.2,2021-07-10,2021-06-28,forecast,82
DE,2 wk ahead inc death,quantile,0.25,2021-07-10,2021-06-28,forecast,85
DE,2 wk ahead inc death,quantile,0.3,2021-07-10,2021-06-28,forecast,88
DE,2 wk ahead inc death,quantile,0.35,2021-07-10,2021-06-28,forecast,92
DE,2 wk ahead inc death,quantile,0.4,2021-07-10,2021-06-28,forecast,94
DE,2 wk ahead inc death,quantile,0.45,2021-07-10,2021-06-28,forecast,98
DE,2 wk ahead inc death,quantile,0.5,2021-07-10,2021-06-28,forecast,100
DE,2 wk ahead inc death,quantile,0.55,2021-07-10,2021-06-28,forecast,104
DE,2 wk ahead inc death,quantile,0.6,2021-07-10,2021-06-28,forecast,107
DE,2 wk ahead inc death,quantile,0.65,2021-07-10,2021-06-28,forecast,110
DE,2 wk ahead inc death,quantile,0.7,2021-07-10,2021-06-28,forecast,114
DE,2 wk ahead inc death,quantile,0.75,2021-07-10,2021-06-28,forecast,118
DE,2 wk ahead inc death,quantile,0.8,2021-07-10,2021-06-28,forecast,121
DE,2 wk ahead inc death,quantile,0.85,2021-07-10,2021-06-28,forecast,126
DE,2 wk ahead inc death,quantile,0.9,2021-07-10,2021-06-28,forecast,133
DE,2 wk ahead inc death,quantile,0.95,2021-07-10,2021-06-28,forecast,144
DE,2 wk ahead inc death,quantile,0.975,2021-07-10,2021-06-28,forecast,154
DE,2 wk ahead inc death,quantile,0.99,2021-07-10,2021-06-28,forecast,164
DE,3 wk ahead inc case,point,,2021-07-17,2021-06-28,forecast,960
DE,3 wk ahead inc case,quantile,0.01,2021-07-17,2021-06-28,forecast,388
DE,3 wk ahead inc case,quantile,0.025,2021-07-17,2021-06-28,forecast,456
DE,3 wk ahead inc case,quantile,0.05,2021-07-17,2021-06-28,forecast,520
DE,3 wk ahead inc case,quantile,0.1,2021-07-17,2021-06-28,forecast,590
DE,3 wk ahead inc case,quantile,0.15,2021-07-17,2021-06-28,forecast,640
DE,3 wk ahead inc case,quantile,0.2,2021-07-17,2021-06-28,forecast,697
DE,3 wk ahead inc case,quantile,0.25,2021-07-17,2021-06-28,forecast,743
DE,3 wk ahead inc case,quantile,0.3,2021-07-17,2021-06-28,forecast,794
DE,3 wk ahead inc case,quantile,0.35,2021-07-17,2021-06-28,forecast,838
DE,3 wk ahead inc case,quantile,0.4,2021-07-17,2021-06-28,forecast,878
DE,3 wk ahead inc case,quantile,0.45,2021-07-17,2021-06-28,forecast,920
DE,3 wk ahead inc case,quantile,0.5,2021-07-17,2021-06-28,forecast,960
DE,3 wk ahead inc case,quantile,0.55,2021-07-17,2021-06-28,forecast,1002
DE,3 wk ahead inc case,quantile,0.6,2021-07-17,2021-06-28,forecast,1061
DE,3 wk ahead inc case,quantile,0.65,2021-07-17,2021-06-28,forecast,1108
DE,3 wk ahead inc case,quantile,0.7,2021-07-17,2021-06-28,forecast,1159
DE,3 wk ahead inc case,quantile,0.75,2021-07-17,2021-06-28,forecast,1223
DE,3 wk ahead inc case,quantile,0.8,2021-07-17,2021-06-28,forecast,1300
DE,3 wk ahead inc case,quantile,0.85,2021-07-17,2021-06-28,forecast,1386
DE,3 wk ahead inc case,quantile,0.9,2021-07-17,2021-06-28,forecast,1509
DE,3 wk ahead inc case,quantile,0.95,2021-07-17,2021-06-28,forecast,1702
DE,3 wk ahead inc case,quantile,0.975,2021-07-17,2021-06-28,forecast,1875
DE,3 wk ahead inc case,quantile,0.99,2021-07-17,2021-06-28,forecast,2068
DE,3 wk ahead inc death,point,,2021-07-17,2021-06-28,forecast,58
DE,3 wk ahead inc death,quantile,0.01,2021-07-17,2021-06-28,forecast,28
DE,3 wk ahead inc death,quantile,0.025,2021-07-17,2021-06-28,forecast,33
DE,3 wk ahead inc death,quantile,0.05,2021-07-17,2021-06-28,forecast,36
DE,3 wk ahead inc death,quantile,0.1,2021-07-17,2021-06-28,forecast,40
DE,3 wk ahead inc death,quantile,0.15,2021-07-17,2021-06-28,forecast,44
DE,3 wk ahead inc death,quantile,0.2,2021-07-17,2021-06-28,forecast,46
DE,3 wk ahead inc death,quantile,0.25,2021-07-17,2021-06-28,forecast,48
DE,3 wk ahead inc death,quantile,0.3,2021-07-17,2021-06-28,forecast,50
DE,3 wk ahead inc death,quantile,0.35,2021-07-17,2021-06-28,forecast,52
DE,3 wk ahead inc death,quantile,0.4,2021-07-17,2021-06-28,forecast,54
DE,3 wk ahead inc death,quantile,0.45,2021-07-17,2021-06-28,forecast,56
DE,3 wk ahead inc death,quantile,0.5,2021-07-17,2021-06-28,forecast,58
DE,3 wk ahead inc death,quantile,0.55,2021-07-17,2021-06-28,forecast,61
DE,3 wk ahead inc death,quantile,0.6,2021-07-17,2021-06-28,forecast,62
DE,3 wk ahead inc death,quantile,0.65,2021-07-17,2021-06-28,forecast,65
DE,3 wk ahead inc death,quantile,0.7,2021-07-17,2021-06-28,forecast,67
DE,3 wk ahead inc death,quantile,0.75,2021-07-17,2021-06-28,forecast,70
DE,3 wk ahead inc death,quantile,0.8,2021-07-17,2021-06-28,forecast,74
DE,3 wk ahead inc death,quantile,0.85,2021-07-17,2021-06-28,forecast,77
DE,3 wk ahead inc death,quantile,0.9,2021-07-17,2021-06-28,forecast,82
DE,3 wk ahead inc death,quantile,0.95,2021-07-17,2021-06-28,forecast,89
DE,3 wk ahead inc death,quantile,0.975,2021-07-17,2021-06-28,forecast,98
DE,3 wk ahead inc death,quantile,0.99,2021-07-17,2021-06-28,forecast,107
DE,4 wk ahead inc case,point,,2021-07-24,2021-06-28,forecast,594
DE,4 wk ahead inc case,quantile,0.01,2021-07-24,2021-06-28,forecast,202
DE,4 wk ahead inc case,quantile,0.025,2021-07-24,2021-06-28,forecast,240
DE,4 wk ahead inc case,quantile,0.05,2021-07-24,2021-06-28,forecast,270
DE,4 wk ahead inc case,quantile,0.1,2021-07-24,2021-06-28,forecast,323
DE,4 wk ahead inc case,quantile,0.15,2021-07-24,2021-06-28,forecast,362
DE,4 wk ahead inc case,quantile,0.2,2021-07-24,2021-06-28,forecast,394
DE,4 wk ahead inc case,quantile,0.25,2021-07-24,2021-06-28,forecast,430
DE,4 wk ahead inc case,quantile,0.3,2021-07-24,2021-06-28,forecast,467
DE,4 wk ahead inc case,quantile,0.35,2021-07-24,2021-06-28,forecast,494
DE,4 wk ahead inc case,quantile,0.4,2021-07-24,2021-06-28,forecast,522
DE,4 wk ahead inc case,quantile,0.45,2021-07-24,2021-06-28,forecast,560
DE,4 wk ahead inc case,quantile,0.5,2021-07-24,2021-06-28,forecast,594
DE,4 wk ahead inc case,quantile,0.55,2021-07-24,2021-06-28,forecast,634
DE,4 wk ahead inc case,quantile,0.6,2021-07-24,2021-06-28,forecast,672
DE,4 wk ahead inc case,quantile,0.65,2021-07-24,2021-06-28,forecast,714
DE,4 wk ahead inc case,quantile,0.7,2021-07-24,2021-06-28,forecast,754
DE,4 wk ahead inc case,quantile,0.75,2021-07-24,2021-06-28,forecast,802
DE,4 wk ahead inc case,quantile,0.8,2021-07-24,2021-06-28,forecast,866
DE,4 wk ahead inc case,quantile,0.85,2021-07-24,2021-06-28,forecast,936
DE,4 wk ahead inc case,quantile,0.9,2021-07-24,2021-06-28,forecast,1053
DE,4 wk ahead inc case,quantile,0.95,2021-07-24,2021-06-28,forecast,1211
DE,4 wk ahead inc case,quantile,0.975,2021-07-24,2021-06-28,forecast,1417
DE,4 wk ahead inc case,quantile,0.99,2021-07-24,2021-06-28,forecast,1622
DE,4 wk ahead inc death,point,,2021-07-24,2021-06-28,forecast,35
DE,4 wk ahead inc death,quantile,0.01,2021-07-24,2021-06-28,forecast,14
DE,4 wk ahead inc death,quantile,0.025,2021-07-24,2021-06-28,forecast,16
DE,4 wk ahead inc death,quantile,0.05,2021-07-24,2021-06-28,forecast,19
DE,4 wk ahead inc death,quantile,0.1,2021-07-24,2021-06-28,forecast,22
DE,4 wk ahead inc death,quantile,0.15,2021-07-24,2021-06-28,forecast,24
DE,4 wk ahead inc death,quantile,0.2,2021-07-24,2021-06-28,forecast,26
DE,4 wk ahead inc death,quantile,0.25,2021-07-24,2021-06-28,forecast,28
DE,4 wk ahead inc death,quantile,0.3,2021-07-24,2021-06-28,forecast,29
DE,4 wk ahead inc death,quantile,0.35,2021-07-24,2021-06-28,forecast,31
DE,4 wk ahead inc death,quantile,0.4,2021-07-24,2021-06-28,forecast,32
DE,4 wk ahead inc death,quantile,0.45,2021-07-24,2021-06-28,forecast,34
DE,4 wk ahead inc death,quantile,0.5,2021-07-24,2021-06-28,forecast,35
DE,4 wk ahead inc death,quantile,0.55,2021-07-24,2021-06-28,forecast,36
DE,4 wk ahead inc death,quantile,0.6,2021-07-24,2021-06-28,forecast,38
DE,4 wk ahead inc death,quantile,0.65,2021-07-24,2021-06-28,forecast,40
DE,4 wk ahead inc death,quantile,0.7,2021-07-24,2021-06-28,forecast,42
DE,4 wk ahead inc death,quantile,0.75,2021-07-24,2021-06-28,forecast,44
DE,4 wk ahead inc death,quantile,0.8,2021-07-24,2021-06-28,forecast,46
DE,4 wk ahead inc death,quantile,0.85,2021-07-24,2021-06-28,forecast,50
DE,4 wk ahead inc death,quantile,0.9,2021-07-24,2021-06-28,forecast,52
DE,4 wk ahead inc death,quantile,0.95,2021-07-24,2021-06-28,forecast,59
DE,4 wk ahead inc death,quantile,0.975,2021-07-24,2021-06-28,forecast,66
DE,4 wk ahead inc death,quantile,0.99,2021-07-24,2021-06-28,forecast,72
GB,1 wk ahead inc case,point,,2021-07-03,2021-06-28,forecast,142838
GB,1 wk ahead inc case,quantile,0.01,2021-07-03,2021-06-28,forecast,78566
GB,1 wk ahead inc case,quantile,0.025,2021-07-03,2021-06-28,forecast,84621
GB,1 wk ahead inc case,quantile,0.05,2021-07-03,2021-06-28,forecast,91538
GB,1 wk ahead inc case,quantile,0.1,2021-07-03,2021-06-28,forecast,101460
GB,1 wk ahead inc case,quantile,0.15,2021-07-03,2021-06-28,forecast,108945
GB,1 wk ahead inc case,quantile,0.2,2021-07-03,2021-06-28,forecast,114702
GB,1 wk ahead inc case,quantile,0.25,2021-07-03,2021-06-28,forecast,119720
GB,1 wk ahead inc case,quantile,0.3,2021-07-03,2021-06-28,forecast,123705
GB,1 wk ahead inc case,quantile,0.35,2021-07-03,2021-06-28,forecast,129341
GB,1 wk ahead inc case,quantile,0.4,2021-07-03,2021-06-28,forecast,133798
GB,1 wk ahead inc case,quantile,0.45,2021-07-03,2021-06-28,forecast,137965
GB,1 wk ahead inc case,quantile,0.5,2021-07-03,2021-06-28,forecast,142838
GB,1 wk ahead inc case,quantile,0.55,2021-07-03,2021-06-28,forecast,147373
GB,1 wk ahead inc case,quantile,0.6,2021-07-03,2021-06-28,forecast,152233
GB,1 wk ahead inc case,quantile,0.65,2021-07-03,2021-06-28,forecast,157714
GB,1 wk ahead inc case,quantile,0.7,2021-07-03,2021-06-28,forecast,162457
GB,1 wk ahead inc case,quantile,0.75,2021-07-03,2021-06-28,forecast,168426
GB,1 wk ahead inc case,quantile,0.8,2021-07-03,2021-06-28,forecast,176046
GB,1 wk ahead inc case,quantile,0.85,2021-07-03,2021-06-28,forecast,184125
GB,1 wk ahead inc case,quantile,0.9,2021-07-03,2021-06-28,forecast,196746
GB,1 wk ahead inc case,quantile,0.95,2021-07-03,2021-06-28,forecast,215168
GB,1 wk ahead inc case,quantile,0.975,2021-07-03,2021-06-28,forecast,232461
GB,1 wk ahead inc case,quantile,0.99,2021-07-03,2021-06-28,forecast,257331
GB,1 wk ahead inc death,point,,2021-07-03,2021-06-28,forecast,195
GB,1 wk ahead inc death,quantile,0.01,2021-07-03,2021-06-28,forecast,120
GB,1 wk ahead inc death,quantile,0.025,2021-07-03,2021-06-28,forecast,131
GB,1 wk ahead inc death,quantile,0.05,2021-07-03,2021-06-28,forecast,142
GB,1 wk ahead inc death,quantile,0.1,2021-07-03,2021-06-28,forecast,152
GB,1 wk ahead inc death,quantile,0.15,2021-07-03,2021-06-28,forecast,160
GB,1 wk ahead inc death,quantile,0.2,2021-07-03,2021-06-28,forecast,168
GB,1 wk ahead inc death,quantile,0.25,2021-07-03,2021-06-28,forecast,173
GB,1 wk ahead inc death,quantile,0.3,2021-07-03,2021-06-28,forecast,177
GB,1 wk ahead inc death,quantile,0.35,2021-07-03,2021-06-28,forecast,182
GB,1 wk ahead inc death,quantile,0.4,2021-07-03,2021-06-28,forecast,186
GB,1 wk ahead inc death,quantile,0.45,2021-07-03,2021-06-28,forecast,190
GB,1 wk ahead inc death,quantile,0.5,2021-07-03,2021-06-28,forecast,195
GB,1 wk ahead inc death,quantile,0.55,2021-07-03,2021-06-28,forecast,201
GB,1 wk ahead inc death,quantile,0.6,2021-07-03,2021-06-28,forecast,206
GB,1 wk ahead inc death,quantile,0.65,2021-07-03,2021-06-28,forecast,211
GB,1 wk ahead inc death,quantile,0.7,2021-07-03,2021-06-28,forecast,217
GB,1 wk ahead inc death,quantile,0.75,2021-07-03,2021-06-28,forecast,224
GB,1 wk ahead inc death,quantile,0.8,2021-07-03,2021-06-28,forecast,233
GB,1 wk ahead inc death,quantile,0.85,2021-07-03,2021-06-28,forecast,243
GB,1 wk ahead inc death,quantile,0.9,2021-07-03,2021-06-28,forecast,256
GB,1 wk ahead inc death,quantile,0.95,2021-07-03,2021-06-28,forecast,277
GB,1 wk ahead inc death,quantile,0.975,2021-07-03,2021-06-28,forecast,299
GB,1 wk ahead inc death,quantile,0.99,2021-07-03,2021-06-28,forecast,327
GB,2 wk ahead inc case,point,,2021-07-10,2021-06-28,forecast,188907
GB,2 wk ahead inc case,quantile,0.01,2021-07-10,2021-06-28,forecast,101710
GB,2 wk ahead inc case,quantile,0.025,2021-07-10,2021-06-28,forecast,111965
GB,2 wk ahead inc case,quantile,0.05,2021-07-10,2021-06-28,forecast,119949
GB,2 wk ahead inc case,quantile,0.1,2021-07-10,2021-06-28,forecast,133025
GB,2 wk ahead inc case,quantile,0.15,2021-07-10,2021-06-28,forecast,142978
GB,2 wk ahead inc case,quantile,0.2,2021-07-10,2021-06-28,forecast,150700
GB,2 wk ahead inc case,quantile,0.25,2021-07-10,2021-06-28,forecast,157055
GB,2 wk ahead inc case,quantile,0.3,2021-07-10,2021-06-28,forecast,163617
GB,2 wk ahead inc case,quantile,0.35,2021-07-10,2021-06-28,forecast,170219
GB,2 wk ahead inc case,quantile,0.4,2021-07-10,2021-06-28,forecast,176646
GB,2 wk ahead inc case,quantile,0.45,2021-07-10,2021-06-28,forecast,182038
GB,2 wk ahead inc case,quantile,0.5,2021-07-10,2021-06-28,forecast,188907
GB,2 wk ahead inc case,quantile,0.55,2021-07-10,2021-06-28,forecast,194715
GB,2 wk ahead inc case,quantile,0.6,2021-07-10,2021-06-28,forecast,200712
GB,2 wk ahead inc case,quantile,0.65,2021-07-10,2021-06-28,forecast,207678
GB,2 wk ahead inc case,quantile,0.7,2021-07-10,2021-06-28,forecast,214851
GB,2 wk ahead inc case,quantile,0.75,2021-07-10,2021-06-28,forecast,224112
GB,2 wk ahead inc case,quantile,0.8,2021-07-10,2021-06-28,forecast,233338
GB,2 wk ahead inc case,quantile,0.85,2021-07-10,2021-06-28,forecast,243918
GB,2 wk ahead inc case,quantile,0.9,2021-07-10,2021-06-28,forecast,261967
GB,2 wk ahead inc case,quantile,0.95,2021-07-10,2021-06-28,forecast,285140
GB,2 wk ahead inc case,quantile,0.975,2021-07-10,2021-06-28,forecast,306182
GB,2 wk ahead inc case,quantile,0.99,2021-07-10,2021-06-28,forecast,340706
GB,2 wk ahead inc death,point,,2021-07-10,2021-06-28,forecast,289
GB,2 wk ahead inc death,quantile,0.01,2021-07-10,2021-06-28,forecast,176
GB,2 wk ahead inc death,quantile,0.025,2021-07-10,2021-06-28,forecast,190
GB,2 wk ahead inc death,quantile,0.05,2021-07-10,2021-06-28,forecast,204
GB,2 wk ahead inc death,quantile,0.1,2021-07-10,2021-06-28,forecast,222
GB,2 wk ahead inc death,quantile,0.15,2021-07-10,2021-06-28,forecast,234
GB,2 wk ahead inc death,quantile,0.2,2021-07-10,2021-06-28,forecast,243
GB,2 wk ahead inc death,quantile,0.25,2021-07-10,2021-06-28,forecast,252
GB,2 wk ahead inc death,quantile,0.3,2021-07-10,2021-06-28,forecast,260
GB,2 wk ahead inc death,quantile,0.35,2021-07-10,2021-06-28,forecast,268
GB,2 wk ahead inc death,quantile,0.4,2021-07-10,2021-06-28,forecast,274
GB,2 wk ahead inc death,quantile,0.45,2021-07-10,2021-06-28,forecast,281
GB,2 wk ahead inc death,quantile,0.5,2021-07-10,2021-06-28,forecast,289
GB,2 wk ahead inc death,quantile,0.55,2021-07-10,2021-06-28,forecast,296
GB,2 wk ahead inc death,quantile,0.6,2021-07-10,2021-06-28,forecast,306
GB,2 wk ahead inc death,quantile,0.65,2021-07-10,2021-06-28,forecast,314
GB,2 wk ahead inc death,quantile,0.7,2021-07-10,2021-06-28,forecast,324
GB,2 wk ahead inc death,quantile,0.75,2021-07-10,2021-06-28,forecast,332
GB,2 wk ahead inc death,quantile,0.8,2021-07-10,2021-06-28,forecast,345
GB,2 wk ahead inc death,quantile,0.85,2021-07-10,2021-06-28,forecast,361
GB,2 wk ahead inc death,quantile,0.9,2021-07-10,2021-06-28,forecast,382
GB,2 wk ahead inc death,quantile,0.95,2021-07-10,2021-06-28,forecast,420
GB,2 wk ahead inc death,quantile,0.975,2021-07-10,2021-06-28,forecast,459
GB,2 wk ahead inc death,quantile,0.99,2021-07-10,2021-06-28,forecast,500
GB,3 wk ahead inc case,point,,2021-07-17,2021-06-28,forecast,212872
GB,3 wk ahead inc case,quantile,0.01,2021-07-17,2021-06-28,forecast,113002
GB,3 wk ahead inc case,quantile,0.025,2021-07-17,2021-06-28,forecast,128184
GB,3 wk ahead inc case,quantile,0.05,2021-07-17,2021-06-28,forecast,135297
GB,3 wk ahead inc case,quantile,0.1,2021-07-17,2021-06-28,forecast,150346
GB,3 wk ahead inc case,quantile,0.15,2021-07-17,2021-06-28,forecast,161741
GB,3 wk ahead inc case,quantile,0.2,2021-07-17,2021-06-28,forecast,168246
GB,3 wk ahead inc case,quantile,0.25,2021-07-17,2021-06-28,forecast,176592
GB,3 wk ahead inc case,quantile,0.3,2021-07-17,2021-06-28,forecast,183012
GB,3 wk ahead inc case,quantile,0.35,2021-07-17,2021-06-28,forecast,191030
GB,3 wk ahead inc case,quantile,0.4,2021-07-17,2021-06-28,forecast,199576
GB,3 wk ahead inc case,quantile,0.45,2021-07-17,2021-06-28,forecast,206797
GB,3 wk ahead inc case,quantile,0.5,2021-07-17,2021-06-28,forecast,212872
GB,3 wk ahead inc case,quantile,0.55,2021-07-17,2021-06-28,forecast,221321
GB,3 wk ahead inc case,quantile,0.6,2021-07-17,2021-06-28,forecast,227834
GB,3 wk ahead inc case,quantile,0.65,2021-07-17,2021-06-28,forecast,237651
GB,3 wk ahead inc case,quantile,0.7,2021-07-17,2021-06-28,forecast,244752
GB,3 wk ahead inc case,quantile,0.75,2021-07-17,2021-06-28,forecast,253823
GB,3 wk ahead inc case,quantile,0.8,2021-07-17,2021-06-28,forecast,264619
GB,3 wk ahead inc case,quantile,0.85,2021-07-17,2021-06-28,forecast,275993
GB,3 wk ahead inc case,quantile,0.9,2021-07-17,2021-06-28,forecast,293633
GB,3 wk ahead inc case,quantile,0.95,2021-07-17,2021-06-28,forecast,323390
GB,3 wk ahead inc case,quantile,0.975,2021-07-17,2021-06-28,forecast,349988
GB,3 wk ahead inc case,quantile,0.99,2021-07-17,2021-06-28,forecast,376276
GB,3 wk ahead inc death,point,,2021-07-17,2021-06-28,forecast,422
GB,3 wk ahead inc death,quantile,0.01,2021-07-17,2021-06-28,forecast,234
GB,3 wk ahead inc death,quantile,0.025,2021-07-17,2021-06-28,forecast,258
GB,3 wk ahead inc death,quantile,0.05,2021-07-17,2021-06-28,forecast,280
GB,3 wk ahead inc death,quantile,0.1,2021-07-17,2021-06-28,forecast,308
GB,3 wk ahead inc death,quantile,0.15,2021-07-17,2021-06-28,forecast,326
GB,3 wk ahead inc death,quantile,0.2,2021-07-17,2021-06-28,forecast,344
GB,3 wk ahead inc death,quantile,0.25,2021-07-17,2021-06-28,forecast,357
GB,3 wk ahead inc death,quantile,0.3,2021-07-17,2021-06-28,forecast,371
GB,3 wk ahead inc death,quantile,0.35,2021-07-17,2021-06-28,forecast,383
GB,3 wk ahead inc death,quantile,0.4,2021-07-17,2021-06-28,forecast,398
GB,3 wk ahead inc death,quantile,0.45,2021-07-17,2021-06-28,forecast,410
GB,3 wk ahead inc death,quantile,0.5,2021-07-17,2021-06-28,forecast,422
GB,3 wk ahead inc death,quantile,0.55,2021-07-17,2021-06-28,forecast,435
GB,3 wk ahead inc death,quantile,0.6,2021-07-17,2021-06-28,forecast,450
GB,3 wk ahead inc death,quantile,0.65,2021-07-17,2021-06-28,forecast,465
GB,3 wk ahead inc death,quantile,0.7,2021-07-17,2021-06-28,forecast,482
GB,3 wk ahead inc death,quantile,0.75,2021-07-17,2021-06-28,forecast,505
GB,3 wk ahead inc death,quantile,0.8,2021-07-17,2021-06-28,forecast,525
GB,3 wk ahead inc death,quantile,0.85,2021-07-17,2021-06-28,forecast,552
GB,3 wk ahead inc death,quantile,0.9,2021-07-17,2021-06-28,forecast,590
GB,3 wk ahead inc death,quantile,0.95,2021-07-17,2021-06-28,forecast,656
GB,3 wk ahead inc death,quantile,0.975,2021-07-17,2021-06-28,forecast,716
GB,3 wk ahead inc death,quantile,0.99,2021-07-17,2021-06-28,forecast,804
GB,4 wk ahead inc case,point,,2021-07-24,2021-06-28,forecast,206275
GB,4 wk ahead inc case,quantile,0.01,2021-07-24,2021-06-28,forecast,104583
GB,4 wk ahead inc case,quantile,0.025,2021-07-24,2021-06-28,forecast,116841
GB,4 wk ahead inc case,quantile,0.05,2021-07-24,2021-06-28,forecast,127312
GB,4 wk ahead inc case,quantile,0.1,2021-07-24,2021-06-28,forecast,143105
GB,4 wk ahead inc case,quantile,0.15,2021-07-24,2021-06-28,forecast,152993
GB,4 wk ahead inc case,quantile,0.2,2021-07-24,2021-06-28,forecast,161935
GB,4 wk ahead inc case,quantile,0.25,2021-07-24,2021-06-28,forecast,170754
GB,4 wk ahead inc case,quantile,0.3,2021-07-24,2021-06-28,forecast,178143
GB,4 wk ahead inc case,quantile,0.35,2021-07-24,2021-06-28,forecast,185616
GB,4 wk ahead inc case,quantile,0.4,2021-07-24,2021-06-28,forecast,192169
GB,4 wk ahead inc case,quantile,0.45,2021-07-24,2021-06-28,forecast,197735
GB,4 wk ahead inc case,quantile,0.5,2021-07-24,2021-06-28,forecast,206275
GB,4 wk ahead inc case,quantile,0.55,2021-07-24,2021-06-28,forecast,213956
GB,4 wk ahead inc case,quantile,0.6,2021-07-24,2021-06-28,forecast,220502
GB,4 wk ahead inc case,quantile,0.65,2021-07-24,2021-06-28,forecast,228134
GB,4 wk ahead inc case,quantile,0.7,2021-07-24,2021-06-28,forecast,238093
GB,4 wk ahead inc case,quantile,0.75,2021-07-24,2021-06-28,forecast,245485
GB,4 wk ahead inc case,quantile,0.8,2021-07-24,2021-06-28,forecast,256789
GB,4 wk ahead inc case,quantile,0.85,2021-07-24,2021-06-28,forecast,267664
GB,4 wk ahead inc case,quantile,0.9,2021-07-24,2021-06-28,forecast,287981
GB,4 wk ahead inc case,quantile,0.95,2021-07-24,2021-06-28,forecast,316851
GB,4 wk ahead inc case,quantile,0.975,2021-07-24,2021-06-28,forecast,347717
GB,4 wk ahead inc case,quantile,0.99,2021-07-24,2021-06-28,forecast,374585
GB,4 wk ahead inc death,point,,2021-07-24,2021-06-28,forecast,571
GB,4 wk ahead inc death,quantile,0.01,2021-07-24,2021-06-28,forecast,296
GB,4 wk ahead inc death,quantile,0.025,2021-07-24,2021-06-28,forecast,332
GB,4 wk ahead inc death,quantile,0.05,2021-07-24,2021-06-28,forecast,361
GB,4 wk ahead inc death,quantile,0.1,2021-07-24,2021-06-28,forecast,403
GB,4 wk ahead inc death,quantile,0.15,2021-07-24,2021-06-28,forecast,436
GB,4 wk ahead inc death,quantile,0.2,2021-07-24,2021-06-28,forecast,461
GB,4 wk ahead inc death,quantile,0.25,2021-07-24,2021-06-28,forecast,484
GB,4 wk ahead inc death,quantile,0.3,2021-07-24,2021-06-28,forecast,503
GB,4 wk ahead inc death,quantile,0.35,2021-07-24,2021-06-28,forecast,518
GB,4 wk ahead inc death,quantile,0.4,2021-07-24,2021-06-28,forecast,534
GB,4 wk ahead inc death,quantile,0.45,2021-07-24,2021-06-28,forecast,552
GB,4 wk ahead inc death,quantile,0.5,2021-07-24,2021-06-28,forecast,571
GB,4 wk ahead inc death,quantile,0.55,2021-07-24,2021-06-28,forecast,590
GB,4 wk ahead inc death,quantile,0.6,2021-07-24,2021-06-28,forecast,612
GB,4 wk ahead inc death,quantile,0.65,2021-07-24,2021-06-28,forecast,636
GB,4 wk ahead inc death,quantile,0.7,2021-07-24,2021-06-28,forecast,655
GB,4 wk ahead inc death,quantile,0.75,2021-07-24,2021-06-28,forecast,689
GB,4 wk ahead inc death,quantile,0.8,2021-07-24,2021-06-28,forecast,713
GB,4 wk ahead inc death,quantile,0.85,2021-07-24,2021-06-28,forecast,751
GB,4 wk ahead inc death,quantile,0.9,2021-07-24,2021-06-28,forecast,808
GB,4 wk ahead inc death,quantile,0.95,2021-07-24,2021-06-28,forecast,909
GB,4 wk ahead inc death,quantile,0.975,2021-07-24,2021-06-28,forecast,980
GB,4 wk ahead inc death,quantile,0.99,2021-07-24,2021-06-28,forecast,1088
PL,1 wk ahead inc case,point,,2021-07-03,2021-06-28,forecast,570
PL,1 wk ahead inc case,quantile,0.01,2021-07-03,2021-06-28,forecast,421
PL,1 wk ahead inc case,quantile,0.025,2021-07-03,2021-06-28,forecast,441
PL,1 wk ahead inc case,quantile,0.05,2021-07-03,2021-06-28,forecast,460
PL,1 wk ahead inc case,quantile,0.1,2021-07-03,2021-06-28,forecast,482
PL,1 wk ahead inc case,quantile,0.15,2021-07-03,2021-06-28,forecast,500
PL,1 wk ahead inc case,quantile,0.2,2021-07-03,2021-06-28,forecast,509
PL,1 wk ahead inc case,quantile,0.25,2021-07-03,2021-06-28,forecast,519
PL,1 wk ahead inc case,quantile,0.3,2021-07-03,2021-06-28,forecast,528
PL,1 wk ahead inc case,quantile,0.35,2021-07-03,2021-06-28,forecast,540
PL,1 wk ahead inc case,quantile,0.4,2021-07-03,2021-06-28,forecast,549
PL,1 wk ahead inc case,quantile,0.45,2021-07-03,2021-06-28,forecast,560
PL,1 wk ahead inc case,quantile,0.5,2021-07-03,2021-06-28,forecast,570
PL,1 wk ahead inc case,quantile,0.55,2021-07-03,2021-06-28,forecast,578
PL,1 wk ahead inc case,quantile,0.6,2021-07-03,2021-06-28,forecast,588
PL,1 wk ahead inc case,quantile,0.65,2021-07-03,2021-06-28,forecast,597
PL,1 wk ahead inc case,quantile,0.7,2021-07-03,2021-06-28,forecast,609
PL,1 wk ahead inc case,quantile,0.75,2021-07-03,2021-06-28,forecast,621
PL,1 wk ahead inc case,quantile,0.8,2021-07-03,2021-06-28,forecast,635
PL,1 wk ahead inc case,quantile,0.85,2021-07-03,2021-06-28,forecast,649
PL,1 wk ahead inc case,quantile,0.9,2021-07-03,2021-06-28,forecast,666
PL,1 wk ahead inc case,quantile,0.95,2021-07-03,2021-06-28,forecast,697
PL,1 wk ahead inc case,quantile,0.975,2021-07-03,2021-06-28,forecast,722
PL,1 wk ahead inc case,quantile,0.99,2021-07-03,2021-06-28,forecast,750
PL,1 wk ahead inc death,point,,2021-07-03,2021-06-28,forecast,75
PL,1 wk ahead inc death,quantile,0.01,2021-07-03,2021-06-28,forecast,41
PL,1 wk ahead inc death,quantile,0.025,2021-07-03,2021-06-28,forecast,46
PL,1 wk ahead inc death,quantile,0.05,2021-07-03,2021-06-28,forecast,50
PL,1 wk ahead inc death,quantile,0.1,2021-07-03,2021-06-28,forecast,55
PL,1 wk ahead inc death,quantile,0.15,2021-07-03,2021-06-28,forecast,58
PL,1 wk ahead inc death,quantile,0.2,2021-07-03,2021-06-28,forecast,61
PL,1 wk ahead inc death,quantile,0.25,2021-07-03,2021-06-28,forecast,64
PL,1 wk ahead inc death,quantile,0.3,2021-07-03,2021-06-28,forecast,67
PL,1 wk ahead inc death,quantile,0.35,2021-07-03,2021-06-28,forecast,68
PL,1 wk ahead inc death,quantile,0.4,2021-07-03,2021-06-28,forecast,70
PL,1 wk ahead inc death,quantile,0.45,2021-07-03,2021-06-28,forecast,73
PL,1 wk ahead inc death,quantile,0.5,2021-07-03,2021-06-28,forecast,75
PL,1 wk ahead inc death,quantile,0.55,2021-07-03,2021-06-28,forecast,77
PL,1 wk ahead inc death,quantile,0.6,2021-07-03,2021-06-28,forecast,79
PL,1 wk ahead inc death,quantile,0.65,2021-07-03,2021-06-28,forecast,82
PL,1 wk ahead inc death,quantile,0.7,2021-07-03,2021-06-28,forecast,84
PL,1 wk ahead inc death,quantile,0.75,2021-07-03,2021-06-28,forecast,86
PL,1 wk ahead inc death,quantile,0.8,2021-07-03,2021-06-28,forecast,90
PL,1 wk ahead inc death,quantile,0.85,2021-07-03,2021-06-28,forecast,94
PL,1 wk ahead inc death,quantile,0.9,2021-07-03,2021-06-28,forecast,98
PL,1 wk ahead inc death,quantile,0.95,2021-07-03,2021-06-28,forecast,107
PL,1 wk ahead inc death,quantile,0.975,2021-07-03,2021-06-28,forecast,116
PL,1 wk ahead inc death,quantile,0.99,2021-07-03,2021-06-28,forecast,127
PL,2 wk ahead inc case,point,,2021-07-10,2021-06-28,forecast,349
PL,2 wk ahead inc case,quantile,0.01,2021-07-10,2021-06-28,forecast,227
PL,2 wk ahead inc case,quantile,0.025,2021-07-10,2021-06-28,forecast,242
PL,2 wk ahead inc case,quantile,0.05,2021-07-10,2021-06-28,forecast,256
PL,2 wk ahead inc case,quantile,0.1,2021-07-10,2021-06-28,forecast,273
PL,2 wk ahead inc case,quantile,0.15,2021-07-10,2021-06-28,forecast,288
PL,2 wk ahead inc case,quantile,0.2,2021-07-10,2021-06-28,forecast,299
PL,2 wk ahead inc case,quantile,0.25,2021-07-10,2021-06-28,forecast,308
PL,2 wk ahead inc case,quantile,0.3,2021-07-10,2021-06-28,forecast,315
PL,2 wk ahead inc case,quantile,0.35,2021-07-10,2021-06-28,forecast,325
PL,2 wk ahead inc case,quantile,0.4,2021-07-10,2021-06-28,forecast,333
PL,2 wk ahead inc case,quantile,0.45,2021-07-10,2021-06-28,forecast,341
PL,2 wk ahead inc case,quantile,0.5,2021-07-10,2021-06-28,forecast,349
PL,2 wk ahead inc case,quantile,0.55,2021-07-10,2021-06-28,forecast,357
PL,2 wk ahead inc case,quantile,0.6,2021-07-10,2021-06-28,forecast,365
PL,2 wk ahead inc case,quantile,0.65,2021-07-10,2021-06-28,forecast,371
PL,2 wk ahead inc case,quantile,0.7,2021-07-10,2021-06-28,forecast,381
PL,2 wk ahead inc case,quantile,0.75,2021-07-10,2021-06-28,forecast,389
PL,2 wk ahead inc case,quantile,0.8,2021-07-10,2021-06-28,forecast,400
PL,2 wk ahead inc case,quantile,0.85,2021-07-10,2021-06-28,forecast,413
PL,2 wk ahead inc case,quantile,0.9,2021-07-10,2021-06-28,forecast,434
PL,2 wk ahead inc case,quantile,0.95,2021-07-10,2021-06-28,forecast,459
PL,2 wk ahead inc case,quantile,0.975,2021-07-10,2021-06-28,forecast,488
PL,2 wk ahead inc case,quantile,0.99,2021-07-10,2021-06-28,forecast,511
PL,2 wk ahead inc death,point,,2021-07-10,2021-06-28,forecast,48
PL,2 wk ahead inc death,quantile,0.01,2021-07-10,2021-06-28,forecast,25
PL,2 wk ahead inc death,quantile,0.025,2021-07-10,2021-06-28,forecast,27
PL,2 wk ahead inc death,quantile,0.05,2021-07-10,2021-06-28,forecast,30
PL,2 wk ahead inc death,quantile,0.1,2021-07-10,2021-06-28,forecast,33
PL,2 wk ahead inc death,quantile,0.15,2021-07-10,2021-06-28,forecast,36
PL,2 wk ahead inc death,quantile,0.2,2021-07-10,2021-06-28,forecast,37
PL,2 wk ahead inc death,quantile,0.25,2021-07-10,2021-06-28,forecast,39
PL,2 wk ahead inc death,quantile,0.3,2021-07-10,2021-06-28,forecast,40
PL,2 wk ahead inc death,quantile,0.35,2021-07-10,2021-06-28,forecast,42
PL,2 wk ahead inc death,quantile,0.4,2021-07-10,2021-06-28,forecast,44
PL,2 wk ahead inc death,quantile,0.45,2021-07-10,2021-06-28,forecast,46
PL,2 wk ahead inc death,quantile,0.5,2021-07-10,2021-06-28,forecast,48
PL,2 wk ahead inc death,quantile,0.55,2021-07-10,2021-06-28,forecast,49
PL,2 wk ahead inc death,quantile,0.6,2021-07-10,2021-06-28,forecast,51
PL,2 wk ahead inc death,quantile,0.65,2021-07-10,2021-06-28,forecast,53
PL,2 wk ahead inc death,quantile,0.7,2021-07-10,2021-06-28,forecast,54
PL,2 wk ahead inc death,quantile,0.75,2021-07-10,2021-06-28,forecast,56
PL,2 wk ahead inc death,quantile,0.8,2021-07-10,2021-06-28,forecast,58
PL,2 wk ahead inc death,quantile,0.85,2021-07-10,2021-06-28,forecast,60
PL,2 wk ahead inc death,quantile,0.9,2021-07-10,2021-06-28,forecast,64
PL,2 wk ahead inc death,quantile,0.95,2021-07-10,2021-06-28,forecast,71
PL,2 wk ahead inc death,quantile,0.975,2021-07-10,2021-06-28,forecast,78
PL,2 wk ahead inc death,quantile,0.99,2021-07-10,2021-06-28,forecast,85
PL,3 wk ahead inc case,point,,2021-07-17,2021-06-28,forecast,211
PL,3 wk ahead inc case,quantile,0.01,2021-07-17,2021-06-28,forecast,117
PL,3 wk ahead inc case,quantile,0.025,2021-07-17,2021-06-28,forecast,129
PL,3 wk ahead inc case,quantile,0.05,2021-07-17,2021-06-28,forecast,140
PL,3 wk ahead inc case,quantile,0.1,2021-07-17,2021-06-28,forecast,154
PL,3 wk ahead inc case,quantile,0.15,2021-07-17,2021-06-28,forecast,163
PL,3 wk ahead inc case,quantile,0.2,2021-07-17,2021-06-28,forecast,171
PL,3 wk ahead inc case,quantile,0.25,2021-07-17,2021-06-28,forecast,179
PL,3 wk ahead inc case,quantile,0.3,2021-07-17,2021-06-28,forecast,184
PL,3 wk ahead inc case,quantile,0.35,2021-07-17,2021-06-28,forecast,192
PL,3 wk ahead inc case,quantile,0.4,2021-07-17,2021-06-28,forecast,199
PL,3 wk ahead inc case,quantile,0.45,2021-07-17,2021-06-28,forecast,204
PL,3 wk ahead inc case,quantile,0.5,2021-07-17,2021-06-28,forecast,211
PL,3 wk ahead inc case,quantile,0.55,2021-07-17,2021-06-28,forecast,217
PL,3 wk ahead inc case,quantile,0.6,2021-07-17,2021-06-28,forecast,224
PL,3 wk ahead inc case,quantile,0.65,2021-07-17,2021-06-28,forecast,232
PL,3 wk ahead inc case,quantile,0.7,2021-07-17,2021-06-28,forecast,243
PL,3 wk ahead inc case,quantile,0.75,2021-07-17,2021-06-28,forecast,250
PL,3 wk ahead inc case,quantile,0.8,2021-07-17,2021-06-28,forecast,259
PL,3 wk ahead inc case,quantile,0.85,2021-07-17,2021-06-28,forecast,276
PL,3 wk ahead inc case,quantile,0.9,2021-07-17,2021-06-28,forecast,290
PL,3 wk ahead inc case,quantile,0.95,2021-07-17,2021-06-28,forecast,313
PL,3 wk ahead inc case,quantile,0.975,2021-07-17,2021-06-28,forecast,336
PL,3 wk ahead inc case,quantile,0.99,2021-07-17,2021-06-28,forecast,358
PL,3 wk ahead inc death,point,,2021-07-17,2021-06-28,forecast,29
PL,3 wk ahead inc death,quantile,0.01,2021-07-17,2021-06-28,forecast,14
PL,3 wk ahead inc death,quantile,0.025,2021-07-17,2021-06-28,forecast,16
PL,3 wk ahead inc death,quantile,0.05,2021-07-17,2021-06-28,forecast,18
PL,3 wk ahead inc death,quantile,0.1,2021-07-17,2021-06-28,forecast,20
PL,3 wk ahead inc death,quantile,0.15,2021-07-17,2021-06-28,forecast,22
PL,3 wk ahead inc death,quantile,0.2,2021-07-17,2021-06-28,forecast,23
PL,3 wk ahead inc death,quantile,0.25,2021-07-17,2021-06-28,forecast,24
PL,3 wk ahead inc death,quantile,0.3,2021-07-17,2021-06-28,forecast,26
PL,3 wk ahead inc death,quantile,0.35,2021-07-17,2021-06-28,forecast,27
PL,3 wk ahead inc death,quantile,0.4,2021-07-17,2021-06-28,forecast,28
PL,3 wk ahead inc death,quantile,0.45,2021-07-17,2021-06-28,forecast,29
PL,3 wk ahead inc death,quantile,0.5,2021-07-17,2021-06-28,forecast,29
PL,3 wk ahead inc death,quantile,0.55,2021-07-17,2021-06-28,forecast,31
PL,3 wk ahead inc death,quantile,0.6,2021-07-17,2021-06-28,forecast,32
PL,3 wk ahead inc death,quantile,0.65,2021-07-17,2021-06-28,forecast,32
PL,3 wk ahead inc death,quantile,0.7,2021-07-17,2021-06-28,forecast,34
PL,3 wk ahead inc death,quantile,0.75,2021-07-17,2021-06-28,forecast,36
PL,3 wk ahead inc death,quantile,0.8,2021-07-17,2021-06-28,forecast,37
PL,3 wk ahead inc death,quantile,0.85,2021-07-17,2021-06-28,forecast,39
PL,3 wk ahead inc death,quantile,0.9,2021-07-17,2021-06-28,forecast,41
PL,3 wk ahead inc death,quantile,0.95,2021-07-17,2021-06-28,forecast,45
PL,3 wk ahead inc death,quantile,0.975,2021-07-17,2021-06-28,forecast,49
PL,3 wk ahead inc death,quantile,0.99,2021-07-17,2021-06-28,forecast,52
PL,4 wk ahead inc case,point,,2021-07-24,2021-06-28,forecast,129
PL,4 wk ahead inc case,quantile,0.01,2021-07-24,2021-06-28,forecast,56
PL,4 wk ahead inc case,quantile,0.025,2021-07-24,2021-06-28,forecast,63
PL,4 wk ahead inc case,quantile,0.05,2021-07-24,2021-06-28,forecast,71
PL,4 wk ahead inc case,quantile,0.1,2021-07-24,2021-06-28,forecast,81
PL,4 wk ahead inc case,quantile,0.15,2021-07-24,2021-06-28,forecast,90
PL,4 wk ahead inc case,quantile,0.2,2021-07-24,2021-06-28,forecast,96
PL,4 wk ahead inc case,quantile,0.25,2021-07-24,2021-06-28,forecast,102
PL,4 wk ahead inc case,quantile,0.3,2021-07-24,2021-06-28,forecast,109
PL,4 wk ahead inc case,quantile,0.35,2021-07-24,2021-06-28,forecast,114
PL,4 wk ahead inc case,quantile,0.4,2021-07-24,2021-06-28,forecast,120
PL,4 wk ahead inc case,quantile,0.45,2021-07-24,2021-06-28,forecast,125
PL,4 wk ahead inc case,quantile,0.5,2021-07-24,2021-06-28,forecast,129
PL,4 wk ahead inc case,quantile,0.55,2021-07-24,2021-06-28,forecast,136
PL,4 wk ahead inc case,quantile,0.6,2021-07-24,2021-06-28,forecast,142
PL,4 wk ahead inc case,quantile,0.65,2021-07-24,2021-06-28,forecast,147
PL,4 wk ahead inc case,quantile,0.7,2021-07-24,2021-06-28,forecast,153
PL,4 wk ahead inc case,quantile,0.75,2021-07-24,2021-06-28,forecast,162
PL,4 wk ahead inc case,quantile,0.8,2021-07-24,2021-06-28,forecast,170
PL,4 wk ahead inc case,quantile,0.85,2021-07-24,2021-06-28,forecast,181
PL,4 wk ahead inc case,quantile,0.9,2021-07-24,2021-06-28,forecast,197
PL,4 wk ahead inc case,quantile,0.95,2021-07-24,2021-06-28,forecast,219
PL,4 wk ahead inc case,quantile,0.975,2021-07-24,2021-06-28,forecast,243
PL,4 wk ahead inc case,quantile,0.99,2021-07-24,2021-06-28,forecast,261
PL,4 wk ahead inc death,point,,2021-07-24,2021-06-28,forecast,18
PL,4 wk ahead inc death,quantile,0.01,2021-07-24,2021-06-28,forecast,7
PL,4 wk ahead inc death,quantile,0.025,2021-07-24,2021-06-28,forecast,8
PL,4 wk ahead inc death,quantile,0.05,2021-07-24,2021-06-28,forecast,10
PL,4 wk ahead inc death,quantile,0.1,2021-07-24,2021-06-28,forecast,11
PL,4 wk ahead inc death,quantile,0.15,2021-07-24,2021-06-28,forecast,13
PL,4 wk ahead inc death,quantile,0.2,2021-07-24,2021-06-28,forecast,13
PL,4 wk ahead inc death,quantile,0.25,2021-07-24,2021-06-28,forecast,14
PL,4 wk ahead inc death,quantile,0.3,2021-07-24,2021-06-28,forecast,15
PL,4 wk ahead inc death,quantile,0.35,2021-07-24,2021-06-28,forecast,16
PL,4 wk ahead inc death,quantile,0.4,2021-07-24,2021-06-28,forecast,17
PL,4 wk ahead inc death,quantile,0.45,2021-07-24,2021-06-28,forecast,18
PL,4 wk ahead inc death,quantile,0.5,2021-07-24,2021-06-28,forecast,18
PL,4 wk ahead inc death,quantile,0.55,2021-07-24,2021-06-28,forecast,19
PL,4 wk ahead inc death,quantile,0.6,2021-07-24,2021-06-28,forecast,20
PL,4 wk ahead inc death,quantile,0.65,2021-07-24,2021-06-28,forecast,21
PL,4 wk ahead inc death,quantile,0.7,2021-07-24,2021-06-28,forecast,22
PL,4 wk ahead inc death,quantile,0.75,2021-07-24,2021-06-28,forecast,23
PL,4 wk ahead inc death,quantile,0.8,2021-07-24,2021-06-28,forecast,24
PL,4 wk ahead inc death,quantile,0.85,2021-07-24,2021-06-28,forecast,25
PL,4 wk ahead inc death,quantile,0.9,2021-07-24,2021-06-28,forecast,27
PL,4 wk ahead inc death,quantile,0.95,2021-07-24,2021-06-28,forecast,30
PL,4 wk ahead inc death,quantile,0.975,2021-07-24,2021-06-28,forecast,33
PL,4 wk ahead inc death,quantile,0.99,2021-07-24,2021-06-28,forecast,36
